Street1,Street2,Borough,Lat,Lon,Nodes
100th Street,3rd Avenue,Brooklyn,40.613681,-74.03536,42466144
100th Street,4th Avenue,Brooklyn,40.612842,-74.033655,42508257
100th Street,Fort Hamilton Parkway,Brooklyn,40.611958,-74.031867,42461110
101st Avenue,Drew Street,Brooklyn,40.679367,-73.863359,598763938
101st Avenue,Forbell Street,Brooklyn,40.679114,-73.864243,42460608
101st Avenue,Liberty Avenue,Brooklyn,40.679161,-73.864077,42460608/4566529822
101st Street,3rd Avenue,Brooklyn,40.613109,-74.035738,42466146
101st Street,4th Avenue,Brooklyn,40.612182,-74.034227,42521328/42521331
101st Street,Fort Hamilton Parkway,Brooklyn,40.611154,-74.032555,5379191830
101st Street,Jackson Court,Brooklyn,40.611445,-74.033135,42460762
101st Street,John Warren Avenue,Brooklyn,40.611154,-74.032555,5379191830
10th Avenue,16th Street,Brooklyn,40.659257,-73.978015,42516094
10th Avenue,17th Street,Brooklyn,40.65694,-73.98007,42489353
10th Avenue,18th Street,Brooklyn,40.656381,-73.980653,42496471
10th Avenue,19th Street,Brooklyn,40.655835,-73.981229,42469719
10th Avenue,20th Street,Brooklyn,40.65527,-73.981813,42501930
10th Avenue,38th Street,Brooklyn,40.645184,-73.992319,42483834
10th Avenue,39th Street,Brooklyn,40.644619,-73.992898,42526002
10th Avenue,40th Street,Brooklyn,40.64406,-73.993486,42519671
10th Avenue,41st Street,Brooklyn,40.643502,-73.994078,42526009
10th Avenue,42nd Street,Brooklyn,40.642943,-73.994648,42526018
10th Avenue,43rd Street,Brooklyn,40.642375,-73.995229,42517561
10th Avenue,44th Street,Brooklyn,40.641816,-73.995812,42526024
10th Avenue,45th Street,Brooklyn,40.641256,-73.996393,42506783
10th Avenue,46th Street,Brooklyn,40.640694,-73.996974,42480496
10th Avenue,47th Street,Brooklyn,40.640136,-73.997557,42519607
10th Avenue,48th Street,Brooklyn,40.639575,-73.998139,42492851
10th Avenue,49th Street,Brooklyn,40.639016,-73.998722,42466804
10th Avenue,50th Street,Brooklyn,40.638455,-73.999305,42526035
10th Avenue,51st Street,Brooklyn,40.637896,-73.999889,42473031
10th Avenue,52nd Street,Brooklyn,40.637337,-74.00047,42526037
10th Avenue,59th Street,Brooklyn,40.633415,-74.004553,2620907644
10th Avenue,60th Street,Brooklyn,40.632833,-74.005153,42526041
10th Avenue,61st Street,Brooklyn,40.632253,-74.005759,42484308
10th Avenue,62nd Street,Brooklyn,40.631694,-74.006339,42486098
10th Avenue,63rd Street,Brooklyn,40.631134,-74.006921,42525924
10th Avenue,64th Street,Brooklyn,40.630576,-74.007503,42519476
10th Avenue,65th Street,Brooklyn,40.629974,-74.008128,42524828
10th Avenue,66th Street,Brooklyn,40.629371,-74.008754,42501080
10th Avenue,67th Street,Brooklyn,40.628812,-74.009338,42474185
10th Avenue,68th Street,Brooklyn,40.628252,-74.009919,42504804
10th Avenue,70th Street,Brooklyn,40.627134,-74.011082,42485531
10th Avenue,71st Street,Brooklyn,40.626574,-74.011665,42513450
10th Avenue,72nd Street,Brooklyn,40.626016,-74.012245,42495382
10th Avenue,73rd Street,Brooklyn,40.625465,-74.012843,42482778
10th Avenue,74th Street,Brooklyn,40.624896,-74.013409,42525944
10th Avenue,76th Street,Brooklyn,40.623692,-74.014662,42477691
10th Avenue,77th Street,Brooklyn,40.623133,-74.015242,42485207
10th Avenue,78th Street,Brooklyn,40.622574,-74.015825,42525955
10th Avenue,79th Street,Brooklyn,40.622014,-74.016406,42517300
10th Avenue,80th Street,Brooklyn,40.621454,-74.016987,42494967
10th Avenue,81st Street,Brooklyn,40.620899,-74.01757,42521843
10th Avenue,82nd Street,Brooklyn,40.620336,-74.018152,42505994
10th Avenue,83rd Street,Brooklyn,40.619777,-74.018733,42492471
10th Avenue,84th Street,Brooklyn,40.619217,-74.019313,42525966
10th Avenue,85th Street,Brooklyn,40.618657,-74.019894,42514288
10th Avenue,86th Street,Brooklyn,40.618065,-74.02052,42487928
10th Avenue,Bay Ridge Avenue,Brooklyn,40.627693,-74.0105,42512951
10th Avenue,Bay Ridge Parkway,Brooklyn,40.624294,-74.014033,42509542
10th Avenue,Clinton Avenue,Brooklyn,40.69913,-73.969708,42500039
10th Avenue,Market Street,Brooklyn,40.699512,-73.969681,7835899108
10th Avenue,McDonald Avenue,Brooklyn,40.65527,-73.981813,42501930
10th Avenue,New Utrecht Avenue,Brooklyn,40.643301,-73.99426,42468078
10th Avenue,Ovington Avenue,Brooklyn,40.628162,-74.010014,42504853
10th Avenue,Paulding Street,Brooklyn,40.69913,-73.969708,42500039
10th Avenue,Prospect Avenue,Brooklyn,40.657479,-73.979513,42510750
10th Avenue,Prospect Park Southwest,Brooklyn,40.659855,-73.977502,1691133774
10th Avenue,Sherman Street,Brooklyn,40.658052,-73.979023,42519535
10th Avenue,Windsor Place,Brooklyn,40.658656,-73.978514,42525293
10th Street,2nd Avenue,Brooklyn,40.671992,-73.993891,42496175
10th Street,3rd Avenue,Brooklyn,40.670861,-73.991522,42466186
10th Street,4th Avenue,Brooklyn,40.669754,-73.989212,42521137/1372888835
10th Street,5th Avenue,Brooklyn,40.668578,-73.9868,42465298
10th Street,6th Avenue,Brooklyn,40.667437,-73.984438,42477292
10th Street,7th Avenue,Brooklyn,40.666295,-73.982078,42487586
10th Street,8th Avenue,Brooklyn,40.665155,-73.97972,42521762
10th Street,Prospect Park West,Brooklyn,40.664012,-73.977357,42476123
11th Avenue,16th Street,Brooklyn,40.658116,-73.975652,42516097
11th Avenue,17th Street,Brooklyn,40.65561,-73.977869,42489357
11th Avenue,18th Street,Brooklyn,40.65502,-73.978446,42496475
11th Avenue,19th Street,Brooklyn,40.654465,-73.97908,42469724
11th Avenue,46th Street,Brooklyn,40.639372,-73.994791,42480500
11th Avenue,47th Street,Brooklyn,40.638813,-73.99536,42519598
11th Avenue,48th Street,Brooklyn,40.638246,-73.995942,42492855
11th Avenue,49th Street,Brooklyn,40.637699,-73.996523,42466807
11th Avenue,50th Street,Brooklyn,40.637126,-73.997103,42526699
11th Avenue,51st Street,Brooklyn,40.636566,-73.997686,42473035
11th Avenue,52nd Street,Brooklyn,40.636006,-73.998265,42533655
11th Avenue,53rd Street,Brooklyn,40.635458,-73.998854,42525468
11th Avenue,54th Street,Brooklyn,40.634885,-73.999434,42533669
11th Avenue,55th Street,Brooklyn,40.634326,-74.000016,42517366
11th Avenue,56th Street,Brooklyn,40.633775,-74.000603,42490252
11th Avenue,57th Street,Brooklyn,40.63321,-74.001178,42533678
11th Avenue,58th Street,Brooklyn,40.632653,-74.001767,42521610
11th Avenue,59th Street,Brooklyn,40.632083,-74.002348,2620907643
11th Avenue,60th Street,Brooklyn,40.631503,-74.002951,42533686
11th Avenue,61st Street,Brooklyn,40.630923,-74.003554,42484311
11th Avenue,62nd Street,Brooklyn,40.630364,-74.004137,42486101
11th Avenue,63rd Street,Brooklyn,40.629804,-74.004718,42531500
11th Avenue,64th Street,Brooklyn,40.629246,-74.005298,42519477
11th Avenue,65th Street,Brooklyn,40.628644,-74.005926,42524831
11th Avenue,66th Street,Brooklyn,40.62804,-74.006554,42501084
11th Avenue,67th Street,Brooklyn,40.627481,-74.007136,42474195
11th Avenue,70th Street,Brooklyn,40.625802,-74.008879,42485534
11th Avenue,71st Street,Brooklyn,40.625243,-74.009462,42513453
11th Avenue,72nd Street,Brooklyn,40.624686,-74.010042,42495386
11th Avenue,73rd Street,Brooklyn,40.624126,-74.010624,42482781
11th Avenue,74th Street,Brooklyn,40.623566,-74.011206,42526611
11th Avenue,76th Street,Brooklyn,40.622362,-74.012459,42477695
11th Avenue,77th Street,Brooklyn,40.621803,-74.01304,42485210
11th Avenue,78th Street,Brooklyn,40.621244,-74.013622,42533719
11th Avenue,79th Street,Brooklyn,40.620685,-74.014203,42517307
11th Avenue,80th Street,Brooklyn,40.620125,-74.014784,42494970
11th Avenue,81st Street,Brooklyn,40.619564,-74.015367,42521846
11th Avenue,82nd Street,Brooklyn,40.619005,-74.01595,42505998
11th Avenue,83rd Street,Brooklyn,40.618447,-74.016529,42492475
11th Avenue,84th Street,Brooklyn,40.6179,-74.017117,42533730
11th Avenue,85th Street,Brooklyn,40.617339,-74.017698,42514290
11th Avenue,86th Street,Brooklyn,40.61672,-74.018318,42487932
11th Avenue,Bay Ridge Avenue,Brooklyn,40.626361,-74.008299,42512954
11th Avenue,Bay Ridge Parkway,Brooklyn,40.622965,-74.011832,42509545
11th Avenue,New Utrecht Avenue,Brooklyn,40.639816,-73.994347,42464655
11th Avenue,Ovington Avenue,Brooklyn,40.626809,-74.007834,42504858
11th Avenue,Prospect Avenue,Brooklyn,40.65615,-73.977308,42510753
11th Avenue,Prospect Park Southwest,Brooklyn,40.658718,-73.975151,1691133771
11th Avenue,Sherman Street,Brooklyn,40.656911,-73.976657,42519536
11th Avenue,Terrace Place,Brooklyn,40.654465,-73.97908,42469724
11th Avenue,Windsor Place,Brooklyn,40.657514,-73.976154,42525296
11th Street,2nd Avenue,Brooklyn,40.671399,-73.994386,8132470015
11th Street,3rd Avenue,Brooklyn,40.670257,-73.992024,42466184
11th Street,4th Avenue,Brooklyn,40.669145,-73.989719,42496954/1372888623
11th Street,5th Avenue,Brooklyn,40.667975,-73.9873,42465301
11th Street,6th Avenue,Brooklyn,40.666834,-73.984943,42477295
11th Street,7th Avenue,Brooklyn,40.665693,-73.982581,42487588
11th Street,8th Avenue,Brooklyn,40.664552,-73.980222,42496959
11th Street,Prospect Park West,Brooklyn,40.663413,-73.977855,42476130
11th Street,Prospect Park West Bike Path,Brooklyn,40.663382,-73.977789,4482113708
12th Avenue,36th Street,Brooklyn,40.643571,-73.986725,42460214
12th Avenue,37th Street,Brooklyn,40.643075,-73.987325,42460215
12th Avenue,38th Street,Brooklyn,40.642517,-73.98791,42460216
12th Avenue,39th Street,Brooklyn,40.641956,-73.988494,42460217
12th Avenue,40th Street,Brooklyn,40.641396,-73.989077,42460218
12th Avenue,41st Street,Brooklyn,40.640836,-73.989662,42460220
12th Avenue,42nd Street,Brooklyn,40.640275,-73.990244,42460221
12th Avenue,43rd Street,Brooklyn,40.639717,-73.990823,42460222
12th Avenue,44th Street,Brooklyn,40.639156,-73.991408,42460223
12th Avenue,45th Street,Brooklyn,40.638602,-73.991981,42460224
12th Avenue,46th Street,Brooklyn,40.638034,-73.992572,42460225
12th Avenue,47th Street,Brooklyn,40.637476,-73.993153,42460226
12th Avenue,48th Street,Brooklyn,40.636914,-73.993738,42460227
12th Avenue,49th Street,Brooklyn,40.636358,-73.994314,42460228
12th Avenue,50th Street,Brooklyn,40.635789,-73.994892,42460231
12th Avenue,51st Street,Brooklyn,40.635233,-73.995485,42460232
12th Avenue,52nd Street,Brooklyn,40.634673,-73.996067,42460233
12th Avenue,53rd Street,Brooklyn,40.634115,-73.99665,42460234
12th Avenue,54th Street,Brooklyn,40.633556,-73.997231,42460235
12th Avenue,55th Street,Brooklyn,40.632996,-73.997813,42460236
12th Avenue,56th Street,Brooklyn,40.632435,-73.998397,42460239
12th Avenue,57th Street,Brooklyn,40.631873,-73.99898,42460243
12th Avenue,58th Street,Brooklyn,40.631315,-73.999561,42460247
12th Avenue,59th Street,Brooklyn,40.630753,-74.000146,2620907642
12th Avenue,60th Street,Brooklyn,40.630175,-74.000748,42460255
12th Avenue,61st Street,Brooklyn,40.629598,-74.001349,42460263
12th Avenue,62nd Street,Brooklyn,40.629033,-74.001931,42460274
12th Avenue,63rd Street,Brooklyn,40.628475,-74.002515,42460281
12th Avenue,64th Street,Brooklyn,40.627916,-74.003099,42460284
12th Avenue,65th Street,Brooklyn,40.627312,-74.003723,42460288
12th Avenue,66th Street,Brooklyn,40.626711,-74.00435,42460291
12th Avenue,67th Street,Brooklyn,40.626151,-74.004932,42460294
12th Avenue,70th Street,Brooklyn,40.624473,-74.006678,42460309
12th Avenue,71st Street,Brooklyn,40.623915,-74.00726,42460312
12th Avenue,72nd Street,Brooklyn,40.623355,-74.007839,42460316
12th Avenue,73rd Street,Brooklyn,40.622796,-74.008422,42460318
12th Avenue,74th Street,Brooklyn,40.622235,-74.009002,42460319
12th Avenue,76th Street,Brooklyn,40.621032,-74.010257,42460328
12th Avenue,77th Street,Brooklyn,40.620473,-74.010839,42460339
12th Avenue,78th Street,Brooklyn,40.619914,-74.01142,42460343
12th Avenue,79th Street,Brooklyn,40.619353,-74.012002,42460346
12th Avenue,80th Street,Brooklyn,40.618794,-74.012584,42460349
12th Avenue,81st Street,Brooklyn,40.618236,-74.013164,42460353
12th Avenue,82nd Street,Brooklyn,40.617676,-74.013749,42460356
12th Avenue,83rd Street,Brooklyn,40.617118,-74.014327,42460360
12th Avenue,84th Street,Brooklyn,40.616558,-74.014909,42460366
12th Avenue,85th Street,Brooklyn,40.615998,-74.015488,42460370
12th Avenue,86th Street,Brooklyn,40.615394,-74.016126,42460374
12th Avenue,Bay Ridge Avenue,Brooklyn,40.625033,-74.006095,42460306
12th Avenue,Bay Ridge Parkway,Brooklyn,40.621634,-74.00963,42460320
12th Avenue,Chester Avenue,Brooklyn,40.644458,-73.984405,42460212
12th Avenue,Dahill Road,Brooklyn,40.645752,-73.981056,42460211
12th Avenue,New Utrecht Avenue,Brooklyn,40.635842,-73.994835,42460229
12th Avenue,Ovington Avenue,Brooklyn,40.625455,-74.005655,42460300
12th Avenue,Tabor Court,Brooklyn,40.628751,-74.002228,42460278
12th Street,2nd Avenue,Brooklyn,40.670792,-73.994894,42496182
12th Street,3rd Avenue,Brooklyn,40.669655,-73.992527,42466183
12th Street,4th Avenue,Brooklyn,40.668543,-73.990223,42521139/1372888591
12th Street,5th Avenue,Brooklyn,40.667373,-73.987804,42465305
12th Street,6th Avenue,Brooklyn,40.666233,-73.985445,42477300
12th Street,7th Avenue,Brooklyn,40.665092,-73.983085,42487591
12th Street,8th Avenue,Brooklyn,40.66395,-73.980724,42529874
12th Street,Hamilton Place,Brooklyn,40.671493,-73.996347,42517530
12th Street,Prospect Park West,Brooklyn,40.662805,-73.978362,42476132
13th Avenue,36th Street,Brooklyn,40.642266,-73.984583,42523953
13th Avenue,37th Street,Brooklyn,40.641746,-73.985126,42510218
13th Avenue,38th Street,Brooklyn,40.641185,-73.985709,42483837
13th Avenue,39th Street,Brooklyn,40.640625,-73.986292,42523965
13th Avenue,40th Street,Brooklyn,40.640069,-73.986876,42519677
13th Avenue,41st Street,Brooklyn,40.639505,-73.987455,42523971
13th Avenue,42nd Street,Brooklyn,40.638947,-73.988039,42523975
13th Avenue,43rd Street,Brooklyn,40.638385,-73.98862,42517570
13th Avenue,44th Street,Brooklyn,40.637824,-73.989206,42523985
13th Avenue,45th Street,Brooklyn,40.637264,-73.989789,42506793
13th Avenue,46th Street,Brooklyn,40.636705,-73.990373,42480505
13th Avenue,47th Street,Brooklyn,40.636145,-73.990956,42519587
13th Avenue,48th Street,Brooklyn,40.635583,-73.991539,42492862
13th Avenue,49th Street,Brooklyn,40.63503,-73.992116,42466812
13th Avenue,50th Street,Brooklyn,40.634467,-73.9927,42523999
13th Avenue,51st Street,Brooklyn,40.633912,-73.993279,42473043
13th Avenue,52nd Street,Brooklyn,40.633347,-73.993866,42524007
13th Avenue,53rd Street,Brooklyn,40.632785,-73.994451,42524015
13th Avenue,54th Street,Brooklyn,40.63223,-73.995034,42524024
13th Avenue,55th Street,Brooklyn,40.631667,-73.995617,42517374
13th Avenue,56th Street,Brooklyn,40.631106,-73.996195,42490258
13th Avenue,57th Street,Brooklyn,40.630547,-73.996779,42524040
13th Avenue,58th Street,Brooklyn,40.629986,-73.997359,42521613
13th Avenue,59th Street,Brooklyn,40.629423,-73.997944,2620907641
13th Avenue,60th Street,Brooklyn,40.628845,-73.998545,42524046
13th Avenue,61st Street,Brooklyn,40.628263,-73.999149,42484317
13th Avenue,62nd Street,Brooklyn,40.627702,-73.999731,42486106
13th Avenue,63rd Street,Brooklyn,40.627145,-74.000314,42524062
13th Avenue,64th Street,Brooklyn,40.626584,-74.000895,42519480
13th Avenue,65th Street,Brooklyn,40.625983,-74.001521,42524065
13th Avenue,66th Street,Brooklyn,40.62538,-74.002148,42501089
13th Avenue,67th Street,Brooklyn,40.624821,-74.00273,42474197
13th Avenue,70th Street,Brooklyn,40.623145,-74.004476,42485539
13th Avenue,71st Street,Brooklyn,40.622583,-74.005058,42513460
13th Avenue,72nd Street,Brooklyn,40.622024,-74.005637,42495389
13th Avenue,73rd Street,Brooklyn,40.621464,-74.006219,42482785
13th Avenue,74th Street,Brooklyn,40.620906,-74.006802,42524078
13th Avenue,76th Street,Brooklyn,40.6197,-74.008054,42477698
13th Avenue,77th Street,Brooklyn,40.619143,-74.008637,42485214
13th Avenue,78th Street,Brooklyn,40.618582,-74.009217,42524084
13th Avenue,79th Street,Brooklyn,40.618024,-74.0098,42517313
13th Avenue,80th Street,Brooklyn,40.617464,-74.010383,42494976
13th Avenue,81st Street,Brooklyn,40.616906,-74.010961,42521850
13th Avenue,82nd Street,Brooklyn,40.616345,-74.011543,42506002
13th Avenue,83rd Street,Brooklyn,40.615788,-74.012127,42492484
13th Avenue,84th Street,Brooklyn,40.615228,-74.012709,42524091
13th Avenue,85th Street,Brooklyn,40.614669,-74.013289,42514296
13th Avenue,86th Street,Brooklyn,40.614064,-74.013926,42487936
13th Avenue,Bay Ridge Avenue,Brooklyn,40.623701,-74.003892,42512964
13th Avenue,Bay Ridge Parkway,Brooklyn,40.620303,-74.007426,42509550
13th Avenue,New Utrecht Avenue,Brooklyn,40.631881,-73.995394,42468120
13th Avenue,Ovington Avenue,Brooklyn,40.624123,-74.003456,42504868
13th Avenue,Tabor Court,Brooklyn,40.627426,-74.000024,42495613
13th Street,2nd Avenue,Brooklyn,40.670195,-73.995392,42496186
13th Street,3rd Avenue,Brooklyn,40.66905,-73.993032,42466180
13th Street,4th Avenue,Brooklyn,40.667944,-73.990721,42510281/1372888900
13th Street,5th Avenue,Brooklyn,40.66677,-73.988307,42465309
13th Street,6th Avenue,Brooklyn,40.66563,-73.985948,42477302
13th Street,7th Avenue,Brooklyn,40.664489,-73.983586,42487594
13th Street,8th Avenue,Brooklyn,40.663347,-73.981225,42510299
13th Street,Hamilton Place,Brooklyn,40.670889,-73.996859,42510276
13th Street,Prospect Park West,Brooklyn,40.66221,-73.978858,42476135
14th Avenue,35th Street,Brooklyn,40.641524,-73.981729,42496904
14th Avenue,36th Street,Brooklyn,40.640976,-73.982337,42529797
14th Avenue,37th Street,Brooklyn,40.640416,-73.982921,42510225
14th Avenue,38th Street,Brooklyn,40.639857,-73.983502,42483842
14th Avenue,39th Street,Brooklyn,40.639297,-73.984088,42530050
14th Avenue,40th Street,Brooklyn,40.638735,-73.984672,42519680
14th Avenue,41st Street,Brooklyn,40.638175,-73.985252,42530054
14th Avenue,42nd Street,Brooklyn,40.637616,-73.985836,42527498
14th Avenue,43rd Street,Brooklyn,40.637056,-73.986419,42517573
14th Avenue,44th Street,Brooklyn,40.636496,-73.987002,42528701
14th Avenue,45th Street,Brooklyn,40.635937,-73.987585,42506799
14th Avenue,46th Street,Brooklyn,40.635374,-73.988167,42480508
14th Avenue,47th Street,Brooklyn,40.634816,-73.988751,42519583
14th Avenue,48th Street,Brooklyn,40.634258,-73.989333,42492865
14th Avenue,49th Street,Brooklyn,40.633699,-73.989913,42466815
14th Avenue,50th Street,Brooklyn,40.633137,-73.990497,42526708
14th Avenue,51st Street,Brooklyn,40.632574,-73.991081,42473045
14th Avenue,52nd Street,Brooklyn,40.632016,-73.991664,42530068
14th Avenue,53rd Street,Brooklyn,40.631456,-73.992246,42525473
14th Avenue,54th Street,Brooklyn,40.630898,-73.992828,42530073
14th Avenue,55th Street,Brooklyn,40.630336,-73.993413,42517380
14th Avenue,56th Street,Brooklyn,40.629776,-73.993995,42490268
14th Avenue,57th Street,Brooklyn,40.629216,-73.994578,42530076
14th Avenue,58th Street,Brooklyn,40.628656,-73.995161,42521616
14th Avenue,59th Street,Brooklyn,40.628094,-73.995743,2620907639
14th Avenue,60th Street,Brooklyn,40.627511,-73.996348,42530084
14th Avenue,61st Street,Brooklyn,40.626931,-73.996953,42484319
14th Avenue,62nd Street,Brooklyn,40.626377,-73.997536,42486109
14th Avenue,63rd Street,Brooklyn,40.625816,-73.998117,42530093
14th Avenue,64th Street,Brooklyn,40.625257,-73.998697,42519482
14th Avenue,65th Street,Brooklyn,40.624656,-73.999321,42524837
14th Avenue,66th Street,Brooklyn,40.624051,-73.999946,42501091
14th Avenue,67th Street,Brooklyn,40.62349,-74.00053,42474204
14th Avenue,70th Street,Brooklyn,40.621815,-74.002276,42485542
14th Avenue,71st Street,Brooklyn,40.621253,-74.002857,42513466
14th Avenue,72nd Street,Brooklyn,40.620696,-74.003436,42495391
14th Avenue,73rd Street,Brooklyn,40.620136,-74.004019,42482788
14th Avenue,74th Street,Brooklyn,40.619577,-74.004599,42526618
14th Avenue,76th Street,Brooklyn,40.618384,-74.005859,42477701
14th Avenue,77th Street,Brooklyn,40.617814,-74.006434,42485215
14th Avenue,78th Street,Brooklyn,40.617254,-74.007016,42530105
14th Avenue,79th Street,Brooklyn,40.616695,-74.007599,42517319
14th Avenue,80th Street,Brooklyn,40.616133,-74.008177,42494980
14th Avenue,81st Street,Brooklyn,40.615576,-74.008761,42521853
14th Avenue,82nd Street,Brooklyn,40.615015,-74.009341,42506007
14th Avenue,83rd Street,Brooklyn,40.614457,-74.009924,42492490
14th Avenue,84th Street,Brooklyn,40.613897,-74.010504,42530117
14th Avenue,85th Street,Brooklyn,40.613339,-74.011086,42514300
14th Avenue,86th Street,Brooklyn,40.612735,-74.011712,42487939
14th Avenue,Bath Avenue,Brooklyn,40.609357,-74.015224,42522525
14th Avenue,Bay Ridge Avenue,Brooklyn,40.622372,-74.001694,42512968
14th Avenue,Bay Ridge Parkway,Brooklyn,40.618973,-74.005227,42509554
14th Avenue,Benson Avenue,Brooklyn,40.611038,-74.013482,42491331
14th Avenue,Church Avenue,Brooklyn,40.642054,-73.981237,42497270
14th Avenue,Cropsey Avenue,Brooklyn,40.607698,-74.016977,42484822
14th Avenue,New Utrecht Avenue,Brooklyn,40.627192,-73.996689,4291790464
14th Avenue,Old New Utrecht Road,Brooklyn,40.640225,-73.983127,42488102
14th Avenue,Ovington Avenue,Brooklyn,40.622843,-74.001202,42504870
14th Avenue,Paulding Street,Brooklyn,40.699023,-73.967062,42522416
14th Avenue,Poly Place,Brooklyn,40.607698,-74.016977,42484822
14th Avenue,South Street,Brooklyn,40.69793,-73.967124,42464543
14th Avenue,Story Street,Brooklyn,40.642054,-73.981237,42497270
14th Street,2nd Avenue,Brooklyn,40.669593,-73.995895,42484058
14th Street,3rd Avenue,Brooklyn,40.668445,-73.993536,42466179
14th Street,4th Avenue,Brooklyn,40.667338,-73.991229,42484061/1372888701
14th Street,5th Avenue,Brooklyn,40.66617,-73.98881,42465312
14th Street,6th Avenue,Brooklyn,40.665028,-73.98645,42477305
14th Street,7th Avenue,Brooklyn,40.663886,-73.984089,42484069
14th Street,8th Avenue,Brooklyn,40.662744,-73.981728,42484070
14th Street,Hamilton Avenue,Brooklyn,40.670378,-73.997458,42478307
14th Street,Hamilton Place,Brooklyn,40.670378,-73.997458,42478307
14th Street,Prospect Park West,Brooklyn,40.661605,-73.979362,42476136
14th Street,Prospect Park West Bike Path,Brooklyn,40.661576,-73.979296,4482113709
151st Avenue,78th Street - Sapphire Street,Brooklyn,40.66706,-73.856454,598778524
151st Avenue,Stanley Avenue,Brooklyn,40.66706,-73.856454,598778524
155th Avenue,Fairfield Place,Brooklyn,40.66368,-73.856097,598778529
157th Avenue,75th Street,Brooklyn,40.66009,-73.857639,7884773201
15th Avenue,36th Street,Brooklyn,40.639644,-73.980141,42529802
15th Avenue,37th Street,Brooklyn,40.639088,-73.980718,42510230
15th Avenue,38th Street,Brooklyn,40.638531,-73.981311,42483847
15th Avenue,39th Street,Brooklyn,40.637965,-73.981886,42536031
15th Avenue,40th Street,Brooklyn,40.637406,-73.982466,42519683
15th Avenue,41st Street,Brooklyn,40.636846,-73.983052,42537574
15th Avenue,42nd Street,Brooklyn,40.636285,-73.983634,42527503
15th Avenue,43rd Street,Brooklyn,40.635726,-73.984218,42517576
15th Avenue,44th Street,Brooklyn,40.635168,-73.984801,42528705
15th Avenue,45th Street,Brooklyn,40.634614,-73.985382,42506803
15th Avenue,46th Street,Brooklyn,40.634047,-73.985964,42480510
15th Avenue,47th Street,Brooklyn,40.633487,-73.986548,42519579
15th Avenue,48th Street,Brooklyn,40.632927,-73.987132,42492868
15th Avenue,49th Street,Brooklyn,40.632368,-73.987711,42466818
15th Avenue,50th Street,Brooklyn,40.631804,-73.988296,42526711
15th Avenue,51st Street,Brooklyn,40.631247,-73.988879,42473049
15th Avenue,52nd Street,Brooklyn,40.630686,-73.989462,42535386
15th Avenue,53rd Street,Brooklyn,40.630127,-73.990045,42525476
15th Avenue,54th Street,Brooklyn,40.629616,-73.99058,42536598
15th Avenue,55th Street,Brooklyn,40.629006,-73.991212,42517383
15th Avenue,56th Street,Brooklyn,40.628446,-73.991794,42490273
15th Avenue,57th Street,Brooklyn,40.627884,-73.992378,42537594
15th Avenue,58th Street,Brooklyn,40.627326,-73.99296,42521622
15th Avenue,59th Street,Brooklyn,40.626765,-73.993542,2620907638
15th Avenue,60th Street,Brooklyn,40.626184,-73.994146,42534515
15th Avenue,61st Street,Brooklyn,40.62558,-73.99477,42484323/42484247
15th Avenue,62nd Street,Brooklyn,40.625043,-73.995332,42486113
15th Avenue,63rd Street,Brooklyn,40.62448,-73.995925,42531509
15th Avenue,64th Street,Brooklyn,40.623923,-73.996498,42519486
15th Avenue,65th Street,Brooklyn,40.623326,-73.997119,42524843
15th Avenue,66th Street,Brooklyn,40.622729,-73.997755,42501094
15th Avenue,67th Street,Brooklyn,40.622175,-73.998339,42474211
15th Avenue,70th Street,Brooklyn,40.620495,-74.000076,42485546
15th Avenue,71st Street,Brooklyn,40.619936,-74.000659,42513471
15th Avenue,72nd Street,Brooklyn,40.619377,-74.001239,42495395
15th Avenue,73rd Street,Brooklyn,40.618806,-74.001818,42482792
15th Avenue,74th Street,Brooklyn,40.618247,-74.002399,42526624
15th Avenue,76th Street,Brooklyn,40.617053,-74.003657,42477706
15th Avenue,77th Street,Brooklyn,40.616482,-74.004234,42485218
15th Avenue,78th Street,Brooklyn,40.615923,-74.004813,42536508
15th Avenue,79th Street,Brooklyn,40.615363,-74.005397,42517323
15th Avenue,80th Street,Brooklyn,40.614804,-74.005979,42494982
15th Avenue,81st Street,Brooklyn,40.614246,-74.00656,42521855
15th Avenue,82nd Street,Brooklyn,40.613685,-74.007142,42506010
15th Avenue,83rd Street,Brooklyn,40.613128,-74.007723,42492494
15th Avenue,84th Street,Brooklyn,40.612573,-74.008311,42534212
15th Avenue,85th Street,Brooklyn,40.612013,-74.008895,42514303
15th Avenue,86th Street,Brooklyn,40.611412,-74.00952,42487949
15th Avenue,Bath Avenue,Brooklyn,40.608042,-74.013026,42522529
15th Avenue,Bay Ridge Avenue,Brooklyn,40.621053,-73.999496,42512972
15th Avenue,Bay Ridge Parkway,Brooklyn,40.617645,-74.003025,42509560
15th Avenue,Benson Avenue,Brooklyn,40.609717,-74.011286,42491338
15th Avenue,Cropsey Avenue,Brooklyn,40.606434,-74.014703,42493674
15th Avenue,Dahill Road,Brooklyn,40.639686,-73.97991,42515319
15th Avenue,Independence Avenue,Brooklyn,40.604449,-74.01676,42495352/42495341
15th Avenue,New Utrecht Avenue,Brooklyn,40.622468,-73.99804,9090045052
15th Avenue,Ovington Avenue,Brooklyn,40.621576,-73.998953,42504872
15th Avenue,Shore Parkway,Brooklyn,40.6036,-74.017609,7156351899
15th Street,2nd Avenue,Brooklyn,40.668996,-73.996381,42496191
15th Street,3rd Avenue,Brooklyn,40.667853,-73.994029,42466172
15th Street,4th Avenue,Brooklyn,40.66674,-73.991723,1372888625/42521141
15th Street,5th Avenue,Brooklyn,40.665567,-73.989312,42465315
15th Street,6th Avenue,Brooklyn,40.664425,-73.986951,42477307
15th Street,7th Avenue,Brooklyn,40.663284,-73.984591,42487597
15th Street,8th Avenue,Brooklyn,40.662142,-73.982231,42536089
15th Street,Bartel Pritchard Square,Brooklyn,40.661175,-73.980132,4575701542
15th Street,Hamilton Avenue,Brooklyn,40.669124,-73.996637,598291139
16th Avenue,39th Street,Brooklyn,40.636639,-73.979681,42490774
16th Avenue,40th Street,Brooklyn,40.636076,-73.980266,42490775
16th Avenue,41st Street,Brooklyn,40.635516,-73.98085,42490777
16th Avenue,42nd Street,Brooklyn,40.634955,-73.981432,42490781
16th Avenue,43rd Street,Brooklyn,40.634395,-73.982015,42490784
16th Avenue,44th Street,Brooklyn,40.633837,-73.982598,42490786
16th Avenue,45th Street,Brooklyn,40.633279,-73.983179,42490789
16th Avenue,46th Street,Brooklyn,40.632717,-73.983763,42480513
16th Avenue,47th Street,Brooklyn,40.632157,-73.984344,42490793
16th Avenue,48th Street,Brooklyn,40.631597,-73.984928,42490797
16th Avenue,49th Street,Brooklyn,40.631037,-73.98551,42466821
16th Avenue,50th Street,Brooklyn,40.630478,-73.986093,42490803
16th Avenue,51st Street,Brooklyn,40.629916,-73.986675,42473054
16th Avenue,52nd Street,Brooklyn,40.629355,-73.987259,42490807
16th Avenue,53rd Street,Brooklyn,40.628797,-73.987842,42490810
16th Avenue,54th Street,Brooklyn,40.628285,-73.988368,42490816
16th Avenue,55th Street,Brooklyn,40.627676,-73.989009,42490819
16th Avenue,56th Street,Brooklyn,40.627117,-73.989591,42490279
16th Avenue,57th Street,Brooklyn,40.626557,-73.990175,42490823
16th Avenue,58th Street,Brooklyn,40.625998,-73.990756,42490828
16th Avenue,59th Street,Brooklyn,40.625433,-73.99134,42477626
16th Avenue,60th Street,Brooklyn,40.624855,-73.991944,42490837
16th Avenue,61st Street,Brooklyn,40.624274,-73.99255,42484264
16th Avenue,62nd Street,Brooklyn,40.623715,-73.99313,42486119
16th Avenue,63rd Street,Brooklyn,40.623153,-73.993719,42490847
16th Avenue,64th Street,Brooklyn,40.622597,-73.994293,42490855
16th Avenue,65th Street,Brooklyn,40.621994,-73.99492,42490860
16th Avenue,66th Street,Brooklyn,40.621401,-73.99555,42490864
16th Avenue,67th Street,Brooklyn,40.620582,-73.996393,42474283
16th Avenue,68th Street,Brooklyn,40.620274,-73.996709,42490869
16th Avenue,70th Street,Brooklyn,40.619159,-73.997877,42485555
16th Avenue,71st Street,Brooklyn,40.618597,-73.99846,9092839976
16th Avenue,72nd Street,Brooklyn,40.618043,-73.999047,42490875
16th Avenue,73rd Street,Brooklyn,40.61748,-73.999628,42482796
16th Avenue,74th Street,Brooklyn,40.616916,-74.000197,42490876
16th Avenue,76th Street,Brooklyn,40.615711,-74.001449,42477710
16th Avenue,77th Street,Brooklyn,40.615153,-74.002031,42485222
16th Avenue,78th Street,Brooklyn,40.614594,-74.002614,42490880
16th Avenue,79th Street,Brooklyn,40.614046,-74.003203,42490881
16th Avenue,80th Street,Brooklyn,40.61349,-74.003783,1817770876
16th Avenue,81st Street,Brooklyn,40.612917,-74.004359,42490883
16th Avenue,82nd Street,Brooklyn,40.612367,-74.004946,42490884
16th Avenue,83rd Street,Brooklyn,40.611808,-74.005528,42490885
16th Avenue,84th Street,Brooklyn,40.611325,-74.006014,42490886
16th Avenue,85th Street,Brooklyn,40.610681,-74.006683,42490887
16th Avenue,86th Street,Brooklyn,40.610078,-74.00731,42487957
16th Avenue,Bath Avenue,Brooklyn,40.606701,-74.010823,42490889
16th Avenue,Bay Ridge Avenue,Brooklyn,40.619712,-73.997285,42490873
16th Avenue,Bay Ridge Parkway,Brooklyn,40.616314,-74.000824,42490878
16th Avenue,Benson Avenue,Brooklyn,40.608378,-74.009078,42490888
16th Avenue,Cropsey Avenue,Brooklyn,40.605216,-74.012373,42490890
16th Avenue,Dahill Road,Brooklyn,40.636932,-73.979386,42490772
16th Avenue,Independence Avenue,Brooklyn,40.603428,-74.01398,42490892
16th Avenue,New Utrecht Avenue,Brooklyn,40.617631,-73.999431,42468210
16th Avenue,Shore Parkway,Brooklyn,40.602813,-74.014521,42480335
16th Street,3rd Avenue,Brooklyn,40.667252,-73.994532,42465649
16th Street,4th Avenue,Brooklyn,40.666135,-73.992233,42516074/1372888627
16th Street,5th Avenue,Brooklyn,40.664963,-73.989815,42465318
16th Street,6th Avenue,Brooklyn,40.663823,-73.987453,42477309
16th Street,7th Avenue,Brooklyn,40.662681,-73.985094,42487599
16th Street,8th Avenue,Brooklyn,40.661539,-73.982732,42516089
16th Street,Center Drive,Brooklyn,40.657464,-73.974076,1691133730
16th Street,Hamilton Avenue,Brooklyn,40.668106,-73.995937,588152215
16th Street,Jackson Place,Brooklyn,40.663069,-73.985893,42516084
16th Street,Prospect Park Southwest,Brooklyn,40.657305,-73.974031,1691133730/4226083076
16th Street,Prospect Park West,Brooklyn,40.660397,-73.98037,42476050
16th Street,Webster Place,Brooklyn,40.663437,-73.986655,42516078
17th Avenue,17th Court,Brooklyn,40.602916,-74.010751,42501709
17th Avenue,42nd Street,Brooklyn,40.633475,-73.978986,42501555
17th Avenue,43rd Street,Brooklyn,40.632913,-73.979558,42501564
17th Avenue,44th Street,Brooklyn,40.632356,-73.980146,42501571
17th Avenue,45th Street,Brooklyn,40.631793,-73.980723,42501575
17th Avenue,46th Street,Brooklyn,40.631233,-73.981307,42480516
17th Avenue,47th Street,Brooklyn,40.630676,-73.981896,42501581
17th Avenue,48th Street,Brooklyn,40.630115,-73.982474,42488107
17th Avenue,49th Street,Brooklyn,40.629552,-73.983054,42466826
17th Avenue,50th Street,Brooklyn,40.628993,-73.983637,42501588
17th Avenue,51st Street,Brooklyn,40.628448,-73.984204,42473057
17th Avenue,52nd Street,Brooklyn,40.627872,-73.984804,42501596
17th Avenue,53rd Street,Brooklyn,40.627313,-73.985384,42501606
17th Avenue,54th Street,Brooklyn,40.626756,-73.985966,42501609
17th Avenue,55th Street,Brooklyn,40.626194,-73.986554,42501611
17th Avenue,56th Street,Brooklyn,40.625809,-73.986957,1350704522/42490286
17th Avenue,57th Street,Brooklyn,40.625071,-73.987719,42501614
17th Avenue,58th Street,Brooklyn,40.624514,-73.988302,42501617
17th Avenue,59th Street,Brooklyn,40.623957,-73.988882,42477630
17th Avenue,60th Street,Brooklyn,40.62337,-73.989488,42501622
17th Avenue,61st Street,Brooklyn,40.622789,-73.990094,42484265
17th Avenue,62nd Street,Brooklyn,40.622232,-73.990674,42486122
17th Avenue,63rd Street,Brooklyn,40.621672,-73.991256,42501628
17th Avenue,64th Street,Brooklyn,40.621111,-73.99184,42501631
17th Avenue,65th Street,Brooklyn,40.620509,-73.992466,42501633
17th Avenue,66th Street,Brooklyn,40.619909,-73.993093,42501099
17th Avenue,67th Street,Brooklyn,40.619156,-73.993877,42474297
17th Avenue,68th Street,Brooklyn,40.618789,-73.994254,42501635
17th Avenue,70th Street,Brooklyn,40.617673,-73.995418,42485568
17th Avenue,71st Street,Brooklyn,40.617112,-73.996002,42501640
17th Avenue,72nd Street,Brooklyn,40.616555,-73.996582,42495401
17th Avenue,73rd Street,Brooklyn,40.615995,-73.997166,42482802
17th Avenue,74th Street,Brooklyn,40.615436,-73.997746,42501642
17th Avenue,76th Street,Brooklyn,40.614228,-73.999,42477720
17th Avenue,77th Street,Brooklyn,40.61368,-73.999581,42485226
17th Avenue,78th Street,Brooklyn,40.613123,-74.000163,42501652
17th Avenue,79th Street,Brooklyn,40.612555,-74.000739,42501656
17th Avenue,80th Street,Brooklyn,40.612003,-74.001325,42494985
17th Avenue,81st Street,Brooklyn,40.611443,-74.001907,42501660
17th Avenue,82nd Street,Brooklyn,40.610878,-74.002488,42501666
17th Avenue,83rd Street,Brooklyn,40.610316,-74.003069,42492497
17th Avenue,84th Street,Brooklyn,40.609977,-74.003438,42501672
17th Avenue,85th Street,Brooklyn,40.609195,-74.004228,42501678
17th Avenue,86th Street,Brooklyn,40.608596,-74.004853,42487964
17th Avenue,Bath Avenue,Brooklyn,40.605217,-74.008369,42501700
17th Avenue,Bay Ridge Avenue,Brooklyn,40.618231,-73.994835,42501638
17th Avenue,Bay Ridge Parkway,Brooklyn,40.614832,-73.998374,42501645
17th Avenue,Benson Avenue,Brooklyn,40.606895,-74.006625,42491349
17th Avenue,Cropsey Avenue,Brooklyn,40.603861,-74.00978,42493702
17th Avenue,Dahill Road,Brooklyn,40.633671,-73.97877,42501553
17th Avenue,New Utrecht Avenue,Brooklyn,40.612388,-74.000911,42468234
17th Avenue,Rutherford Place,Brooklyn,40.606404,-74.007135,42501693
17th Court,Bay 16th Street,Brooklyn,40.60247,-74.010017,42472026
17th Street,3rd Avenue,Brooklyn,40.666126,-73.995286,598290960/42465657
17th Street,4th Avenue,Brooklyn,40.664955,-73.993346,42489364/1372888790
17th Street,5th Avenue,Brooklyn,40.66359,-73.991089,42465328
17th Street,6th Avenue,Brooklyn,40.66226,-73.988883,42477317
17th Street,7th Avenue,Brooklyn,40.66093,-73.986682,42487608
17th Street,8th Avenue,Brooklyn,40.659598,-73.98448,42489349
17th Street,Calder Place,Brooklyn,40.661602,-73.98774,42489348
17th Street,Prospect Park West,Brooklyn,40.658271,-73.982275,42476062
17th Street,Terrace Place,Brooklyn,40.655114,-73.977077,42489360
18th Avenue,45th Street,Brooklyn,40.630284,-73.978157,42506810
18th Avenue,46th Street,Brooklyn,40.629864,-73.97905,42480520
18th Avenue,47th Street,Brooklyn,40.629451,-73.979862,42512284
18th Avenue,48th Street,Brooklyn,40.628881,-73.980431,42492877
18th Avenue,49th Street,Brooklyn,40.62831,-73.980999,42466834
18th Avenue,50th Street,Brooklyn,40.627739,-73.981566,42512290
18th Avenue,51st Street,Brooklyn,40.627171,-73.982132,42473065
18th Avenue,52nd Street,Brooklyn,40.6266,-73.9827,42512292
18th Avenue,53rd Street,Brooklyn,40.626128,-73.983172,11390932165/1350704494
18th Avenue,54th Street,Brooklyn,40.625463,-73.983831,42512298
18th Avenue,55th Street,Brooklyn,40.624893,-73.984401,42512305
18th Avenue,56th Street,Brooklyn,40.624323,-73.984962,42490294
18th Avenue,57th Street,Brooklyn,40.623758,-73.98553,42512310
18th Avenue,58th Street,Brooklyn,40.623183,-73.986101,42512318
18th Avenue,59th Street,Brooklyn,40.622615,-73.986667,42477632
18th Avenue,60th Street,Brooklyn,40.622022,-73.987257,42512322
18th Avenue,61st Street,Brooklyn,40.621435,-73.987851,42484267
18th Avenue,62nd Street,Brooklyn,40.620872,-73.98842,42486125
18th Avenue,63rd Street,Brooklyn,40.620308,-73.98899,42512326
18th Avenue,64th Street,Brooklyn,40.619738,-73.989566,42512330
18th Avenue,65th Street,Brooklyn,40.619131,-73.990182,42512332
18th Avenue,66th Street,Brooklyn,40.618523,-73.990795,42501103
18th Avenue,67th Street,Brooklyn,40.617891,-73.991444,11228277617/42474301
18th Avenue,68th Street,Brooklyn,40.617396,-73.991942,42512336
18th Avenue,70th Street,Brooklyn,40.616267,-73.993081,42485579
18th Avenue,71st Street,Brooklyn,40.615703,-73.993659,42512343
18th Avenue,72nd Street,Brooklyn,40.615131,-73.994223,42495404
18th Avenue,73rd Street,Brooklyn,40.614562,-73.994797,42482807
18th Avenue,74th Street,Brooklyn,40.613996,-73.99537,42512348
18th Avenue,76th Street,Brooklyn,40.612793,-73.996602,42477725
18th Avenue,77th Street,Brooklyn,40.612223,-73.997176,42485229
18th Avenue,78th Street,Brooklyn,40.61166,-73.997745,42512354
18th Avenue,79th Street,Brooklyn,40.611094,-73.998317,42512357
18th Avenue,80th Street,Brooklyn,40.610529,-73.998886,42494989
18th Avenue,81st Street,Brooklyn,40.609964,-73.999454,42512362
18th Avenue,82nd Street,Brooklyn,40.609391,-74.000033,42506028
18th Avenue,83rd Street,Brooklyn,40.608872,-74.000659,42492502
18th Avenue,84th Street,Brooklyn,40.608497,-74.001122,42512369/42512373
18th Avenue,85th Street,Brooklyn,40.607819,-74.001951,42512375
18th Avenue,86th Street,Brooklyn,40.607269,-74.002653,42487972
18th Avenue,Bath Avenue,Brooklyn,40.603897,-74.006172,42512380
18th Avenue,Bay Ridge Avenue,Brooklyn,40.616833,-73.99251,42512339
18th Avenue,Bay Ridge Parkway,Brooklyn,40.613397,-73.995979,42509571
18th Avenue,Benson Avenue,Brooklyn,40.605322,-74.00468,42491353/42491314
18th Avenue,Coney Island Avenue,Brooklyn,40.635237,-73.96764,42475851
18th Avenue,Cropsey Avenue,Brooklyn,40.602654,-74.007463,42493715
18th Avenue,Dahill Road,Brooklyn,40.630284,-73.978157,42506810
18th Avenue,Ditmas Avenue,Brooklyn,40.635237,-73.96764,42475851
18th Avenue,East 2nd Street,Brooklyn,40.631275,-73.976048,42495242
18th Avenue,East 3rd Street,Brooklyn,40.631688,-73.975171,42512280
18th Avenue,East 4th Street,Brooklyn,40.63209,-73.974319,42498772
18th Avenue,East 5th Street,Brooklyn,40.632621,-73.973196,42512277
18th Avenue,East 7th Street,Brooklyn,40.63372,-73.970876,42485401
18th Avenue,East 8th Street,Brooklyn,40.634197,-73.96988,42512276
18th Avenue,East 9th Street,Brooklyn,40.634608,-73.968999,42512275
18th Avenue,McDonald Avenue,Brooklyn,40.630747,-73.977165,42501956
18th Avenue,New Utrecht Avenue,Brooklyn,40.608007,-74.001724,42468249
18th Avenue,Ocean Parkway,Brooklyn,40.633111,-73.972159,42508585/42508662/42508759
18th Avenue,Ocean Parkway Bike Path,Brooklyn,40.633033,-73.972323,454381226
18th Avenue,Rutherford Place,Brooklyn,40.605075,-74.004934,42491314
18th Avenue,Seton Place,Brooklyn,40.631275,-73.976048,42495242
18th Avenue,Shore Parkway,Brooklyn,40.600777,-74.009407,42480356
18th Street,3rd Avenue,Brooklyn,40.665603,-73.995941,598291035/42465660
18th Street,4th Avenue,Brooklyn,40.664392,-73.993932,42496451/1372888807
18th Street,5th Avenue,Brooklyn,40.663028,-73.991673,42465332
18th Street,6th Avenue,Brooklyn,40.661699,-73.98947,42477322
18th Street,7th Avenue,Brooklyn,40.660378,-73.987255,542648433/42487611/1942054884
18th Street,8th Avenue,Brooklyn,40.659031,-73.985074,42496466
18th Street,Hamilton Avenue,Brooklyn,40.665902,-73.996421,42465846
18th Street,Prospect Park West,Brooklyn,40.657713,-73.982855,42476068
18th Street,Seeley Street,Brooklyn,40.654078,-73.977596,42480979
18th Street,Terrace Place,Brooklyn,40.654747,-73.978039,42496478
18th Street,Vanderbilt Street,Brooklyn,40.653226,-73.976977,42496484
19th Avenue,19th Lane,Brooklyn,40.599978,-74.006645,42476478
19th Avenue,48th Street,Brooklyn,40.627458,-73.978074,42488538
19th Avenue,50th Street,Brooklyn,40.626334,-73.979232,42488549
19th Avenue,51st Street,Brooklyn,40.625774,-73.979818,42472998
19th Avenue,52nd Street,Brooklyn,40.625211,-73.980397,42488556
19th Avenue,53rd Street,Brooklyn,40.624653,-73.980985,42488561
19th Avenue,54th Street,Brooklyn,40.624095,-73.981566,42488566
19th Avenue,55th Street,Brooklyn,40.623533,-73.982144,42488571
19th Avenue,58th Street,Brooklyn,40.621854,-73.9839,42488579
19th Avenue,59th Street,Brooklyn,40.621294,-73.984484,2862088741
19th Avenue,60th Street,Brooklyn,40.620712,-73.985087,42488583
19th Avenue,61st Street,Brooklyn,40.620131,-73.985693,42484271
19th Avenue,62nd Street,Brooklyn,40.619567,-73.986275,42486128
19th Avenue,63rd Street,Brooklyn,40.619019,-73.986845,42488585
19th Avenue,64th Street,Brooklyn,40.618455,-73.987435,42488593
19th Avenue,65th Street,Brooklyn,40.617862,-73.988067,42488596
19th Avenue,66th Street,Brooklyn,40.617249,-73.988688,42488599
19th Avenue,67th Street,Brooklyn,40.616702,-73.98927,42474266
19th Avenue,68th Street,Brooklyn,40.61613,-73.989851,42488604
19th Avenue,70th Street,Brooklyn,40.615012,-73.991015,42485589
19th Avenue,71st Street,Brooklyn,40.614465,-73.9916,42488611
19th Avenue,72nd Street,Brooklyn,40.613894,-73.99218,42488615
19th Avenue,73rd Street,Brooklyn,40.61335,-73.992763,42482812
19th Avenue,74th Street,Brooklyn,40.612789,-73.993342,42488623
19th Avenue,76th Street,Brooklyn,40.611571,-73.994597,42477730
19th Avenue,77th Street,Brooklyn,40.61101,-73.995177,42485232
19th Avenue,78th Street,Brooklyn,40.610456,-73.995754,42488633
19th Avenue,79th Street,Brooklyn,40.609894,-73.996338,42488639
19th Avenue,82nd Street,Brooklyn,40.608216,-73.998086,42488662
19th Avenue,83rd Street,Brooklyn,40.607666,-73.998673,42488665
19th Avenue,84th Street,Brooklyn,40.607105,-73.999247,42488669
19th Avenue,85th Street,Brooklyn,40.606546,-73.999837,42488676
19th Avenue,86th Street,Brooklyn,40.605943,-74.000461,42487979
19th Avenue,Bath Avenue,Brooklyn,40.602668,-74.003854,42488685
19th Avenue,Bay Ridge Avenue,Brooklyn,40.615571,-73.990434,42488607
19th Avenue,Bay Ridge Parkway,Brooklyn,40.612179,-73.993967,42488626
19th Avenue,Benson Avenue,Brooklyn,40.603852,-74.002633,42488681
19th Avenue,Cropsey Avenue,Brooklyn,40.601432,-74.00514,42488688
19th Avenue,Dahill Road,Brooklyn,40.627822,-73.977689,42488534
19th Avenue,Parkville Avenue,Brooklyn,40.627972,-73.977489,42488532
19th Avenue,Shore Parkway,Brooklyn,40.599453,-74.007195,42480365
19th Lane,20th Drive,Brooklyn,40.599614,-74.004605,42476196
19th Street,3rd Avenue,Brooklyn,40.665058,-73.996549,42465849/42465661
19th Street,4th Avenue,Brooklyn,40.663831,-73.994515,1372888836/42469703
19th Street,5th Avenue,Brooklyn,40.662469,-73.992255,42465336
19th Street,6th Avenue,Brooklyn,40.661139,-73.990052,42469705
19th Street,7th Avenue,Brooklyn,40.659816,-73.98784,42469707
19th Street,8th Avenue,Brooklyn,40.658481,-73.985645,42469710
19th Street,Prospect Park West,Brooklyn,40.657151,-73.983442,42469715
19th Street,Seeley Street,Brooklyn,40.653667,-73.978653,42469811
19th Street,Terrace Place,Brooklyn,40.654465,-73.97908,42469724
19th Street,Vanderbilt Street,Brooklyn,40.652787,-73.978063,42469815
1st Avenue,39th Street,Brooklyn,40.656598,-74.01273,42506213
1st Avenue,40th Street,Brooklyn,40.655856,-74.0135,6100414641
1st Avenue,41st Street,Brooklyn,40.655473,-74.013898,42506218
1st Avenue,42nd Street,Brooklyn,40.654917,-74.014476,42506220
1st Avenue,43rd Street,Brooklyn,40.654362,-74.01505,42506224
1st Avenue,44th Street,Brooklyn,40.653793,-74.015638,42506228
1st Avenue,47th Street,Brooklyn,40.652105,-74.01738,42506231
1st Avenue,48th Street,Brooklyn,40.651547,-74.017967,42492887
1st Avenue,49th Street,Brooklyn,40.650989,-74.01855,42466772
1st Avenue,50th Street,Brooklyn,40.650422,-74.019133,6814984966
1st Avenue,51st Street,Brooklyn,40.649863,-74.019715,42473075
1st Avenue,52nd Street,Brooklyn,40.649306,-74.02029,42506244
1st Avenue,53rd Street,Brooklyn,40.648748,-74.020873,42506247
1st Avenue,54th Street,Brooklyn,40.648165,-74.021479,3580698793/42506253
1st Avenue,55th Street,Brooklyn,40.647629,-74.022034,42506259
1st Avenue,56th Street,Brooklyn,40.647064,-74.022622,4136067977
1st Avenue,57th Street,Brooklyn,40.646504,-74.023205,4136067975
1st Avenue,58th Street,Brooklyn,40.645903,-74.023827,42506266
1st Avenue,63rd Street,Brooklyn,40.643115,-74.026816,5354276365
1st Court,Coney Island Avenue,Brooklyn,40.60467,-73.961679,42489223
1st Court,East 9th Street,Brooklyn,40.604496,-73.963297,42517191
1st Division Avenue,Schum Avenue,Brooklyn,40.610866,-74.029793,42462957
1st Division Avenue,White Avenue,Brooklyn,40.610455,-74.028979,42462953
1st Place,Clinton Street,Brooklyn,40.680868,-73.998867,42502697
1st Place,Court Street,Brooklyn,40.680313,-73.996882,42497672
1st Place,Henry Street,Brooklyn,40.681424,-74.000713,42519264
1st Place,Smith Street,Brooklyn,40.679825,-73.995139,42492264
1st Place,Summit Street,Brooklyn,40.681424,-74.000713,42519264
1st Street,3rd Avenue,Brooklyn,40.676278,-73.987002,42466202
1st Street,4th Avenue,Brooklyn,40.675173,-73.984701,1372888696/42505901
1st Street,5th Avenue,Brooklyn,40.674001,-73.982279,42465273
1st Street,6th Avenue,Brooklyn,40.672858,-73.979917,42477256
1st Street,7th Avenue,Brooklyn,40.671715,-73.977558,42487570
1st Street,8th Avenue,Brooklyn,40.670576,-73.975196,42505910
1st Street,Bond Street,Brooklyn,40.678102,-73.990896,42466512
1st Street,Denton Place,Brooklyn,40.675569,-73.985527,42505895
1st Street,Hoyt Street,Brooklyn,40.678997,-73.992947,42505917
1st Street,Prospect Park West,Brooklyn,40.669433,-73.972837,42476088
1st Street,Prospect Park West Bike Path,Brooklyn,40.669397,-73.972761,1335094686
1st Street,Whitwell Place,Brooklyn,40.675908,-73.986232,42492148
20th Avenue,20th Drive,Brooklyn,40.599189,-74.003889,42476200
20th Avenue,20th Lane,Brooklyn,40.598647,-74.00445,42528001
20th Avenue,50th Street,Brooklyn,40.624946,-73.977122,42515358
20th Avenue,51st Street,Brooklyn,40.624442,-73.977616,42473002
20th Avenue,52nd Street,Brooklyn,40.623885,-73.978198,2350435585
20th Avenue,53rd Street,Brooklyn,40.623323,-73.978784,42525485
20th Avenue,54th Street,Brooklyn,40.622765,-73.979362,42527920
20th Avenue,57th Street,Brooklyn,40.621078,-73.981119,42527937
20th Avenue,58th Street,Brooklyn,40.620524,-73.981696,42521568
20th Avenue,59th Street,Brooklyn,40.619961,-73.982275,42477636
20th Avenue,60th Street,Brooklyn,40.619381,-73.982883,42527946
20th Avenue,61st Street,Brooklyn,40.6188,-73.983489,42484275
20th Avenue,62nd Street,Brooklyn,40.618249,-73.984075,42486131
20th Avenue,63rd Street,Brooklyn,40.617692,-73.984644,42527951
20th Avenue,64th Street,Brooklyn,40.617125,-73.985233,42519494
20th Avenue,65th Street,Brooklyn,40.616522,-73.98586,42524857
20th Avenue,66th Street,Brooklyn,40.615918,-73.986487,42501119
20th Avenue,67th Street,Brooklyn,40.615361,-73.987067,42474271
20th Avenue,68th Street,Brooklyn,40.6148,-73.987651,42527955
20th Avenue,70th Street,Brooklyn,40.613693,-73.988819,42485595
20th Avenue,71st Street,Brooklyn,40.613132,-73.989401,42513484
20th Avenue,72nd Street,Brooklyn,40.612571,-73.989982,42495415
20th Avenue,73rd Street,Brooklyn,40.612015,-73.99056,42482815
20th Avenue,74th Street,Brooklyn,40.611455,-73.991145,42526638
20th Avenue,77th Street,Brooklyn,40.609691,-73.992979,42485235
20th Avenue,78th Street,Brooklyn,40.609128,-73.993562,42527974
20th Avenue,79th Street,Brooklyn,40.608575,-73.994144,42517328
20th Avenue,80th Street,Brooklyn,40.608012,-73.994723,42494994
20th Avenue,81st Street,Brooklyn,40.607453,-73.995307,42521865
20th Avenue,82nd Street,Brooklyn,40.606895,-73.995885,42506032
20th Avenue,83rd Street,Brooklyn,40.606334,-73.99647,42492506
20th Avenue,84th Street,Brooklyn,40.605776,-73.997051,42527988
20th Avenue,85th Street,Brooklyn,40.60521,-73.99763,42514315
20th Avenue,86th Street,Brooklyn,40.604612,-73.99826,42487987
20th Avenue,Avenue I,Brooklyn,40.625988,-73.976261,42501976
20th Avenue,Bath Avenue,Brooklyn,40.601448,-74.001541,42522545
20th Avenue,Bay Ridge Avenue,Brooklyn,40.614241,-73.988234,42512979
20th Avenue,Bay Ridge Parkway,Brooklyn,40.610846,-73.991767,42509576
20th Avenue,Benson Avenue,Brooklyn,40.602762,-74.000171,42491322/42491254
20th Avenue,Cropsey Avenue,Brooklyn,40.600213,-74.002823,42493733
20th Avenue,Dahill Road,Brooklyn,40.624946,-73.977122,42515358
20th Avenue,McDonald Avenue,Brooklyn,40.625988,-73.976261,42501976
20th Avenue,Shore Parkway,Brooklyn,40.59813,-74.004992,42480369
20th Drive,Bay 22nd Street,Brooklyn,40.600091,-74.005324,42467250
20th Lane,21st Drive,Brooklyn,40.598282,-74.002389,42504017
20th Street,3rd Avenue,Brooklyn,40.664482,-73.9971,42465664/42465852
20th Street,4th Avenue,Brooklyn,40.66327,-73.995098,42521144/1372888826
20th Street,5th Avenue,Brooklyn,40.661909,-73.992838,42465340
20th Street,6th Avenue,Brooklyn,40.660579,-73.990635,42477334
20th Street,7th Avenue,Brooklyn,40.65925,-73.988428,42487613
20th Street,8th Avenue,Brooklyn,40.657924,-73.986225,42528786
20th Street,McDonald Avenue,Brooklyn,40.65527,-73.981813,42501930
20th Street,Prospect Park West,Brooklyn,40.656594,-73.984022,42476077
20th Street,Seeley Street,Brooklyn,40.653342,-73.97949,42480974
20th Street,Terrace Place,Brooklyn,40.654003,-73.979926,42498570
20th Street,Vanderbilt Street,Brooklyn,40.652463,-73.978897,42528796
21st Avenue,21st Drive,Brooklyn,40.59786,-74.0017,42504021
21st Avenue,53rd Street,Brooklyn,40.621995,-73.976566,42515367
21st Avenue,57th Street,Brooklyn,40.619755,-73.978911,42521657
21st Avenue,58th Street,Brooklyn,40.619195,-73.979495,42521570
21st Avenue,59th Street,Brooklyn,40.618631,-73.980075,42477640
21st Avenue,60th Street,Brooklyn,40.618053,-73.980682,42521667
21st Avenue,61st Street,Brooklyn,40.617471,-73.981286,42484279
21st Avenue,62nd Street,Brooklyn,40.616912,-73.981868,42486137
21st Avenue,63rd Street,Brooklyn,40.616362,-73.982454,42521675
21st Avenue,64th Street,Brooklyn,40.615798,-73.983037,42519501
21st Avenue,65th Street,Brooklyn,40.6152,-73.983664,42521686
21st Avenue,66th Street,Brooklyn,40.614592,-73.984294,42501122
21st Avenue,67th Street,Brooklyn,40.614039,-73.984867,42474273
21st Avenue,68th Street,Brooklyn,40.613482,-73.985452,42521697
21st Avenue,70th Street,Brooklyn,40.612365,-73.986614,42485600
21st Avenue,71st Street,Brooklyn,40.611802,-73.987196,42513487
21st Avenue,82nd Street,Brooklyn,40.605561,-73.993691,42506040
21st Avenue,83rd Street,Brooklyn,40.604996,-73.994265,42492509
21st Avenue,84th Street,Brooklyn,40.604443,-73.994853,42521732
21st Avenue,85th Street,Brooklyn,40.603877,-73.995429,42514318
21st Avenue,86th Street,Brooklyn,40.603279,-73.996061,42487996
21st Avenue,Bath Avenue,Brooklyn,40.600005,-73.999455,42521741
21st Avenue,Bay Ridge Avenue,Brooklyn,40.612921,-73.986032,42512982
21st Avenue,Bay Ridge Parkway,Brooklyn,40.609521,-73.989569,42509581
21st Avenue,Benson Avenue,Brooklyn,40.601587,-73.997821,42491259
21st Avenue,Cropsey Avenue,Brooklyn,40.598774,-74.000744,42493742
21st Avenue,Dahill Road,Brooklyn,40.621995,-73.976566,42515367
21st Avenue,Shore Parkway,Brooklyn,40.597044,-74.002654,1257470573
21st Drive,Bay 25th Street,Brooklyn,40.598771,-74.003074,42504016
21st Street,3rd Avenue,Brooklyn,40.663927,-73.997678,42465857/42465667
21st Street,4th Avenue,Brooklyn,40.662713,-73.995675,42476421/1372888614
21st Street,5th Avenue,Brooklyn,40.661349,-73.99342,42465343
21st Street,6th Avenue,Brooklyn,40.660021,-73.991222,42476426/9297290066
21st Street,7th Avenue,Brooklyn,40.658689,-73.989015,42476429
22nd Street,3rd Avenue,Brooklyn,40.663361,-73.998268,42463393/42463398
22nd Street,4th Avenue,Brooklyn,40.662152,-73.996262,1372888568/42521145
22nd Street,5th Avenue,Brooklyn,40.66079,-73.994004,42465349
22nd Street,6th Avenue,Brooklyn,40.659494,-73.991762,42477341
22nd Street,7th Avenue,Brooklyn,40.658134,-73.989593,42487617
23rd Avenue,59th Street,Brooklyn,40.615933,-73.975617,42477646
23rd Avenue,60th Street,Brooklyn,40.615359,-73.976223,42502118
23rd Avenue,61st Street,Brooklyn,40.614783,-73.976833,42484282
23rd Avenue,62nd Street,Brooklyn,40.614225,-73.977415,42486140
23rd Avenue,63rd Street,Brooklyn,40.613668,-73.977994,42502120
23rd Avenue,64th Street,Brooklyn,40.613105,-73.978578,42502122
23rd Avenue,65th Street,Brooklyn,40.612504,-73.979202,42502124
23rd Avenue,78th Street,Brooklyn,40.605115,-73.98685,42470929
23rd Avenue,79th Street,Brooklyn,40.60455,-73.987485,42502128
23rd Avenue,80th Street,Brooklyn,40.60399,-73.988061,7769112463
23rd Avenue,81st Street,Brooklyn,40.603422,-73.988644,7769112464
23rd Avenue,84th Street,Brooklyn,40.601749,-73.990386,7783585317
23rd Avenue,Bath Avenue,Brooklyn,40.597093,-73.995225,42502155
23rd Avenue,Benson Avenue,Brooklyn,40.598888,-73.993363,7770582316
23rd Avenue,Cropsey Avenue,Brooklyn,40.595653,-73.996746,7770582324/42493756
23rd Avenue,Dahill Road,Brooklyn,40.616134,-73.975431,2513522352
23rd Avenue,Quentin Road,Brooklyn,40.605115,-73.98685,42470929
23rd Avenue,Stillwell Avenue,Brooklyn,40.605115,-73.98685,42470929
23rd Street,3rd Avenue,Brooklyn,40.662802,-73.998838,42465868/42465671
23rd Street,4th Avenue,Brooklyn,40.661593,-73.996843,1372888841/42521146
23rd Street,5th Avenue,Brooklyn,40.660228,-73.994588,42465356
23rd Street,6th Avenue,Brooklyn,40.658863,-73.992418,9370735624
23rd Street,7th Avenue,Brooklyn,40.657584,-73.990187,42487619
24th Avenue,60th Street,Brooklyn,40.614041,-73.973997,42472453
24th Avenue,62nd Street,Brooklyn,40.61289,-73.975214,42472457
24th Avenue,63rd Street,Brooklyn,40.612336,-73.975791,42472460
24th Avenue,64th Street,Brooklyn,40.611777,-73.976376,42472462
24th Avenue,65th Street,Brooklyn,40.611178,-73.977005,42472467
24th Avenue,84th Street,Brooklyn,40.600412,-73.988186,42472501
24th Avenue,Avenue N,Brooklyn,40.614041,-73.973997,42472453
24th Avenue,Avenue O,Brooklyn,40.611178,-73.977005,42472467
24th Avenue,Bath Avenue,Brooklyn,40.595661,-73.993134,42472516
24th Avenue,Benson Avenue,Brooklyn,40.597554,-73.991162,42472514
24th Avenue,Cropsey Avenue,Brooklyn,40.594249,-73.995056,42472473/4205909323/42472517/5743899446
24th Avenue,Dahill Road,Brooklyn,40.613198,-73.974885,42472456
24th Avenue,Harway Avenue,Brooklyn,40.59409,-73.994762,4205909323
24th Avenue,McDonald Avenue,Brooklyn,40.613919,-73.973974,42472453/3502256527
24th Avenue,Shore Parkway,Brooklyn,40.593355,-73.996588,3659036040
24th Avenue,Shore Parkway North,Brooklyn,40.593992,-73.996194,42472474
24th Avenue,Stillwell Avenue,Brooklyn,40.602146,-73.986291,42472486
24th Street,3rd Avenue,Brooklyn,40.662237,-73.999435,42465680/598300223
24th Street,4th Avenue,Brooklyn,40.66103,-73.997428,42493044/1372888679
24th Street,5th Avenue,Brooklyn,40.65967,-73.995166,42465362
24th Street,6th Avenue,Brooklyn,40.658337,-73.992964,42477351
25th Avenue,Bath Avenue,Brooklyn,40.594333,-73.990932,42484000
25th Avenue,Benson Avenue,Brooklyn,40.596223,-73.988964,42483997
25th Avenue,Cropsey Avenue,Brooklyn,40.592339,-73.993097,42484004/4205909318
25th Avenue,Harway Avenue,Brooklyn,40.592763,-73.992567,42484002
25th Avenue,Shore Parkway,Brooklyn,40.591602,-73.994741,42522933
25th Avenue,Shore Parkway North,Brooklyn,40.59192,-73.994004,42480290
25th Avenue,Stillwell Avenue,Brooklyn,40.59925,-73.985745,42483971
25th Street,3rd Avenue,Brooklyn,40.661678,-74.00001,42465871/42465687
25th Street,4th Avenue,Brooklyn,40.660469,-73.998012,42467192/1372888703
25th Street,5th Avenue,Brooklyn,40.659106,-73.995752,42465376
26th Avenue,Bath Avenue,Brooklyn,40.593002,-73.988731,42493322
26th Avenue,Benson Avenue,Brooklyn,40.594894,-73.986763,42491301
26th Avenue,Cropsey Avenue,Brooklyn,40.590392,-73.991536,42493330/4205909315
26th Avenue,Harway Avenue,Brooklyn,40.591432,-73.990364,42493326
26th Avenue,Shore Parkway,Brooklyn,40.589586,-73.993294,42493338
26th Avenue,Shore Parkway North,Brooklyn,40.589922,-73.992558,42480298
26th Avenue,Stillwell Avenue,Brooklyn,40.596398,-73.985201,42493318
26th Street,3rd Avenue,Brooklyn,40.661118,-74.00059,42465698/42465874
26th Street,4th Avenue,Brooklyn,40.65991,-73.998594,42521147/1372888670
26th Street,5th Avenue,Brooklyn,40.658545,-73.996334,42465382
27th Avenue,Bath Avenue,Brooklyn,40.591671,-73.986531,42469545
27th Avenue,Cropsey Avenue,Brooklyn,40.588475,-73.989976,4205909312/42469555
27th Avenue,Harway Avenue,Brooklyn,40.590102,-73.988162,42469547
27th Avenue,Mill Road,Brooklyn,40.588887,-73.989437,42469550
27th Avenue,Shore Parkway North,Brooklyn,40.587806,-73.991477,42463626
27th Avenue,Stillwell Avenue,Brooklyn,40.593475,-73.984624,42469540
27th Street,3rd Avenue,Brooklyn,40.660555,-74.001169,42465704/42465878
27th Street,4th Avenue,Brooklyn,40.65935,-73.999176,1372888866/42499902
27th Street,5th Avenue,Brooklyn,40.657985,-73.996917,42465385
28th Avenue,Bath Avenue,Brooklyn,40.590342,-73.984327,42480424
28th Avenue,Bay 48th Street,Brooklyn,40.586538,-73.988535,42469164
28th Avenue,Cropsey Avenue,Brooklyn,40.586552,-73.988446,42469164/4205909309
28th Avenue,Harway Avenue,Brooklyn,40.588772,-73.985961,42480428
28th Avenue,Stillwell Avenue,Brooklyn,40.590567,-73.984094,42480422
28th Street,2nd Avenue,Brooklyn,40.661462,-74.004076,2582687832
28th Street,3rd Avenue,Brooklyn,40.660036,-74.001794,42465881/42465710/2582687831
28th Street,4th Avenue,Brooklyn,40.658789,-73.99976,42472281/1372888860
28th Street,5th Avenue,Brooklyn,40.657424,-73.997502,42465392
29th Street,2nd Avenue,Brooklyn,40.660854,-74.004695,42480464/4226030791
29th Street,3rd Avenue,Brooklyn,40.659443,-74.002333,598308332/42465717
29th Street,4th Avenue,Brooklyn,40.65823,-74.000341,42480445/1372888774
29th Street,5th Avenue,Brooklyn,40.656863,-73.998086,42465399
2nd Avenue,30th Street,Brooklyn,40.66031,-74.005261,42496133
2nd Avenue,32nd Street,Brooklyn,40.659182,-74.006436,9924890061
2nd Avenue,33rd Street,Brooklyn,40.658619,-74.007023,42496120
2nd Avenue,34th Street,Brooklyn,40.658061,-74.007604,42496115
2nd Avenue,35th Street,Brooklyn,40.657508,-74.00818,42496110
2nd Avenue,36th Street,Brooklyn,40.656947,-74.008764,42496107
2nd Avenue,37th Street,Brooklyn,40.656366,-74.009369,42496102
2nd Avenue,39th Street,Brooklyn,40.655281,-74.010499,42496098
2nd Avenue,40th Street,Brooklyn,40.654706,-74.011099,42496095
2nd Avenue,41st Street,Brooklyn,40.65414,-74.01169,42496093
2nd Avenue,42nd Street,Brooklyn,40.653582,-74.012273,42496091
2nd Avenue,43rd Street,Brooklyn,40.653029,-74.012851,42496089
2nd Avenue,44th Street,Brooklyn,40.65246,-74.013434,42496088
2nd Avenue,45th Street,Brooklyn,40.651901,-74.014015,42496086
2nd Avenue,46th Street,Brooklyn,40.651342,-74.014597,42480470
2nd Avenue,47th Street,Brooklyn,40.650782,-74.015179,42496083
2nd Avenue,48th Street,Brooklyn,40.65022,-74.015763,42492888
2nd Avenue,49th Street,Brooklyn,40.649661,-74.016346,42466774
2nd Avenue,50th Street,Brooklyn,40.649102,-74.016926,42496078
2nd Avenue,51st Street,Brooklyn,40.64854,-74.017513,42473077
2nd Avenue,52nd Street,Brooklyn,40.647978,-74.018099,42496075
2nd Avenue,53rd Street,Brooklyn,40.647421,-74.018677,42496071
2nd Avenue,54th Street,Brooklyn,40.64686,-74.019262,42496066
2nd Avenue,55th Street,Brooklyn,40.646303,-74.019842,42496060
2nd Avenue,56th Street,Brooklyn,40.645739,-74.020427,42490236
2nd Avenue,57th Street,Brooklyn,40.645179,-74.021008,42496052
2nd Avenue,58th Street,Brooklyn,40.644605,-74.021606,42496046
2nd Avenue,59th Street,Brooklyn,40.64406,-74.022179,42477653
2nd Avenue,60th Street,Brooklyn,40.643482,-74.022786,42496038
2nd Avenue,61st Street,Brooklyn,40.642897,-74.02339,42484291
2nd Avenue,62nd Street,Brooklyn,40.642327,-74.02396,42486172
2nd Avenue,63rd Street,Brooklyn,40.641781,-74.02459,9344938361/6814984970
2nd Avenue,64th Street,Brooklyn,40.641214,-74.02511,42496025
2nd Avenue,65th Street,Brooklyn,40.640652,-74.025705,595939863
2nd Avenue,6th Street,Brooklyn,40.674411,-73.99187,42469888
2nd Avenue,7th Street,Brooklyn,40.673813,-73.992369,42478058
2nd Avenue,8th Street,Brooklyn,40.673213,-73.992875,42496169
2nd Avenue,9th Street,Brooklyn,40.672604,-73.993379,42496172
2nd Avenue,Hamilton Avenue,Brooklyn,40.668828,-73.996717,598291114/598291109
2nd Avenue,Ridge Boulevard,Brooklyn,40.639534,-74.026872,451664370
2nd Place,Clinton Street,Brooklyn,40.680051,-73.99926,42502701
2nd Place,Court Street,Brooklyn,40.679499,-73.997273,42497674
2nd Place,Henry Street,Brooklyn,40.680569,-74.001122,42519275
2nd Place,Smith Street,Brooklyn,40.679045,-73.995672,42492267
2nd Street,4th Avenue,Brooklyn,40.674571,-73.985204,1372888658/42488930
2nd Street,5th Avenue,Brooklyn,40.673399,-73.982781,42465276
2nd Street,6th Avenue,Brooklyn,40.672256,-73.980418,42477259
2nd Street,7th Avenue,Brooklyn,40.671112,-73.978061,42487573
2nd Street,8th Avenue,Brooklyn,40.669973,-73.975696,42488944
2nd Street,Bond Street,Brooklyn,40.67755,-73.99137,42466513
2nd Street,Chauncey Avenue,Brooklyn,40.700626,-73.978948,42478040
2nd Street,Dock Avenue,Brooklyn,40.701586,-73.977457,42488908
2nd Street,East Way,Brooklyn,40.701936,-73.976909,7707302644
2nd Street,Front Avenue,Brooklyn,40.702199,-73.976485,42488910
2nd Street,Hoyt Street,Brooklyn,40.678478,-73.993292,42488917
2nd Street,Morris Avenue,Brooklyn,40.701341,-73.977827,42488906
2nd Street,Prospect Park West,Brooklyn,40.66884,-73.973333,42476092
2nd Street,Prospect Park West Bike Path,Brooklyn,40.6688,-73.973252,1335094662
2nd Street,Smith Street,Brooklyn,40.679482,-73.995373,42488915
30th Street,3rd Avenue,Brooklyn,40.658878,-74.002923,42465728/42465889
30th Street,4th Avenue,Brooklyn,40.657672,-74.000922,42521149/1372888798
30th Street,5th Avenue,Brooklyn,40.656307,-73.998665,42465401
31st Street,3rd Avenue,Brooklyn,40.658316,-74.003508,42465893/42465734
31st Street,4th Avenue,Brooklyn,40.657109,-74.001507,42486915/1372888660
31st Street,5th Avenue,Brooklyn,40.655746,-73.999249,42465404
32nd Street,3rd Avenue,Brooklyn,40.657753,-74.004084,42465736/42465899
32nd Street,4th Avenue,Brooklyn,40.656548,-74.002091,42519962/1372888699
32nd Street,5th Avenue,Brooklyn,40.655185,-73.999833,42465408
33rd Street,3rd Avenue,Brooklyn,40.657199,-74.004667,42465737/42465906
33rd Street,4th Avenue,Brooklyn,40.655991,-74.00267,42521152/1372888695
33rd Street,5th Avenue,Brooklyn,40.654628,-74.000411,42465421
34th Street,3rd Avenue,Brooklyn,40.656642,-74.005259,42465738/42465908
34th Street,4th Avenue,Brooklyn,40.655429,-74.003255,1372888801/42521154
34th Street,5th Avenue,Brooklyn,40.654067,-74.000999,42465425
35th Street,3rd Avenue,Brooklyn,40.656081,-74.005837,42465740/42465911
35th Street,4th Avenue,Brooklyn,40.654872,-74.003834,42496914/1372888763
35th Street,Church Avenue,Brooklyn,40.641715,-73.982049,42496901
35th Street,Dahill Road,Brooklyn,40.64054,-73.980074,42496908
36th Street,3rd Avenue,Brooklyn,40.655526,-74.006425,42465915/42465743
36th Street,4th Avenue,Brooklyn,40.654311,-74.004418,1372888646/42521159
36th Street,5th Avenue,Brooklyn,40.652947,-74.002159,42465427
36th Street,7th Avenue,Brooklyn,40.650278,-73.997823,42487426
36th Street,Church Avenue,Brooklyn,40.641329,-73.982975,42497261
36th Street,Clara Street,Brooklyn,40.642576,-73.985086,42529793
36th Street,Fort Hamilton Parkway,Brooklyn,40.644581,-73.988333,42460870
36th Street,Louisa Street,Brooklyn,40.642088,-73.984295,42495081
36th Street,Minna Street,Brooklyn,40.644041,-73.987499,42490653
36th Street,Old New Utrecht Road,Brooklyn,40.6415,-73.98333,42488095
36th Street,Tehama Street,Brooklyn,40.643068,-73.985897,42516028
37th Street,3rd Avenue,Brooklyn,40.654958,-74.007016,42465746/42465917
37th Street,4th Avenue,Brooklyn,40.653747,-74.005004,42510240/1372888890
37th Street,5th Avenue,Brooklyn,40.652387,-74.002742,42465429
37th Street,7th Avenue,Brooklyn,40.649734,-73.998298,42487429
37th Street,9th Avenue,Brooklyn,40.647067,-73.993931,42473404
37th Street,Church Avenue,Brooklyn,40.64098,-73.983853,530286754
37th Street,Dahill Road,Brooklyn,40.638465,-73.979677,42510233
37th Street,Fort Hamilton Parkway,Brooklyn,40.64413,-73.989063,42460872
37th Street,Old New Utrecht Road,Brooklyn,40.640605,-73.983229,42488099
38th Street,3rd Avenue,Brooklyn,40.654423,-74.007567,598308148/42465750
38th Street,4th Avenue,Brooklyn,40.653182,-74.005592,42483860/1372888814
38th Street,5th Avenue,Brooklyn,40.651829,-74.003324,42465432
38th Street,Dahill Road,Brooklyn,40.637431,-73.979475,42483851
38th Street,Fort Hamilton Parkway,Brooklyn,40.643645,-73.989779,42460873
39th Street,3rd Avenue,Brooklyn,40.653845,-74.00818,42465920/42465758
39th Street,4th Avenue,Brooklyn,40.652628,-74.006169,42521168/1372888833
39th Street,5th Avenue,Brooklyn,40.651266,-74.003908,42465434
39th Street,6th Avenue,Brooklyn,40.649945,-74.001718,42477356
39th Street,7th Avenue,Brooklyn,40.648611,-73.999516,42487446
39th Street,8th Avenue,Brooklyn,40.647276,-73.997307,42536026
39th Street,9th Avenue,Brooklyn,40.645946,-73.995096,42473408
39th Street,Dahill Road,Brooklyn,40.636414,-73.979286,42515326
39th Street,Fort Hamilton Parkway,Brooklyn,40.643164,-73.990497,42460876
39th Street,New Utrecht Avenue,Brooklyn,40.645598,-73.994528,42468073
3rd Avenue,3rd Street,Brooklyn,40.675077,-73.988004,42466196
3rd Avenue,40th Street,Brooklyn,40.653289,-74.008762,42465761/42465921
3rd Avenue,41st Street,Brooklyn,40.652723,-74.00935,42465924/42465764
3rd Avenue,42nd Street,Brooklyn,40.65216,-74.009927,42465926/42465767
3rd Avenue,43rd Street,Brooklyn,40.651596,-74.01049,42465770/42465927
3rd Avenue,44th Street,Brooklyn,40.651042,-74.011087,42465929/42465774
3rd Avenue,45th Street,Brooklyn,40.650481,-74.011668,42465776/42465930
3rd Avenue,46th Street,Brooklyn,40.649921,-74.012246,42465779/42465933
3rd Avenue,47th Street,Brooklyn,40.649357,-74.012834,42465782/42465935
3rd Avenue,48th Street,Brooklyn,40.6488,-74.013415,42465936/42465783
3rd Avenue,49th Street,Brooklyn,40.64825,-74.014003,42465785/42465939
3rd Avenue,4th Avenue,Brooklyn,40.638294,-74.021171,1934649840/1372888825
3rd Avenue,50th Street,Brooklyn,40.647681,-74.014584,42465789/42465942
3rd Avenue,51st Street,Brooklyn,40.647115,-74.015159,42465793/42465943
3rd Avenue,52nd Street,Brooklyn,40.646558,-74.015755,42465945/42465794
3rd Avenue,53rd Street,Brooklyn,40.646,-74.016337,42465946/42465797
3rd Avenue,54th Street,Brooklyn,40.645438,-74.016906,42465948/42465799
3rd Avenue,55th Street,Brooklyn,40.644879,-74.017493,42465801/42465950
3rd Avenue,56th Street,Brooklyn,40.644319,-74.018072,42465952/42465804
3rd Avenue,57th Street,Brooklyn,40.643758,-74.018659,42465954/42465806
3rd Avenue,58th Street,Brooklyn,40.64319,-74.019235,42465956/42465807
3rd Avenue,59th Street,Brooklyn,40.642635,-74.019812,2620907653/42465958
3rd Avenue,60th Street,Brooklyn,40.642041,-74.020402,42465960/42465810/598322204
3rd Avenue,61st Street,Brooklyn,40.641465,-74.021021,42465963/42465814
3rd Avenue,62nd Street,Brooklyn,40.64084,-74.0215,598321747/42465964
3rd Avenue,67th Street,Brooklyn,40.637794,-74.025089,42465995
3rd Avenue,68th Street,Brooklyn,40.636566,-74.025706,42466008/42466005
3rd Avenue,6th Street,Brooklyn,40.67327,-73.989511,3672622918
3rd Avenue,71st Street,Brooklyn,40.634199,-74.026673,42466019
3rd Avenue,72nd Street,Brooklyn,40.633516,-74.026951,42466024
3rd Avenue,73rd Street,Brooklyn,40.632836,-74.02723,42466027
3rd Avenue,74th Street,Brooklyn,40.632151,-74.027513,42466030
3rd Avenue,76th Street,Brooklyn,40.630755,-74.028078,42466038
3rd Avenue,77th Street,Brooklyn,40.630023,-74.02838,42466040
3rd Avenue,78th Street,Brooklyn,40.629294,-74.028678,42466042
3rd Avenue,79th Street,Brooklyn,40.628564,-74.028976,42466045
3rd Avenue,7th Street,Brooklyn,40.672669,-73.990013,42466191
3rd Avenue,80th Street,Brooklyn,40.627831,-74.029276,42466049
3rd Avenue,81st Street,Brooklyn,40.627103,-74.029573,42466053
3rd Avenue,82nd Street,Brooklyn,40.626374,-74.029871,42466058
3rd Avenue,83rd Street,Brooklyn,40.625691,-74.03015,42466061
3rd Avenue,84th Street,Brooklyn,40.62501,-74.030427,42466064
3rd Avenue,85th Street,Brooklyn,40.624329,-74.030707,42466068
3rd Avenue,86th Street,Brooklyn,40.623466,-74.031059,42466071
3rd Avenue,87th Street,Brooklyn,40.622729,-74.03136,42466073
3rd Avenue,88th Street,Brooklyn,40.622049,-74.031639,42466077
3rd Avenue,89th Street,Brooklyn,40.621366,-74.031918,42466079
3rd Avenue,8th Street,Brooklyn,40.672066,-73.990517,42466189
3rd Avenue,90th Street,Brooklyn,40.620864,-74.032122,42466082/42466085
3rd Avenue,91st Street,Brooklyn,40.620183,-74.032401,42466089/42466087
3rd Avenue,92nd Street,Brooklyn,40.619451,-74.0327,42466092/42466094
3rd Avenue,93rd Street,Brooklyn,40.618723,-74.033008,42466096
3rd Avenue,94th Street,Brooklyn,40.617934,-74.033321,42466098
3rd Avenue,95th Street,Brooklyn,40.617232,-74.033605,42466100
3rd Avenue,96th Street,Brooklyn,40.61654,-74.033889,42466122
3rd Avenue,97th Street,Brooklyn,40.615859,-74.034168,42466130/42466126
3rd Avenue,99th Street,Brooklyn,40.614447,-74.034855,42466138/42466141
3rd Avenue,9th Street,Brooklyn,40.671458,-73.991023,42466188
3rd Avenue,Atlantic Avenue,Brooklyn,40.685324,-73.980702,42466290
3rd Avenue,Baltic Street,Brooklyn,40.681512,-73.983283,42466244
3rd Avenue,Bay Ridge Avenue,Brooklyn,40.635741,-74.026042,42466011
3rd Avenue,Bay Ridge Parkway,Brooklyn,40.631463,-74.027791,42466034
3rd Avenue,Bergen Street,Brooklyn,40.683424,-73.981989,42466266
3rd Avenue,Butler Street,Brooklyn,40.68088,-73.983711,42466239
3rd Avenue,Carroll Street,Brooklyn,40.677081,-73.986308,42466204
3rd Avenue,Dean Street,Brooklyn,40.684053,-73.981562,4733889768
3rd Avenue,Degraw Street,Brooklyn,40.679618,-73.984566,42466227
3rd Avenue,Douglass Street,Brooklyn,40.680246,-73.984139,42466234
3rd Avenue,Flatbush Avenue,Brooklyn,40.687002,-73.979586,4675855342
3rd Avenue,Lafayette Avenue,Brooklyn,40.686641,-73.979812,42466306
3rd Avenue,Leif Ericson Park Greenway,Brooklyn,40.638589,-74.024262,5863625307
3rd Avenue,Marine Avenue,Brooklyn,40.614958,-74.034535,42466132
3rd Avenue,Ovington Avenue,Brooklyn,40.634902,-74.026386,42466016
3rd Avenue,Pacific Street,Brooklyn,40.684689,-73.981133,42466282
3rd Avenue,President Street,Brooklyn,40.677705,-73.98586,42466209
3rd Avenue,Sackett Street,Brooklyn,40.678977,-73.984998,42466219
3rd Avenue,Schermerhorn Street,Brooklyn,40.686641,-73.979812,42466306
3rd Avenue,Senator Street,Brooklyn,40.637368,-74.025374,42466002/42465999
3rd Avenue,Shore Road,Brooklyn,40.612569,-74.036106,42466150
3rd Avenue,State Street,Brooklyn,40.685959,-73.980272,42466299
3rd Avenue,Union Street,Brooklyn,40.678344,-73.985429,42466214
3rd Avenue,Wakeman Place,Brooklyn,40.638121,-74.024761,42465991
3rd Avenue,Warren Street,Brooklyn,40.682149,-73.982855,42466249
3rd Avenue,Wyckoff Street,Brooklyn,40.682783,-73.982423,42466259
3rd Place,Clinton Street,Brooklyn,40.679232,-73.999654,42502705
3rd Place,Court Street,Brooklyn,40.678681,-73.997667,42497677
3rd Place,Henry Street,Brooklyn,40.679753,-74.001516,42514274
3rd Street,5th Avenue,Brooklyn,40.672796,-73.983283,42465279
3rd Street,7th Avenue,Brooklyn,40.670512,-73.97856,42475980
3rd Street,8th Avenue,Brooklyn,40.669372,-73.976201,42475983
3rd Street,Bond Street,Brooklyn,40.676946,-73.991872,6003645709
3rd Street,Chauncey Avenue,Brooklyn,40.699921,-73.978172,42475992
3rd Street,Dock Avenue,Brooklyn,40.700852,-73.976652,42476000
3rd Street,Hoyt Street,Brooklyn,40.677841,-73.993724,42475953
3rd Street,Morris Avenue,Brooklyn,40.700613,-73.977032,42475998
3rd Street,Perry Avenue,Brooklyn,40.699626,-73.978613,2406352161
3rd Street,Prospect Park West,Brooklyn,40.668234,-73.973839,42475986
3rd Street,Prospect Park West Bike Path,Brooklyn,40.668198,-73.973768,1335094708
3rd Street,Sands Street,Brooklyn,40.699626,-73.978613,2406352161
3rd Street,Smith Street,Brooklyn,40.678837,-73.995794,42475949
3rd Street,Warrington Avenue,Brooklyn,40.700139,-73.977797,42475993
3rd Street,West Drive,Brooklyn,40.668103,-73.972625,42481264/42481075
40th Street,4th Avenue,Brooklyn,40.652071,-74.006747,1372888545/42519662
40th Street,5th Avenue,Brooklyn,40.650706,-74.00449,42465437
40th Street,6th Avenue,Brooklyn,40.649381,-74.002294,42477357
40th Street,7th Avenue,Brooklyn,40.648051,-74.000091,42487449
40th Street,8th Avenue,Brooklyn,40.646723,-73.99789,42519668
40th Street,9th Avenue,Brooklyn,40.645395,-73.995675,42473410
40th Street,Dahill Road,Brooklyn,40.63544,-73.979112,42515328
40th Street,Ditmas Avenue,Brooklyn,40.63544,-73.979112,42515328
40th Street,Fort Hamilton Parkway,Brooklyn,40.642686,-73.991213,42460879
40th Street,New Utrecht Avenue,Brooklyn,40.644536,-73.994268,42468074
41st Street,4th Avenue,Brooklyn,40.651511,-74.00733,42521178/1372888637
41st Street,5th Avenue,Brooklyn,40.650155,-74.005078,42465438
41st Street,6th Avenue,Brooklyn,40.648821,-74.002866,42477362
41st Street,7th Avenue,Brooklyn,40.647492,-74.000673,42487453
41st Street,8th Avenue,Brooklyn,40.646162,-73.998467,42538223
41st Street,9th Avenue,Brooklyn,40.644827,-73.996266,42473412
41st Street,Dahill Road,Brooklyn,40.634354,-73.978903,42515331
41st Street,Fort Hamilton Parkway,Brooklyn,40.642205,-73.991929,42460882
41st Street,New Utrecht Avenue,Brooklyn,40.643604,-73.994249,42468075
42nd Street,4th Avenue,Brooklyn,40.650949,-74.007915,1372888594/42521183
42nd Street,5th Avenue,Brooklyn,40.649586,-74.005657,42465440
42nd Street,7th Avenue,Brooklyn,40.646931,-74.001259,42487457
42nd Street,8th Avenue,Brooklyn,40.645602,-73.999056,42527484
42nd Street,9th Avenue,Brooklyn,40.644266,-73.996844,42473413
42nd Street,Dahill Road,Brooklyn,40.633324,-73.978708,42515334
42nd Street,Fort Hamilton Parkway,Brooklyn,40.641728,-73.992644,42460886
42nd Street,New Utrecht Avenue,Brooklyn,40.642713,-73.994271,42468080
43rd Street,4th Avenue,Brooklyn,40.650388,-74.008498,1372888566/42517550
43rd Street,5th Avenue,Brooklyn,40.649022,-74.006241,42465442
43rd Street,7th Avenue,Brooklyn,40.646371,-74.001841,42487460
43rd Street,8th Avenue,Brooklyn,40.645042,-73.999635,42517557
43rd Street,9th Avenue,Brooklyn,40.643706,-73.997426,42473415
43rd Street,Bush Plaza,Brooklyn,40.654977,-74.01614,5914140895
43rd Street,Dahill Road,Brooklyn,40.6323,-73.978516,42515341
43rd Street,Fort Hamilton Parkway,Brooklyn,40.641248,-73.993363,42460889
43rd Street,New Utrecht Avenue,Brooklyn,40.641807,-73.99429,42468082
44th Street,4th Avenue,Brooklyn,40.649829,-74.009079,1372888820/42521189
44th Street,5th Avenue,Brooklyn,40.648465,-74.006824,42465444
44th Street,6th Avenue,Brooklyn,40.647133,-74.004624,42477073
44th Street,7th Avenue,Brooklyn,40.645814,-74.002423,42487463
44th Street,8th Avenue,Brooklyn,40.644482,-74.000218,42528695
44th Street,9th Avenue,Brooklyn,40.643147,-73.998011,42473418
44th Street,Dahill Road,Brooklyn,40.63125,-73.978306,42515345
44th Street,Fort Hamilton Parkway,Brooklyn,40.64077,-73.994077,42460893
44th Street,New Utrecht Avenue,Brooklyn,40.640913,-73.994311,42468086
45th Street,4th Avenue,Brooklyn,40.649269,-74.009661,42506772/1372888565
45th Street,5th Avenue,Brooklyn,40.647907,-74.007403,42465446
45th Street,6th Avenue,Brooklyn,40.646576,-74.005199,42477074
45th Street,7th Avenue,Brooklyn,40.645245,-74.002999,42487467
45th Street,8th Avenue,Brooklyn,40.643921,-74.000803,42506780
45th Street,9th Avenue,Brooklyn,40.642585,-73.998594,42473421
45th Street,Dahill Road,Brooklyn,40.630284,-73.978157,42506810
45th Street,Fort Hamilton Parkway,Brooklyn,40.640288,-73.994795,42460896
45th Street,New Utrecht Avenue,Brooklyn,40.640015,-73.994336,42464653
46th Street,4th Avenue,Brooklyn,40.64871,-74.010243,1372888780/42480476
46th Street,5th Avenue,Brooklyn,40.647344,-74.007988,42465449
46th Street,6th Avenue,Brooklyn,40.646017,-74.005783,42477077
46th Street,7th Avenue,Brooklyn,40.644689,-74.003581,42480487
46th Street,8th Avenue,Brooklyn,40.643359,-74.001385,42480491
46th Street,9th Avenue,Brooklyn,40.642026,-73.999176,42473431
46th Street,Fort Hamilton Parkway,Brooklyn,40.63981,-73.99551,42460897
46th Street,New Utrecht Avenue,Brooklyn,40.639154,-73.994426,42468096
47th Street,4th Avenue,Brooklyn,40.648149,-74.010826,1372888681/42519620
47th Street,5th Avenue,Brooklyn,40.646787,-74.008569,42465454
47th Street,6th Avenue,Brooklyn,40.645457,-74.006366,42477079
47th Street,7th Avenue,Brooklyn,40.644127,-74.004165,42487474
47th Street,8th Avenue,Brooklyn,40.642801,-74.001967,42519610
47th Street,9th Avenue,Brooklyn,40.641477,-73.999765,42473438
47th Street,Dahill Road,Brooklyn,40.628194,-73.977767,42515380
47th Street,Fort Hamilton Parkway,Brooklyn,40.639331,-73.996227,42460898
47th Street,Foster Avenue,Brooklyn,40.627606,-73.97656,42501969
47th Street,Lawrence Avenue,Brooklyn,40.628441,-73.978183,42514419
47th Street,McDonald Avenue,Brooklyn,40.62752,-73.976544,42501969/3502323631
47th Street,New Utrecht Avenue,Brooklyn,40.638308,-73.994536,42468099
47th Street,Parkville Avenue,Brooklyn,40.627972,-73.977489,42488532
47th Street,Webster Avenue,Brooklyn,40.628926,-73.978992,42486036
48th Street,4th Avenue,Brooklyn,40.64759,-74.011408,1372888550/42492838
48th Street,5th Avenue,Brooklyn,40.646227,-74.009153,42465457
48th Street,6th Avenue,Brooklyn,40.644898,-74.006951,42477081
48th Street,7th Avenue,Brooklyn,40.643567,-74.004747,42487477
48th Street,8th Avenue,Brooklyn,40.64224,-74.002552,42492845
48th Street,9th Avenue,Brooklyn,40.640917,-74.000345,42473442
48th Street,Fort Hamilton Parkway,Brooklyn,40.638853,-73.996942,42460901
48th Street,New Utrecht Avenue,Brooklyn,40.63746,-73.99464,42468102
48th Street,Old New Utrecht Road,Brooklyn,40.630043,-73.982354,11390793527
49th Street,4th Avenue,Brooklyn,40.64703,-74.011991,1372888754/42466786
49th Street,5th Avenue,Brooklyn,40.645667,-74.009736,42465459
49th Street,6th Avenue,Brooklyn,40.644339,-74.007535,42466792
49th Street,7th Avenue,Brooklyn,40.643006,-74.00533,42466796
49th Street,8th Avenue,Brooklyn,40.641681,-74.003132,42466799
49th Street,9th Avenue,Brooklyn,40.640361,-74.000927,42466801
49th Street,Fort Hamilton Parkway,Brooklyn,40.638374,-73.997658,42460906
49th Street,New Utrecht Avenue,Brooklyn,40.636611,-73.994732,11946657939
49th Street,Old New Utrecht Road,Brooklyn,40.629281,-73.982604,42466831
4th Avenue,50th Street,Brooklyn,40.646468,-74.012574,1372888725/42521198
4th Avenue,51st Street,Brooklyn,40.645908,-74.013158,1372888676/42473012
4th Avenue,52nd Street,Brooklyn,40.64535,-74.013738,42521203/1372888723
4th Avenue,53rd Street,Brooklyn,40.644787,-74.014324,1372888875/1372888611
4th Avenue,54th Street,Brooklyn,40.644228,-74.014904,42521208/1372888722
4th Avenue,55th Street,Brooklyn,40.643668,-74.015487,1372888728/42517353
4th Avenue,56th Street,Brooklyn,40.643108,-74.016069,42490248/1372888698
4th Avenue,57th Street,Brooklyn,40.642547,-74.016653,42521213/1372888734
4th Avenue,58th Street,Brooklyn,40.641986,-74.017237,42521214/1372888823
4th Avenue,59th Street,Brooklyn,40.641428,-74.017816,2620907651/2620907652
4th Avenue,5th Avenue,Brooklyn,40.615723,-74.031228,42465639
4th Avenue,60th Street,Brooklyn,40.640845,-74.018423,42521217/1372888721
4th Avenue,61st Street,Brooklyn,40.640263,-74.019028,42484296/1372888757
4th Avenue,62nd Street,Brooklyn,40.639705,-74.019608,1372888633/42486159
4th Avenue,63rd Street,Brooklyn,40.639145,-74.020191,1372888705/42521221
4th Avenue,64th Street,Brooklyn,40.638577,-74.020776,1372888760/42519511
4th Avenue,65th Street,Brooklyn,40.638164,-74.021204,42521223/1372888839/598322314/1934649840/1372888825/598321915
4th Avenue,66th Street,Brooklyn,40.637463,-74.02195,4026478043
4th Avenue,67th Street,Brooklyn,40.636884,-74.022544,42474242/4026478027
4th Avenue,68th Street,Brooklyn,40.635325,-74.023243,42521238
4th Avenue,6th Street,Brooklyn,40.672159,-73.987213,42469892/1372888629
4th Avenue,72nd Street,Brooklyn,40.632852,-74.02425,42495448
4th Avenue,73rd Street,Brooklyn,40.632159,-74.024528,42482762
4th Avenue,74th Street,Brooklyn,40.631509,-74.024802,42521246
4th Avenue,76th Street,Brooklyn,40.630126,-74.025367,42477666
4th Avenue,77th Street,Brooklyn,40.629378,-74.02566,42485203
4th Avenue,78th Street,Brooklyn,40.628648,-74.025966,42521265
4th Avenue,79th Street,Brooklyn,40.627924,-74.026261,11934188935
4th Avenue,7th Street,Brooklyn,40.671557,-73.987719,42478065/1372888607
4th Avenue,80th Street,Brooklyn,40.627193,-74.026567,42494950
4th Avenue,81st Street,Brooklyn,40.626459,-74.026856,42521273
4th Avenue,82nd Street,Brooklyn,40.625727,-74.027153,42505987
4th Avenue,83rd Street,Brooklyn,40.625022,-74.027442,42492457
4th Avenue,84th Street,Brooklyn,40.624314,-74.027732,42521282
4th Avenue,85th Street,Brooklyn,40.623616,-74.028023,42514283
4th Avenue,86th Street,Brooklyn,40.622778,-74.028359,42487909
4th Avenue,87th Street,Brooklyn,40.622026,-74.028672,42521290
4th Avenue,88th Street,Brooklyn,40.621285,-74.028969,42519339/42519323
4th Avenue,89th Street,Brooklyn,40.620608,-74.029246,42521301/42500846
4th Avenue,8th Street,Brooklyn,40.670958,-73.98821,42521136/1372888599
4th Avenue,90th Street,Brooklyn,40.619832,-74.029563,42505230
4th Avenue,91st Street,Brooklyn,40.619153,-74.029841,42521308
4th Avenue,92nd Street,Brooklyn,40.618338,-74.030173,42482643
4th Avenue,93rd Street,Brooklyn,40.617582,-74.030483,42502758
4th Avenue,94th Street,Brooklyn,40.616699,-74.030845,42485251
4th Avenue,95th Street,Brooklyn,40.615874,-74.031172,42521313/42465639
4th Avenue,96th Street,Brooklyn,40.615316,-74.031529,42498624
4th Avenue,97th Street,Brooklyn,40.614772,-74.031999,42471463
4th Avenue,99th Street,Brooklyn,40.613407,-74.033172,42502986
4th Avenue,9th Street,Brooklyn,40.670349,-73.988716,42510710/1372888590
4th Avenue,Atlantic Avenue,Brooklyn,40.684404,-73.978339,42484806/1372888911
4th Avenue,Baltic Street,Brooklyn,40.680584,-73.9809,1372888616/42521128
4th Avenue,Bay Ridge Avenue,Brooklyn,40.634625,-74.023528,42512933
4th Avenue,Bay Ridge Parkway,Brooklyn,40.630854,-74.025069,42509517
4th Avenue,Bergen Street,Brooklyn,40.682503,-73.979609,1372888859/42521125
4th Avenue,Butler Street,Brooklyn,40.679957,-73.981325,1372888818/42468462
4th Avenue,Carroll Street,Brooklyn,40.676147,-73.983895,1372888824/42471176
4th Avenue,Dean Street,Brooklyn,40.683121,-73.979172,1372888563/42521124
4th Avenue,Degraw Street,Brooklyn,40.678691,-73.982183,42521132/1372888862
4th Avenue,Douglass Street,Brooklyn,40.679322,-73.981756,42479040/1372888856
4th Avenue,Flatbush Avenue,Brooklyn,40.684885,-73.978061,1372888639
4th Avenue,Forest Place,Brooklyn,40.620388,-74.029336,10774176329
4th Avenue,Garfield Place,Brooklyn,40.675767,-73.984198,1372888640/42514234
4th Avenue,Marine Avenue,Brooklyn,40.614023,-74.032643,42521324
4th Avenue,Ovington Avenue,Brooklyn,40.633737,-74.023888,42504821
4th Avenue,Pacific Street,Brooklyn,40.68377,-73.978753,42521121/1372888533
4th Avenue,President Street,Brooklyn,40.676781,-73.983468,1372888643/42514989
4th Avenue,Prospect Avenue,Brooklyn,40.665498,-73.992794,1372888589/42510734
4th Avenue,Sackett Street,Brooklyn,40.678052,-73.98261,1372888548/42478132
4th Avenue,Saint Marks Place,Brooklyn,40.681859,-73.980035,1372888558/42521127
4th Avenue,Senator Street,Brooklyn,40.636123,-74.022916,42521235
4th Avenue,Shore Road,Brooklyn,40.611397,-74.034882,2317301788
4th Avenue,Shore Road Drive,Brooklyn,40.637238,-74.022185,42494257
4th Avenue,Times Plaza,Brooklyn,40.684633,-73.978173,42484806/1372888639
4th Avenue,Union Street,Brooklyn,40.677417,-73.98304,1372888770/42486357
4th Avenue,Warren Street,Brooklyn,40.681226,-73.980463,42484019/1372888596
4th Place,5th Street,Brooklyn,40.677434,-73.996475,6558268289
4th Place,Clinton Street,Brooklyn,40.678412,-74.000048,42476472
4th Place,Court Street,Brooklyn,40.677863,-73.998061,42476474
4th Place,Henry Street,Brooklyn,40.678935,-74.001905,42467417
4th Place,Smith Street,Brooklyn,40.677434,-73.996475,6558268289
4th Street,4th Street Plaza,Brooklyn,40.67219,-73.983789,42465281
4th Street,5th Avenue,Brooklyn,40.67219,-73.983789,42465281
4th Street,6th Avenue,Brooklyn,40.67105,-73.981427,42477265
4th Street,7th Avenue,Brooklyn,40.669909,-73.979064,42487575
4th Street,8th Avenue,Brooklyn,40.66877,-73.976705,42521803
4th Street,Bond Street,Brooklyn,40.676346,-73.992369,6003645710
4th Street,Dock Avenue,Brooklyn,40.700303,-73.976044,3656001501/42489621
4th Street,Hoyt Street,Brooklyn,40.677204,-73.994156,42521808
4th Street,Morris Avenue,Brooklyn,40.699838,-73.976209,42517622
4th Street,Prospect Park West,Brooklyn,40.66763,-73.974344,42476098
4th Street,Smith Street,Brooklyn,40.678162,-73.996128,42492270
4th Street Plaza,5th Avenue,Brooklyn,40.67219,-73.983789,42465281
50th Street,5th Avenue,Brooklyn,40.645106,-74.010319,42465462
50th Street,6th Avenue,Brooklyn,40.643778,-74.008118,42477084
50th Street,7th Avenue,Brooklyn,40.642445,-74.005913,42487481
50th Street,8th Avenue,Brooklyn,40.641119,-74.003718,42526691
50th Street,9th Avenue,Brooklyn,40.639785,-74.001508,42473446
50th Street,Dahill Road,Brooklyn,40.625026,-73.977158,42515374/42515358
50th Street,Fort Hamilton Parkway,Brooklyn,40.637893,-73.998374,42460911
50th Street,New Utrecht Avenue,Brooklyn,40.635761,-73.994846,42468108
50th Street,Old New Utrecht Road,Brooklyn,40.628494,-73.982812,42488110
51st Street,5th Avenue,Brooklyn,40.644547,-74.010902,42465465
51st Street,6th Avenue,Brooklyn,40.643219,-74.008702,42473014
51st Street,7th Avenue,Brooklyn,40.641884,-74.006497,42473019
51st Street,8th Avenue,Brooklyn,40.640557,-74.004295,42473024
51st Street,9th Avenue,Brooklyn,40.639225,-74.002091,42473028
51st Street,Dahill Road,Brooklyn,40.624053,-73.976944,42473006
51st Street,Fort Hamilton Parkway,Brooklyn,40.637415,-73.999091,42460925
51st Street,New Utrecht Avenue,Brooklyn,40.634916,-73.994962,42468111
51st Street,Old New Utrecht Road,Brooklyn,40.627705,-73.983016,42473060
52nd Street,5th Avenue,Brooklyn,40.643986,-74.011484,42465469
52nd Street,6th Avenue,Brooklyn,40.642657,-74.009281,42477087
52nd Street,7th Avenue,Brooklyn,40.641325,-74.007079,42487484
52nd Street,8th Avenue,Brooklyn,40.639995,-74.004877,42535383
52nd Street,9th Avenue,Brooklyn,40.638667,-74.002672,42473452
52nd Street,Dahill Road,Brooklyn,40.623013,-73.976753,42515364
52nd Street,Fort Hamilton Parkway,Brooklyn,40.636936,-73.999807,42460934
52nd Street,New Utrecht Avenue,Brooklyn,40.634077,-73.995075,42468114
52nd Street,Old New Utrecht Road,Brooklyn,40.626918,-73.983216,42488113
53rd Street,5th Avenue,Brooklyn,40.643425,-74.012066,42465476
53rd Street,6th Avenue,Brooklyn,40.642097,-74.009863,42477090
53rd Street,7th Avenue,Brooklyn,40.640765,-74.00766,42487488
53rd Street,8th Avenue,Brooklyn,40.639435,-74.005457,42525462
53rd Street,9th Avenue,Brooklyn,40.638117,-74.003261,42473455
53rd Street,Dahill Road,Brooklyn,40.621995,-73.976566,42515367
53rd Street,Fort Hamilton Parkway,Brooklyn,40.636468,-74.000526,42460936
53rd Street,New Utrecht Avenue,Brooklyn,40.633227,-73.99518,42468117
54th Street,5th Avenue,Brooklyn,40.642866,-74.012649,42465483
54th Street,6th Avenue,Brooklyn,40.641535,-74.010447,42477092
54th Street,7th Avenue,Brooklyn,40.640205,-74.008242,42487490
54th Street,8th Avenue,Brooklyn,40.638877,-74.006041,42536585
54th Street,9th Avenue,Brooklyn,40.637546,-74.003838,42473458
54th Street,Fort Hamilton Parkway,Brooklyn,40.635978,-74.00124,42460941
54th Street,New Utrecht Avenue,Brooklyn,40.63239,-73.995294,42468118
55th Street,5th Avenue,Brooklyn,40.642305,-74.013232,42465489
55th Street,6th Avenue,Brooklyn,40.640976,-74.011029,42477094
55th Street,7th Avenue,Brooklyn,40.639645,-74.008825,42487492
55th Street,8th Avenue,Brooklyn,40.638315,-74.006622,42517359
55th Street,9th Avenue,Brooklyn,40.636985,-74.00442,42473461
55th Street,Fort Hamilton Parkway,Brooklyn,40.635497,-74.001957,42460944
55th Street,New Utrecht Avenue,Brooklyn,40.631575,-73.99546,42468128
56th Drive,Arkansas Drive,Brooklyn,40.604988,-73.909626,42505299
56th Drive,East 63rd Street,Brooklyn,40.607761,-73.912696,42518640
56th Drive,East 64th Street,Brooklyn,40.607218,-73.912088,42460558
56th Drive,East 65th Street,Brooklyn,40.606673,-73.911483,42518643
56th Drive,East 66th Street,Brooklyn,40.606114,-73.910857,42498459
56th Drive,Mill Avenue,Brooklyn,40.608305,-73.9133,42512553
56th Drive,National Drive,Brooklyn,40.604337,-73.909326,42489458
56th Drive,Strickland Avenue,Brooklyn,40.60893,-73.914025,5369529456/42518633/42518636
56th Drive,Whitman Drive,Brooklyn,40.605547,-73.910232,42517855
56th Street,5th Avenue,Brooklyn,40.641745,-74.013814,42465494
56th Street,6th Avenue,Brooklyn,40.640416,-74.011611,42477096
56th Street,7th Avenue,Brooklyn,40.639085,-74.009409,42487495
56th Street,8th Avenue,Brooklyn,40.637755,-74.007206,42490251
56th Street,9th Avenue,Brooklyn,40.636425,-74.005003,42473465
56th Street,Fort Hamilton Parkway,Brooklyn,40.635019,-74.002673,42460948
56th Street,New Utrecht Avenue,Brooklyn,40.630789,-73.995677,42468132
57th Street,5th Avenue,Brooklyn,40.641186,-74.014397,42465495
57th Street,6th Avenue,Brooklyn,40.639855,-74.012195,42477098
57th Street,7th Avenue,Brooklyn,40.638524,-74.009989,42487499
57th Street,8th Avenue,Brooklyn,40.637195,-74.007788,42538434
57th Street,9th Avenue,Brooklyn,40.635866,-74.005586,42473469
57th Street,Fort Hamilton Parkway,Brooklyn,40.634538,-74.003388,42460951
57th Street,New Utrecht Avenue,Brooklyn,40.630015,-73.995896,42468137
58th Street,5th Avenue,Brooklyn,40.640626,-74.01498,42465498
58th Street,6th Avenue,Brooklyn,40.639295,-74.012776,42477099
58th Street,7th Avenue,Brooklyn,40.637965,-74.010572,42487504
58th Street,8th Avenue,Brooklyn,40.636635,-74.008371,42521597
58th Street,9th Avenue,Brooklyn,40.635303,-74.006169,42473476
58th Street,Dahl Court,Brooklyn,40.622213,-73.984492,42468323
58th Street,Fort Hamilton Parkway,Brooklyn,40.63406,-74.004107,42460956
58th Street,New Utrecht Avenue,Brooklyn,40.629232,-73.996115,42468139
59th Street,5th Avenue,Brooklyn,40.640063,-74.01556,2620907650
59th Street,6th Avenue,Brooklyn,40.638732,-74.01336,2620907649
59th Street,7th Avenue,Brooklyn,40.637402,-74.011157,2620907648
59th Street,8th Avenue,Brooklyn,40.636073,-74.008955,2620907647
59th Street,9th Avenue,Brooklyn,40.634744,-74.006754,11345746202
59th Street,Bay Parkway,Brooklyn,40.61729,-73.977852,42468943
59th Street,Dahill Road,Brooklyn,40.615679,-73.975344,42477649
59th Street,Fort Hamilton Parkway,Brooklyn,40.633579,-74.004825,2620907645
59th Street,New Utrecht Avenue,Brooklyn,40.628453,-73.996338,2620907640
5th Avenue,5th Street,Brooklyn,40.671591,-73.984289,42465284
5th Avenue,60th Street,Brooklyn,40.639483,-74.016167,42465503
5th Avenue,61st Street,Brooklyn,40.638899,-74.016769,42465507
5th Avenue,62nd Street,Brooklyn,40.638341,-74.017352,42465514
5th Avenue,63rd Street,Brooklyn,40.637781,-74.017931,42465520
5th Avenue,64th Street,Brooklyn,40.637228,-74.018506,42465525
5th Avenue,65th Street,Brooklyn,40.636696,-74.019061,6147518089/42465530/42461534
5th Avenue,66th Street,Brooklyn,40.636086,-74.019709,42465533
5th Avenue,67th Street,Brooklyn,40.635574,-74.020156,42465535
5th Avenue,68th Street,Brooklyn,40.634169,-74.020722,42465543
5th Avenue,6th Street,Brooklyn,40.670988,-73.984791,42465288
5th Avenue,72nd Street,Brooklyn,40.631688,-74.021737,42465554
5th Avenue,73rd Street,Brooklyn,40.630988,-74.022024,42465557
5th Avenue,74th Street,Brooklyn,40.630329,-74.022293,2308394002
5th Avenue,76th Street,Brooklyn,40.628713,-74.022953,42465563
5th Avenue,77th Street,Brooklyn,40.627972,-74.023258,42465566
5th Avenue,78th Street,Brooklyn,40.627251,-74.023552,42465568
5th Avenue,79th Street,Brooklyn,40.626514,-74.023853,42465571
5th Avenue,7th Street,Brooklyn,40.670385,-73.985294,42465292
5th Avenue,80th Street,Brooklyn,40.625795,-74.02415,42465575
5th Avenue,81st Street,Brooklyn,40.625049,-74.024449,42465580
5th Avenue,82nd Street,Brooklyn,40.624321,-74.02475,42465583
5th Avenue,83rd Street,Brooklyn,40.623589,-74.025047,42465586
5th Avenue,84th Street,Brooklyn,40.622859,-74.025345,42465590
5th Avenue,85th Street,Brooklyn,40.622139,-74.025663,42465592
5th Avenue,86th Street,Brooklyn,40.621493,-74.026212,42465599
5th Avenue,87th Street,Brooklyn,40.620846,-74.02677,42465611
5th Avenue,88th Street,Brooklyn,40.620323,-74.02722,42465615
5th Avenue,89th Street,Brooklyn,40.619749,-74.027713,42465622
5th Avenue,8th Street,Brooklyn,40.669783,-73.985796,42465294
5th Avenue,90th Street,Brooklyn,40.619173,-74.028205,42465625
5th Avenue,91st Street,Brooklyn,40.618593,-74.0287,42465629
5th Avenue,92nd Street,Brooklyn,40.617896,-74.029302,42465632
5th Avenue,94th Street,Brooklyn,40.616514,-74.030468,42465637
5th Avenue,95th Street,Brooklyn,40.615878,-74.031047,5491079519/42465639
5th Avenue,9th Street,Brooklyn,40.669173,-73.986304,42465296
5th Avenue,Baltic Street,Brooklyn,40.679635,-73.978278,42465250
5th Avenue,Bay Ridge Avenue,Brooklyn,40.633469,-74.021012,42465548
5th Avenue,Bay Ridge Parkway,Brooklyn,40.629486,-74.022638,42465561
5th Avenue,Bergen Street,Brooklyn,40.681483,-73.977022,42465236
5th Avenue,Berkeley Place,Brooklyn,40.67705,-73.980034,42465262
5th Avenue,Carroll Street,Brooklyn,40.675143,-73.981326,42465267
5th Avenue,Dean Street,Brooklyn,40.682119,-73.97659,42465234
5th Avenue,Degraw Street,Brooklyn,40.677683,-73.979605,42465260
5th Avenue,Douglass Street,Brooklyn,40.678363,-73.979144,42465257
5th Avenue,Flatbush Avenue,Brooklyn,40.682447,-73.976283,42465233
5th Avenue,Garfield Place,Brooklyn,40.674603,-73.981777,42465270
5th Avenue,Lincoln Place,Brooklyn,40.677683,-73.979605,42465260
5th Avenue,Ovington Avenue,Brooklyn,40.632579,-74.021375,42465551
5th Avenue,Park Place,Brooklyn,40.679635,-73.978278,42465250
5th Avenue,President Street,Brooklyn,40.675778,-73.980897,42465265
5th Avenue,Prospect Avenue,Brooklyn,40.664139,-73.990505,42465322
5th Avenue,Prospect Place,Brooklyn,40.680267,-73.977849,42465246
5th Avenue,Sackett Street,Brooklyn,40.67705,-73.980034,42465262
5th Avenue,Saint Johns Place,Brooklyn,40.678363,-73.979144,42465257
5th Avenue,Saint Marks Avenue,Brooklyn,40.680852,-73.977451,42465238
5th Avenue,Saint Marks Place,Brooklyn,40.680852,-73.977451,42465238
5th Avenue,Senator Street,Brooklyn,40.634841,-74.020454,42465537/42465539
5th Avenue,Sterling Place,Brooklyn,40.679054,-73.97867,4317282393
5th Avenue,Union Street,Brooklyn,40.676417,-73.980463,4708375542
5th Avenue,Warren Street,Brooklyn,40.680267,-73.977849,42465246
5th Street,7th Avenue,Brooklyn,40.669307,-73.979568,42487576
5th Street,8th Avenue,Brooklyn,40.668166,-73.97721,42496980
5th Street,Hoyt Street,Brooklyn,40.676571,-73.99459,5849767883
5th Street,Market Street,Brooklyn,40.700461,-73.973635,42496969
5th Street,Morris Avenue,Brooklyn,40.699243,-73.975562,42496966
5th Street,Ordnance Avenue,Brooklyn,40.69889,-73.976101,42496964
5th Street,Perry Avenue,Brooklyn,40.698613,-73.976723,7647643670
5th Street,Prospect Park West,Brooklyn,40.667024,-73.974854,42476102
5th Street,Prospect Park West Bike Path,Brooklyn,40.666986,-73.974773,4482113703
5th Street,Smith Street,Brooklyn,40.677434,-73.996475,6558268289
60th Street,6th Avenue,Brooklyn,40.638151,-74.013963,42477101
60th Street,7th Avenue,Brooklyn,40.636823,-74.01176,42487508
60th Street,8th Avenue,Brooklyn,40.635493,-74.009557,42534504
60th Street,9th Avenue,Brooklyn,40.634164,-74.007356,11345746207
60th Street,Avenue N,Brooklyn,40.614041,-73.973997,42472453
60th Street,Bay Parkway,Brooklyn,40.616708,-73.978456,42468947
60th Street,Dahill Road,Brooklyn,40.614724,-73.975172,42515276
60th Street,Fort Hamilton Parkway,Brooklyn,40.633084,-74.005564,42460963
60th Street,McDonald Avenue,Brooklyn,40.614041,-73.973997,42472453
60th Street,New Utrecht Avenue,Brooklyn,40.62764,-73.996558,42468144
61st Street,6th Avenue,Brooklyn,40.637571,-74.014567,42477103
61st Street,7th Avenue,Brooklyn,40.636243,-74.012364,42484301
61st Street,8th Avenue,Brooklyn,40.634912,-74.01016,42484305
61st Street,9th Avenue,Brooklyn,40.633584,-74.00796,42473490
61st Street,Bay Parkway,Brooklyn,40.616133,-73.979058,42468950
61st Street,Dahill Road,Brooklyn,40.613746,-73.974993,42484286
61st Street,Fort Hamilton Parkway,Brooklyn,40.632584,-74.006307,42460966
61st Street,New Utrecht Avenue,Brooklyn,40.626827,-73.996786,42468150
62nd Street,6th Avenue,Brooklyn,40.637014,-74.015146,42477104
62nd Street,7th Avenue,Brooklyn,40.635686,-74.012943,42486163
62nd Street,8th Avenue,Brooklyn,40.634357,-74.010742,42486091
62nd Street,9th Avenue,Brooklyn,40.633028,-74.008537,42473506
62nd Street,Bay Parkway,Brooklyn,40.615573,-73.979639,42468953
62nd Street,Dahill Road,Brooklyn,40.612638,-73.974777,42486147
62nd Street,Fort Hamilton Parkway,Brooklyn,40.63211,-74.007023,42460979
62nd Street,New Utrecht Avenue,Brooklyn,40.626062,-73.997017,42468161
63rd Street,6th Avenue,Brooklyn,40.636468,-74.015725,42477106
63rd Street,8th Avenue,Brooklyn,40.633795,-74.011326,42531495
63rd Street,9th Avenue,Brooklyn,40.632464,-74.00912,42473508
63rd Street,Bay Parkway,Brooklyn,40.615017,-73.980223,42468956
63rd Street,Dahill Road,Brooklyn,40.611678,-73.9746,42515286
63rd Street,Fort Hamilton Parkway,Brooklyn,40.63163,-74.007739,42460982
63rd Street,New Utrecht Avenue,Brooklyn,40.625289,-73.997241,42468167
64th Street,6th Avenue,Brooklyn,40.635906,-74.016312,42477109
64th Street,7th Avenue,Brooklyn,40.634564,-74.014109,42487524
64th Street,8th Avenue,Brooklyn,40.633234,-74.011908,42519474
64th Street,9th Avenue,Brooklyn,40.631904,-74.009704,42473511
64th Street,Bay Parkway,Brooklyn,40.614449,-73.980799,42468960
64th Street,Dahill Road,Brooklyn,40.610642,-73.974401,42515293
64th Street,Fort Hamilton Parkway,Brooklyn,40.63115,-74.008456,42460984
64th Street,New Utrecht Avenue,Brooklyn,40.62452,-73.997484,42468171
65th Street,6th Avenue,Brooklyn,40.635355,-74.016866,598329339/42477117
65th Street,7th Avenue,Brooklyn,40.633973,-74.014743,42487339
65th Street,8th Avenue,Brooklyn,40.632634,-74.012534,4026460325
65th Street,9th Avenue,Brooklyn,40.631301,-74.01033,42473515
65th Street,Avenue O,Brooklyn,40.611093,-73.976867,42524872/42472467
65th Street,Avenue P,Brooklyn,40.608799,-73.973212,1691133634
65th Street,Bay Parkway,Brooklyn,40.613848,-73.981425,42468962
65th Street,Dahill Road,Brooklyn,40.609463,-73.974184,42515297
65th Street,Erik Place,Brooklyn,40.635216,-74.017005,42477117
65th Street,Fort Hamilton Parkway,Brooklyn,40.630634,-74.009224,42460985
65th Street,McDonald Avenue,Brooklyn,40.609003,-73.97303,1691133668
65th Street,New Utrecht Avenue,Brooklyn,40.623683,-73.99771,42468172
65th Street,West 1st Street,Brooklyn,40.610078,-73.975193,42524875
65th Street,West 2nd Street,Brooklyn,40.610709,-73.976228,42466896
65th Street,West 3rd Street,Brooklyn,40.611392,-73.977361,42519376
65th Street,West 4th Street,Brooklyn,40.612014,-73.978389,42501348
65th Street,West 5th Street,Brooklyn,40.612628,-73.979413,42509097
65th Street,West 6th Street,Brooklyn,40.61332,-73.980559,42482587
66th Street,6th Avenue,Brooklyn,40.634763,-74.017499,42477120
66th Street,7th Avenue,Brooklyn,40.633389,-74.015363,4026460347/598348982
66th Street,8th Avenue,Brooklyn,40.632037,-74.01315,4026460331
66th Street,9th Avenue,Brooklyn,40.630682,-74.01097,4026460351
66th Street,Bay Parkway,Brooklyn,40.613238,-73.98204,42468966
66th Street,Cameron Court,Brooklyn,40.620649,-73.994318,42477533
66th Street,Duryea Court,Brooklyn,40.621976,-73.996521,9090135958
66th Street,Fort Hamilton Parkway,Brooklyn,40.630113,-74.010004,1955950218
66th Street,New Utrecht Avenue,Brooklyn,40.622834,-73.99794,42468173
66th Street,Ovington Court,Brooklyn,40.621007,-73.99492,42494857
66th Street,Shore Road Drive,Brooklyn,40.636396,-74.020232,598424652
66th Street,Wallaston Court,Brooklyn,40.620292,-73.99373,42471453
67th Street,6th Avenue,Brooklyn,40.634048,-74.017834,598348985/42474316
67th Street,7th Avenue,Brooklyn,40.632933,-74.016079,4026460336/598348986/4732863269
67th Street,8th Avenue,Brooklyn,40.631486,-74.013726,1955950379
67th Street,9th Avenue,Brooklyn,40.630156,-74.011522,4026460324
67th Street,Bay Parkway,Brooklyn,40.612693,-73.982642,42468969
67th Street,Bergen Place,Brooklyn,40.639091,-74.02854,42474230
67th Street,Cameron Court,Brooklyn,40.619865,-73.995131,42474291
67th Street,Colonial Road,Brooklyn,40.639652,-74.03033,42474223
67th Street,Duryea Court,Brooklyn,40.62115,-73.997379,42460403
67th Street,Erik Place,Brooklyn,40.633194,-74.016387,4732863269
67th Street,Fort Hamilton Parkway,Brooklyn,40.629646,-74.0107,42460992
67th Street,New Utrecht Avenue,Brooklyn,40.621868,-73.998215,6295192353/42468180
67th Street,Ovington Court,Brooklyn,40.620213,-73.995744,42474287
67th Street,Ridge Boulevard,Brooklyn,40.638809,-74.027623,11934180368
67th Street,Sedgwick Place,Brooklyn,40.639358,-74.02941,42474225
67th Street,Shore Road Drive,Brooklyn,40.635933,-74.020734,598424724
67th Street,Wallaston Court,Brooklyn,40.619521,-73.99453,42471454
67th Street,West 8th Street,Brooklyn,40.612693,-73.982642,42468969
68th Street,6th Avenue,Brooklyn,40.633034,-74.018245,42477130
68th Street,7th Avenue,Brooklyn,40.63205,-74.016229,42487379/42487348
68th Street,8th Avenue,Brooklyn,40.630911,-74.014323,42504801
68th Street,9th Avenue,Brooklyn,40.629583,-74.012122,42473523
68th Street,Bay Cliff Terrace,Brooklyn,40.638052,-74.030165,42484481
68th Street,Bay Parkway,Brooklyn,40.612027,-73.983332,42468971
68th Street,Bliss Terrace,Brooklyn,40.638502,-74.031609,42528646
68th Street,Colonial Road,Brooklyn,40.638279,-74.030891,42515872
68th Street,Fort Hamilton Parkway,Brooklyn,40.629162,-74.011428,42460996
68th Street,Madeline Court,Brooklyn,40.63718,-74.027353,42528659
68th Street,Narrows Avenue,Brooklyn,40.639097,-74.033508,4227675199
68th Street,New Utrecht Avenue,Brooklyn,40.62127,-73.998382,42468183
68th Street,Ovington Avenue,Brooklyn,40.62127,-73.998382,42468183
68th Street,Owls Head Court,Brooklyn,40.639366,-74.034372,4227675200
68th Street,Ridge Boulevard,Brooklyn,40.637468,-74.028279,42508002
68th Street,Shore Road,Brooklyn,40.63974,-74.035555,42470545
68th Street,Vista Place,Brooklyn,40.633494,-74.019263,42485900
68th Street,West 9th Street,Brooklyn,40.612027,-73.983332,42468971
6th Avenue,6th Street,Brooklyn,40.669846,-73.982429,42469898
6th Avenue,71st Street,Brooklyn,40.631039,-74.019063,42477146
6th Avenue,72nd Street,Brooklyn,40.630435,-74.019309,42477149/42477151
6th Avenue,73rd Street,Brooklyn,40.629716,-74.019605,42477153/42477154
6th Avenue,74th Street,Brooklyn,40.629003,-74.019893,42477156/42477158
6th Avenue,76th Street,Brooklyn,40.627274,-74.020602,42477164
6th Avenue,77th Street,Brooklyn,40.626543,-74.020894,42477170
6th Avenue,78th Street,Brooklyn,40.625816,-74.021194,42477174
6th Avenue,79th Street,Brooklyn,40.625084,-74.021495,42477180
6th Avenue,7th Street,Brooklyn,40.669245,-73.982932,42477282
6th Avenue,80th Street,Brooklyn,40.624365,-74.021791,42477186
6th Avenue,81st Street,Brooklyn,40.623629,-74.022092,42477188
6th Avenue,82nd Street,Brooklyn,40.622896,-74.022389,42477193
6th Avenue,83rd Street,Brooklyn,40.622178,-74.022687,42477196
6th Avenue,8th Street,Brooklyn,40.668649,-73.983439,42477286
6th Avenue,9th Street,Brooklyn,40.66803,-73.983943,42477289
6th Avenue,Atlantic Avenue,Brooklyn,40.683077,-73.973775,4207763060/42477215
6th Avenue,Bay Ridge Avenue,Brooklyn,40.632334,-74.01853,42477136
6th Avenue,Bay Ridge Parkway,Brooklyn,40.628062,-74.020277,42477161
6th Avenue,Bergen Street,Brooklyn,40.680731,-73.974506,42477228
6th Avenue,Berkeley Place,Brooklyn,40.676073,-73.977531,42474729
6th Avenue,Carroll Street,Brooklyn,40.674164,-73.978828,42471180
6th Avenue,Dean Street,Brooklyn,40.681499,-73.974236,42477222
6th Avenue,Erik Place,Brooklyn,40.635216,-74.017005,42477117
6th Avenue,Flatbush Avenue,Brooklyn,40.680261,-73.974695,42477230
6th Avenue,Fort Hamilton Parkway,Brooklyn,40.621625,-74.02269,598357877
6th Avenue,Garfield Place,Brooklyn,40.67346,-73.979415,42477254
6th Avenue,Lincoln Place,Brooklyn,40.676707,-73.977102,42477246
6th Avenue,Ovington Avenue,Brooklyn,40.631444,-74.018895,42477140
6th Avenue,Pacific Street,Brooklyn,40.682281,-73.973952,42477218
6th Avenue,Park Place,Brooklyn,40.6787,-73.975749,42477237
6th Avenue,President Street,Brooklyn,40.674801,-73.978392,42477252
6th Avenue,Prospect Avenue,Brooklyn,40.662798,-73.988324,42477311
6th Avenue,Prospect Place,Brooklyn,40.679333,-73.975321,42473589
6th Avenue,Saint Johns Place,Brooklyn,40.677431,-73.976616,42477241
6th Avenue,Saint Marks Avenue,Brooklyn,40.679917,-73.974927,42477235
6th Avenue,Senator Street,Brooklyn,40.633736,-74.017963,42477126
6th Avenue,South Portland Avenue,Brooklyn,40.683148,-73.973789,42477215
6th Avenue,Sterling Place,Brooklyn,40.678065,-73.97618,42474958
6th Avenue,Union Street,Brooklyn,40.675442,-73.977958,42477251
6th Street,8th Avenue,Brooklyn,40.667564,-73.977711,42469912
6th Street,Cumberland Street,Brooklyn,40.698021,-73.974804,42504031
6th Street,Farragut Street,Brooklyn,40.698873,-73.973801,5176477257
6th Street,Flushing Avenue,Brooklyn,40.698046,-73.974803,7847236223/42504031
6th Street,Market Street,Brooklyn,40.699597,-73.972644,42530006
6th Street,Morris Avenue,Brooklyn,40.698361,-73.974656,42517618
6th Street,Paulding Street,Brooklyn,40.69925,-73.973197,42487311
6th Street,Prospect Park West,Brooklyn,40.666423,-73.975353,42469915
70th Street,7th Avenue,Brooklyn,40.630286,-74.016343,42485520
70th Street,8th Avenue,Brooklyn,40.629792,-74.015488,42485524
70th Street,Bay Parkway,Brooklyn,40.611028,-73.984372,42468987
70th Street,Colonial Road,Brooklyn,40.636673,-74.031547,42485491
70th Street,Fort Hamilton Parkway,Brooklyn,40.628207,-74.012858,42461003
70th Street,Louise Terrace,Brooklyn,40.636858,-74.032146,42485485
70th Street,Narrows Avenue,Brooklyn,40.637483,-74.034158,42485482
70th Street,New Utrecht Avenue,Brooklyn,40.619721,-73.998812,42468193
70th Street,Ovington Avenue,Brooklyn,40.630286,-74.016343,42485520
70th Street,Perry Terrace,Brooklyn,40.636139,-74.029827,42485503
70th Street,Ridge Boulevard,Brooklyn,40.635866,-74.028937,42485509
70th Street,Ridgecrest Terrace,Brooklyn,40.636392,-74.030666,42485495
71st Street,7th Avenue,Brooklyn,40.629853,-74.017101,42487355/42487396
71st Street,8th Avenue,Brooklyn,40.629234,-74.016069,42513438
71st Street,Bay Parkway,Brooklyn,40.610415,-73.984998,42468814
71st Street,Colonial Road,Brooklyn,40.63547,-74.03204,4309859052
71st Street,Fort Hamilton Parkway,Brooklyn,40.627728,-74.013572,42461007
71st Street,Narrows Avenue,Brooklyn,40.636107,-74.034721,42488810
71st Street,New Utrecht Avenue,Brooklyn,40.618947,-73.999036,42468197
71st Street,Perry Terrace,Brooklyn,40.635054,-74.030267,42508287
71st Street,Ridge Boulevard,Brooklyn,40.634837,-74.029357,42508015
71st Street,Ridgecrest Terrace,Brooklyn,40.635254,-74.031131,42513409
71st Street,Shore Road,Brooklyn,40.636563,-74.036604,2323022214
71st Street,Stewart Avenue,Brooklyn,40.63046,-74.018101,2393809742
71st Street,West 11th Street,Brooklyn,40.610415,-73.984998,42468814
72nd Court,72nd Street,Brooklyn,40.635783,-74.0365,42495427
72nd Street,7th Avenue,Brooklyn,40.629104,-74.017377,42461992/42461988
72nd Street,8th Avenue,Brooklyn,40.62868,-74.016642,42495374
72nd Street,Bay Parkway,Brooklyn,40.609891,-73.985543,42468997
72nd Street,Bennet Court,Brooklyn,40.633096,-74.025177,42484088
72nd Street,Colonial Road,Brooklyn,40.634791,-74.032317,42495436
72nd Street,Fort Hamilton Parkway,Brooklyn,40.627247,-74.014285,42461010
72nd Street,Narrows Avenue,Brooklyn,40.635426,-74.034999,42488820
72nd Street,New Utrecht Avenue,Brooklyn,40.618178,-73.999271,42468207
72nd Street,Ridge Boulevard,Brooklyn,40.634153,-74.029633,42495440
72nd Street,Ridge Court,Brooklyn,40.633303,-74.026039,42495445
72nd Street,Shore Road,Brooklyn,40.635985,-74.037245,42470568
72nd Street,Stewart Avenue,Brooklyn,40.629859,-74.018613,42495456
73rd Street,7th Avenue,Brooklyn,40.62836,-74.017641,42482834/42482774
73rd Street,8th Avenue,Brooklyn,40.628101,-74.017223,42482774
73rd Street,Bay Parkway,Brooklyn,40.609328,-73.98613,42469002
73rd Street,Colonial Road,Brooklyn,40.63411,-74.032593,42482752
73rd Street,Fort Hamilton Parkway,Brooklyn,40.626777,-74.01501,42461014
73rd Street,Narrows Avenue,Brooklyn,40.634746,-74.035283,42482750
73rd Street,New Utrecht Avenue,Brooklyn,40.617404,-73.999497,42468211
73rd Street,Ridge Boulevard,Brooklyn,40.633474,-74.029913,42482755
73rd Street,Stewart Avenue,Brooklyn,40.629277,-74.01916,2552985819
74th Street,7th Avenue,Brooklyn,40.627862,-74.018327,42487406
74th Street,Bay Parkway,Brooklyn,40.608765,-73.986707,42469004
74th Street,Colonial Road,Brooklyn,40.633428,-74.032872,42515878
74th Street,Fort Hamilton Parkway,Brooklyn,40.626295,-74.015708,42461018
74th Street,Narrows Avenue,Brooklyn,40.634062,-74.035556,42488827
74th Street,New Utrecht Avenue,Brooklyn,40.616622,-73.999708,42468214
74th Street,Ridge Boulevard,Brooklyn,40.632786,-74.030196,42508023
74th Street,Shore Road,Brooklyn,40.634351,-74.036768,2932139064
74th Street,Stewart Avenue,Brooklyn,40.628702,-74.019701,42516131
75th Street,Belmont Avenue,Brooklyn,40.675348,-73.8614,598633371
75th Street,Glenmore Avenue,Brooklyn,40.677886,-73.862028,42814399
75th Street,Pitkin Avenue,Brooklyn,40.676611,-73.861712,42814405
75th Street - Ruby Street,Blake Avenue,Brooklyn,40.672798,-73.860773,42814421
75th Street - Ruby Street,Dumont Avenue,Brooklyn,40.671261,-73.860387,42814423
75th Street - Ruby Street,Ruby Street,Brooklyn,40.671261,-73.860387,42814423
75th Street - Ruby Street,South Conduit Avenue,Brooklyn,40.67403,-73.861069,598633365
76th Street,7th Avenue,Brooklyn,40.626296,-74.018961,42477673
76th Street,Bay Parkway,Brooklyn,40.607575,-73.987973,42469011
76th Street,Colonial Road,Brooklyn,40.63203,-74.033447,42477663
76th Street,Fort Hamilton Parkway,Brooklyn,40.625269,-74.017262,42461032
76th Street,Narrows Avenue,Brooklyn,40.632667,-74.036129,42477662
76th Street,New Utrecht Avenue,Brooklyn,40.614951,-74.000192,42468220
76th Street,Ridge Boulevard,Brooklyn,40.631391,-74.030758,42477665
77th Street,7th Avenue,Brooklyn,40.625577,-74.019264,42485205
77th Street,Amber Street,Brooklyn,40.671524,-73.858553,42900080
77th Street,Bay Parkway,Brooklyn,40.607007,-73.988541,42469017
77th Street,Colonial Road,Brooklyn,40.631297,-74.033742,42485198
77th Street,Dumont Avenue,Brooklyn,40.671524,-73.858553,42900080
77th Street,Fort Hamilton Parkway,Brooklyn,40.624788,-74.017976,42461034
77th Street,Narrows Avenue,Brooklyn,40.631936,-74.036426,42485196
77th Street,New Utrecht Avenue,Brooklyn,40.614178,-74.000414,42468222
77th Street,Ridge Boulevard,Brooklyn,40.630661,-74.031061,42485199
77th Street,Shore Road,Brooklyn,40.632286,-74.037898,42470607
78th Street,7th Avenue,Brooklyn,40.62459,-74.019149,9354021014/42487414
78th Street,Bay Parkway,Brooklyn,40.606453,-73.98913,42469020
78th Street,Colonial Road,Brooklyn,40.630565,-74.034041,42515887
78th Street,Kings Highway,Brooklyn,40.606453,-73.98913,42469020
78th Street,Narrows Avenue,Brooklyn,40.631202,-74.036725,42488841
78th Street,New Utrecht Avenue,Brooklyn,40.613394,-74.000627,42468226
78th Street,Quentin Road,Brooklyn,40.605115,-73.98685,42470929
78th Street,Ridge Boulevard,Brooklyn,40.629931,-74.03136,42508036
78th Street,Shore Road,Brooklyn,40.631713,-74.038396,42470609
78th Street,Stillwell Avenue,Brooklyn,40.605115,-73.98685,42470929
78th Street - Sapphire Street,Stanley Avenue,Brooklyn,40.66706,-73.856454,598778524
79th Street,7th Avenue,Brooklyn,40.623936,-74.019553,42461040/42460787
79th Street,Bay Parkway,Brooklyn,40.605888,-73.989713,42469023
79th Street,Colonial Road,Brooklyn,40.629847,-74.034336,42515894
79th Street,Fort Hamilton Parkway,Brooklyn,40.624254,-74.020054,42460787
79th Street,Narrows Avenue,Brooklyn,40.630692,-74.036931,42488844
79th Street,New Utrecht Avenue,Brooklyn,40.612616,-74.000842,42468229
79th Street,Ridge Boulevard,Brooklyn,40.629199,-74.031658,42508040
79th Street,Shore Road,Brooklyn,40.631307,-74.038814,42470612
79th Street,Stillwell Avenue,Brooklyn,40.604044,-73.986644,42503029
7th Avenue,7th Street,Brooklyn,40.668103,-73.980569,42478076
7th Avenue,80th Street,Brooklyn,40.622904,-74.019375,42461041
7th Avenue,81st Street,Brooklyn,40.622185,-74.019705,42487313
7th Avenue,82nd Street,Brooklyn,40.621452,-74.019999,42487316
7th Avenue,83rd Street,Brooklyn,40.620722,-74.020296,42487318
7th Avenue,84th Street,Brooklyn,40.619999,-74.020599,42487321
7th Avenue,85th Street,Brooklyn,40.619262,-74.020899,42487323
7th Avenue,86th Street,Brooklyn,40.618478,-74.021213,42487324
7th Avenue,88th Street,Brooklyn,40.617538,-74.021608,42487327
7th Avenue,8th Avenue,Brooklyn,40.628101,-74.017223,42482774
7th Avenue,8th Street,Brooklyn,40.667498,-73.98107,42487581
7th Avenue,90th Street,Brooklyn,40.616169,-74.022162,42487330
7th Avenue,92nd Street,Brooklyn,40.614596,-74.02279,42482667
7th Avenue,9th Street,Brooklyn,40.666888,-73.981582,42487583
7th Avenue,Bay Ridge Avenue,Brooklyn,40.631328,-74.016513,42487385/42487351
7th Avenue,Bay Ridge Parkway,Brooklyn,40.626835,-74.018246,42487360/42487410
7th Avenue,Berkeley Place,Brooklyn,40.675097,-73.97503,42474733
7th Avenue,Carroll Street,Brooklyn,40.673197,-73.976321,42471183
7th Avenue,De Russy Drive,Brooklyn,40.617184,-74.021751,2377619666
7th Avenue,Erik Place,Brooklyn,40.633194,-74.016387,4732863269
7th Avenue,Farragut Street,Brooklyn,40.698843,-73.973248,42483950
7th Avenue,Flatbush Avenue,Brooklyn,40.677997,-73.973051,42487551
7th Avenue,Garfield Place,Brooklyn,40.672318,-73.977056,42487567
7th Avenue,Lincoln Place,Brooklyn,40.675732,-73.974597,42487558
7th Avenue,Ovington Avenue,Brooklyn,40.630508,-74.01684,42485520/42487389
7th Avenue,Park Place,Brooklyn,40.677714,-73.973251,42487552
7th Avenue,Parrott Place,Brooklyn,40.618189,-74.02134,42487325
7th Avenue,Paulding Street,Brooklyn,40.69925,-73.973197,42487311
7th Avenue,Poly Place,Brooklyn,40.609716,-74.024778,42484827
7th Avenue,President Street,Brooklyn,40.673828,-73.975892,42487564
7th Avenue,Prospect Avenue,Brooklyn,40.661469,-73.986123,42487605
7th Avenue,Saint Johns Place,Brooklyn,40.676452,-73.974109,42487555
7th Avenue,South Street,Brooklyn,40.698111,-73.973295,42464524
7th Avenue,Sterling Place,Brooklyn,40.677078,-73.973687,42474960
7th Avenue,Union Street,Brooklyn,40.674468,-73.975464,42486362
7th Avenue,Wainwright Drive,Brooklyn,40.609716,-74.024778,42484827
7th Avenue,Windsor Place,Brooklyn,40.662081,-73.985596,42487602
7th Street,8th Avenue,Brooklyn,40.666963,-73.978212,42478081
7th Street,Prospect Park West,Brooklyn,40.66582,-73.975854,42476111
7th Street,Prospect Park West Bike Path,Brooklyn,40.665781,-73.975773,1335094670
80th Street,Bay Parkway,Brooklyn,40.605329,-73.99029,42469026
80th Street,Colonial Road,Brooklyn,40.629106,-74.03464,42494942
80th Street,Harbor View Terrace,Brooklyn,40.630259,-74.038111,42467213
80th Street,Narrows Avenue,Brooklyn,40.629891,-74.03726,42488850/42488847
80th Street,New Utrecht Avenue,Brooklyn,40.61185,-74.001073,42468237
80th Street,Ridge Boulevard,Brooklyn,40.628471,-74.031957,42494947
80th Street,Shore Road,Brooklyn,40.630627,-74.039596,42470615
80th Street,Stillwell Avenue,Brooklyn,40.603013,-73.986457,42495002
81st Street,Bay Parkway,Brooklyn,40.604777,-73.990874,42469029
81st Street,Colonial Road,Brooklyn,40.628375,-74.034938,42515897
81st Street,Fort Hamilton Parkway,Brooklyn,40.622753,-74.020604,42461045/42460806
81st Street,Narrows Avenue,Brooklyn,40.629013,-74.03762,42488858
81st Street,New Utrecht Avenue,Brooklyn,40.611082,-74.001317,42468240
81st Street,Ridge Boulevard,Brooklyn,40.627741,-74.032256,42508046
82nd Street,Bay 16th Street,Brooklyn,40.610384,-74.001887,5513941340
82nd Street,Bay Parkway,Brooklyn,40.604221,-73.991457,42469032
82nd Street,Colonial Road,Brooklyn,40.627645,-74.035235,42505984
82nd Street,Dyker Place,Brooklyn,40.621806,-74.020623,42468803
82nd Street,Fort Hamilton Parkway,Brooklyn,40.622448,-74.021618,42460809
82nd Street,Harbor View Terrace,Brooklyn,40.628506,-74.038829,42467222
82nd Street,Narrows Avenue,Brooklyn,40.628281,-74.037918,42488866
82nd Street,New Utrecht Avenue,Brooklyn,40.610196,-74.001554,5513941339
82nd Street,Ridge Boulevard,Brooklyn,40.62701,-74.032555,42505985
82nd Street,Shore Road,Brooklyn,40.628725,-74.039881,42470671
82nd Street,Stillwell Avenue,Brooklyn,40.601073,-73.986088,42503037
83rd Street,Bay Parkway,Brooklyn,40.603651,-73.992036,42469036
83rd Street,Colonial Road,Brooklyn,40.626962,-74.035515,42492453
83rd Street,Dyker Place,Brooklyn,40.621252,-74.021178,42468804
83rd Street,Fort Hamilton Parkway,Brooklyn,40.62191,-74.022292,42460816
83rd Street,Narrows Avenue,Brooklyn,40.6276,-74.038197,42488871
83rd Street,Ridge Boulevard,Brooklyn,40.626329,-74.032833,42492455
83rd Street,Shore Road,Brooklyn,40.628002,-74.039933,2323022182
83rd Street,Stillwell Avenue,Brooklyn,40.599958,-73.985878,42492519
84th Street,Bay 16th Street,Brooklyn,40.60957,-74.002665,42472007
84th Street,Bay Parkway,Brooklyn,40.603101,-73.99262,42469039
84th Street,Colonial Road,Brooklyn,40.626285,-74.035789,42515902
84th Street,Dyker Place,Brooklyn,40.620689,-74.021726,42462018
84th Street,Fort Hamilton Parkway,Brooklyn,40.621431,-74.022978,42460821
84th Street,New Utrecht Avenue,Brooklyn,40.609137,-74.001853,42468246
84th Street,Ridge Boulevard,Brooklyn,40.625647,-74.033108,42508057
84th Street,Stillwell Avenue,Brooklyn,40.598908,-73.985679,42503048
85th Street,Avenue T,Brooklyn,40.597939,-73.985494,42503055
85th Street,Bay 16th Street,Brooklyn,40.608755,-74.003493,42472012
85th Street,Bay Parkway,Brooklyn,40.602534,-73.993201,42469043
85th Street,Colonial Road,Brooklyn,40.625599,-74.036071,42514329
85th Street,Dyker Place,Brooklyn,40.620109,-74.022269,42468809
85th Street,Fort Hamilton Parkway,Brooklyn,40.62095,-74.023696,42461063
85th Street,Narrows Avenue,Brooklyn,40.626236,-74.038758,42488767
85th Street,New Utrecht Avenue,Brooklyn,40.607675,-74.001711,42468256
85th Street,Ridge Boulevard,Brooklyn,40.624968,-74.033389,42508063
85th Street,Stillwell Avenue,Brooklyn,40.597939,-73.985494,42503055
86th Street,Avenue U,Brooklyn,40.595829,-73.983711,42488044
86th Street,Avenue V,Brooklyn,40.593994,-73.980675,3509302810
86th Street,Avenue W,Brooklyn,40.591935,-73.977282,42488076
86th Street,Avenue X,Brooklyn,40.590131,-73.974158,42488082
86th Street,Battery Avenue,Brooklyn,40.618949,-74.021993,42484100
86th Street,Bay 10th Street,Brooklyn,40.610965,-74.00878,6987724625
86th Street,Bay 11th Street,Brooklyn,40.610525,-74.00805,42487954
86th Street,Bay 13th Street,Brooklyn,40.609582,-74.006488,42486201
86th Street,Bay 14th Street,Brooklyn,40.609095,-74.00568,42487961
86th Street,Bay 16th Street,Brooklyn,40.608148,-74.00411,42472016
86th Street,Bay 17th Street,Brooklyn,40.607722,-74.003407,42487969
86th Street,Bay 19th Street,Brooklyn,40.606825,-74.00192,42478670
86th Street,Bay 20th Street,Brooklyn,40.60639,-74.0012,42487976
86th Street,Bay 22nd Street,Brooklyn,40.605489,-73.999711,42467240
86th Street,Bay 23rd Street,Brooklyn,40.605057,-73.998995,42487983
86th Street,Bay 25th Street,Brooklyn,40.604163,-73.997512,42487992
86th Street,Bay 26th Street,Brooklyn,40.603728,-73.9968,42482841
86th Street,Bay 28th Street,Brooklyn,40.602828,-73.99532,42487999
86th Street,Bay 29th Street,Brooklyn,40.602421,-73.994585,42488002
86th Street,Bay 31st Street,Brooklyn,40.601476,-73.993051,42488006
86th Street,Bay 32nd Street,Brooklyn,40.601036,-73.992338,42477929
86th Street,Bay 34th Street,Brooklyn,40.600134,-73.990864,42480025
86th Street,Bay 35th Street,Brooklyn,40.599705,-73.99015,42488018
86th Street,Bay 37th Street,Brooklyn,40.5988,-73.988658,42486187
86th Street,Bay 38th Street,Brooklyn,40.598372,-73.987939,42488025
86th Street,Bay 40th Street,Brooklyn,40.597476,-73.98646,42477513
86th Street,Bay 41st Street,Brooklyn,40.59704,-73.985748,42488034
86th Street,Bay 7th Street,Brooklyn,40.612288,-74.010971,42487945
86th Street,Bay 8th Street,Brooklyn,40.611854,-74.010252,42479540
86th Street,Bay Parkway,Brooklyn,40.601944,-73.993815,42469045
86th Street,Colonial Road,Brooklyn,40.624734,-74.036426,42487905
86th Street,Dahlgren Place,Brooklyn,40.619499,-74.022889,42464043
86th Street,De Russy Drive,Brooklyn,40.617643,-74.019844,2377619655
86th Street,Fort Hamilton Parkway,Brooklyn,40.620429,-74.024451,42461069
86th Street,Gatling Place,Brooklyn,40.619948,-74.023657,42463609
86th Street,Gelston Avenue,Brooklyn,40.62098,-74.025363,42487912
86th Street,Lake Street,Brooklyn,40.59065,-73.975127,3509302807
86th Street,McDonald Avenue,Brooklyn,40.590131,-73.974158,42488082
86th Street,Narrows Avenue,Brooklyn,40.625372,-74.039109,42487901
86th Street,New Utrecht Avenue,Brooklyn,40.606547,-74.00146,42468268
86th Street,Ridge Boulevard,Brooklyn,40.624099,-74.033742,42487907
86th Street,Shell Road,Brooklyn,40.590131,-73.974158,42488082
86th Street,Shore Road,Brooklyn,40.625746,-74.040701,2323022174
86th Street,Stillwell Avenue,Brooklyn,40.596744,-73.985266,42488037
86th Street,Van Sicklen Street,Brooklyn,40.591082,-73.975857,3509302808
86th Street,West 10th Street,Brooklyn,40.594234,-73.981078,3509302811
86th Street,West 11th Street,Brooklyn,40.59478,-73.98198,42468848
86th Street,West 12th Street,Brooklyn,40.595423,-73.98305,3509302812
86th Street,West 13th Street,Brooklyn,40.596076,-73.984122,42488041
86th Street,West 6th Street,Brooklyn,40.591546,-73.976639,42482616
86th Street,West 7th Street,Brooklyn,40.592262,-73.977822,42478748
86th Street,West 8th Street,Brooklyn,40.592709,-73.978561,1192067400/42488067/42488071
86th Street,West 9th Street,Brooklyn,40.593537,-73.979928,3509302809
87th Avenue,Eldert Lane,Brooklyn,40.690476,-73.867909,42920295
87th Road,Eldert Lane,Brooklyn,40.689803,-73.867768,42814910
87th Street,Colonial Road,Brooklyn,40.624,-74.036726,42515907
87th Street,Narrows Avenue,Brooklyn,40.624639,-74.039407,42488774
87th Street,Ridge Boulevard,Brooklyn,40.623363,-74.034043,42508070
87th Street,Shore Road,Brooklyn,40.624916,-74.040655,2323022173
88th Avenue,Eldert Lane,Brooklyn,40.689145,-73.867623,42920298
88th Road,Eldert Lane,Brooklyn,40.688415,-73.867461,42919530
88th Road,Etna Street,Brooklyn,40.688415,-73.867461,42919530
88th Street,Battery Avenue,Brooklyn,40.618092,-74.02274,11892679167
88th Street,Colonial Road,Brooklyn,40.623319,-74.037004,42515910
88th Street,Dahlgren Place,Brooklyn,40.618542,-74.023641,42478695
88th Street,Fort Hamilton Parkway,Brooklyn,40.619404,-74.025373,42461071
88th Street,Gatling Place,Brooklyn,40.61899,-74.024543,42466631
88th Street,Gelston Avenue,Brooklyn,40.619872,-74.026316,42499752
88th Street,Narrows Avenue,Brooklyn,40.623957,-74.039687,42488779
88th Street,Parrott Place,Brooklyn,40.617643,-74.02183,42519314
88th Street,Ridge Boulevard,Brooklyn,40.62269,-74.034317,42508076
88th Street,Shore Road,Brooklyn,40.624214,-74.040779,2323022170
89th Street,Colonial Road,Brooklyn,40.622639,-74.037282,42515914
89th Street,Narrows Avenue,Brooklyn,40.623275,-74.039962,42488784
89th Street,Ridge Boulevard,Brooklyn,40.622001,-74.034595,42508081
89th Street,Shore Court,Brooklyn,40.622973,-74.03869,42501812
8th Avenue,8th Street,Brooklyn,40.666361,-73.978715,42529980
8th Avenue,9th Street,Brooklyn,40.665749,-73.979224,42510722
8th Avenue,Bay Ridge Avenue,Brooklyn,40.630353,-74.014903,42512948
8th Avenue,Berkeley Place,Brooklyn,40.674123,-73.972527,42474746
8th Avenue,Carroll Street,Brooklyn,40.67222,-73.973823,42471197
8th Avenue,Farragut Street,Brooklyn,40.698767,-73.971622,42483954
8th Avenue,Flatbush Avenue,Brooklyn,40.675723,-73.9714,42491641
8th Avenue,Garfield Place,Brooklyn,40.671175,-73.974698,42514254
8th Avenue,Lincoln Place,Brooklyn,40.674758,-73.972095,42518540
8th Avenue,Market Street,Brooklyn,40.699589,-73.971546,42533191
8th Avenue,Montgomery Place,Brooklyn,40.671784,-73.974188,42517547
8th Avenue,Paulding Street,Brooklyn,40.699196,-73.97158,42522409
8th Avenue,President Street,Brooklyn,40.672862,-73.973376,42514998
8th Avenue,Prospect Avenue,Brooklyn,40.660137,-73.983918,42510746
8th Avenue,Saint Johns Place,Brooklyn,40.675468,-73.971612,42533517
8th Avenue,South Street,Brooklyn,40.698042,-73.971658,42464525
8th Avenue,Union Street,Brooklyn,40.673487,-73.972954,42486365
8th Avenue,Windsor Place,Brooklyn,40.660937,-73.983237,42525277
8th Street,Prospect Park West,Brooklyn,40.665214,-73.976352,42476115
90th Avenue,Eldert Lane,Brooklyn,40.68683,-73.867018,42837474
90th Avenue,Ridgewood Avenue,Brooklyn,40.68683,-73.867018,42837474
90th Avenue,Rockaway Boulevard,Brooklyn,40.68683,-73.867018,42837474
90th Street,Battery Avenue,Brooklyn,40.616949,-74.023725,11892679161
90th Street,Dahlgren Place,Brooklyn,40.617399,-74.024625,42478697
90th Street,Forest Place,Brooklyn,40.620149,-74.030211,42500847
90th Street,Fort Hamilton Parkway,Brooklyn,40.618254,-74.02636,42461074
90th Street,Gatling Place,Brooklyn,40.61784,-74.02551,42466639
90th Street,Gelston Avenue,Brooklyn,40.618723,-74.027302,42499754
90th Street,Parrott Place,Brooklyn,40.616493,-74.022811,42505218
90th Street,Ridge Boulevard,Brooklyn,40.621327,-74.03487,42505239
91st Avenue,Eldert Lane,Brooklyn,40.68527,-73.866598,42862864
91st Avenue,Fulton Street,Brooklyn,40.68527,-73.866598,42862864
91st Street,Colonial Road,Brooklyn,40.621275,-74.03784,42515917
91st Street,Ridge Boulevard,Brooklyn,40.620638,-74.035158,42508086
91st Street,Shore Road,Brooklyn,40.621594,-74.040201,42470714
92nd Street,Battery Avenue,Brooklyn,40.615609,-74.02483,42482658
92nd Street,Colonial Road,Brooklyn,40.620581,-74.038058,42482679
92nd Street,Dahlgren Place,Brooklyn,40.616061,-74.025741,42478701
92nd Street,Fort Hamilton Parkway,Brooklyn,40.616949,-74.027485,42461078
92nd Street,Gatling Place,Brooklyn,40.616546,-74.026685,448152355
92nd Street,Gelston Avenue,Brooklyn,40.617457,-74.0284,42482648
92nd Street,Marine Avenue,Brooklyn,40.620581,-74.038058,42482679
92nd Street,Parrott Place,Brooklyn,40.615172,-74.02395,42482661
92nd Street,Ridge Boulevard,Brooklyn,40.619966,-74.035431,42482682
92nd Street,Shore Road,Brooklyn,40.620761,-74.040473,42470715
93rd Avenue,Eldert Lane,Brooklyn,40.684474,-73.866504,42920309
93rd Street,Marine Avenue,Brooklyn,40.619493,-74.037407,42502746/42502750
93rd Street,Ridge Boulevard,Brooklyn,40.619275,-74.035711,42502747
93rd Street,Shore Road,Brooklyn,40.618501,-74.039574,42470773
94th Street,Fort Hamilton Parkway,Brooklyn,40.61563,-74.0287,42461084
94th Street,Gelston Avenue,Brooklyn,40.616067,-74.029576,42485252
94th Street,Marine Avenue,Brooklyn,40.618725,-74.036938,42485253/42485246
94th Street,Ridge Boulevard,Brooklyn,40.618603,-74.035989,42485248
94th Street,Shore Road,Brooklyn,40.617851,-74.039177,42470778
94th Street,Wogan Terrace,Brooklyn,40.616185,-74.029811,7072323617
95th Avenue,Eldert Lane,Brooklyn,40.681918,-73.866027,42905483
95th Street,Fort Hamilton Parkway,Brooklyn,40.614814,-74.029402,42461089
95th Street,Marine Avenue,Brooklyn,40.617654,-74.036285,42508104/42522486
95th Street,Ridge Boulevard,Brooklyn,40.617992,-74.036492,42508104
95th Street,Shore Road,Brooklyn,40.616509,-74.03836,42470783
96th Street,Marine Avenue,Brooklyn,40.616884,-74.035809,42498616/42498609
96th Street,Shore Road,Brooklyn,40.615862,-74.037971,42470786
97th Street,Fort Hamilton Parkway,Brooklyn,40.613927,-74.030165,42461094
97th Street,Marine Avenue,Brooklyn,40.616115,-74.03534,42471473/42471470
97th Street,Shore Road,Brooklyn,40.615182,-74.037662,42470789
98th Street,Harbor Court,Brooklyn,40.615076,-74.035743,42477742
98th Street,Marine Avenue,Brooklyn,40.615376,-74.034894,42526459
99th Street,Fort Hamilton Parkway,Brooklyn,40.612509,-74.031378,42461102
99th Street,Harbor Court,Brooklyn,40.614433,-74.035353,42477745
99th Street,Shore Road,Brooklyn,40.613819,-74.037066,42470796
9th Avenue,Bay Ridge Avenue,Brooklyn,40.629024,-74.012702,42473526
9th Avenue,Market Street,Brooklyn,40.699554,-73.970634,4525227534
9th Avenue,New Utrecht Avenue,Brooklyn,40.646342,-73.994687,42468072
9th Avenue,Paulding Street,Brooklyn,40.699156,-73.97063,3453513396
9th Street,Prospect Park West,Brooklyn,40.664605,-73.976863,42476119
9th Street,Prospect Park West Bike Path,Brooklyn,40.664566,-73.976782,4482113707
9th Street,Smith Street,Brooklyn,40.674732,-73.997771,42488411
9th Street,West 9th Street,Brooklyn,40.674732,-73.997771,42488411
Abbey Court,Bartlett Place,Brooklyn,40.590951,-73.923727,42468906
Abbey Court,Cyrus Avenue,Brooklyn,40.590041,-73.922715,42528131
Abbey Court,Lois Avenue,Brooklyn,40.587718,-73.92013,42529659
Abbey Court,Seba Avenue,Brooklyn,40.588827,-73.921364,42466598
Aberdeen Street,Broadway,Brooklyn,40.680948,-73.907018,42505605
Aberdeen Street,Bushwick Avenue,Brooklyn,40.682383,-73.905641,42513834
Academy Park Place,South Elliott Place,Brooklyn,40.683984,-73.974955,42520186
Academy Park Place,South Portland Avenue,Brooklyn,40.683756,-73.973922,42520190
Adams Street,Boerum Place,Brooklyn,40.692133,-73.989038,278630368/42464823
Adams Street,Brooklyn Bridge,Brooklyn,40.696244,-73.988759,598043793/598043783
Adams Street,Front Street,Brooklyn,40.702481,-73.988556,42492401
Adams Street,Fulton Mall,Brooklyn,40.692096,-73.98895,278630368
Adams Street,John Street,Brooklyn,40.704475,-73.988439,11669756841
Adams Street,Johnson Street,Brooklyn,40.695025,-73.988943,42481888
Adams Street,Joralemon Street,Brooklyn,40.692133,-73.989038,278630368/42464823
Adams Street,Plymouth Street,Brooklyn,40.703827,-73.988715,42472722/42462219
Adams Street,Prospect Street,Brooklyn,40.700708,-73.98869,42492409
Adams Street,Red Cross Place,Brooklyn,40.699306,-73.988797,278634251
Adams Street,Sands Street,Brooklyn,40.700114,-73.988511,278633201/3413665530
Adams Street,Tech Place,Brooklyn,40.695019,-73.988692,278632502
Adams Street,Tillary Street,Brooklyn,40.696225,-73.98875,4870985633/598043780/598043783/5947317451/598043792/598043793/11381945330/278632503/42492415
Adams Street,Water Street,Brooklyn,40.703172,-73.988762,42469341
Adams Street,York Street,Brooklyn,40.701597,-73.988627,42492404
Adelphi Street,DeKalb Avenue,Brooklyn,40.689544,-73.971142,42488436
Adelphi Street,Flushing Avenue,Brooklyn,40.697939,-73.972812,42488421
Adelphi Street,Fulton Street,Brooklyn,40.684621,-73.97023,42464925
Adelphi Street,Greene Avenue,Brooklyn,40.686174,-73.97047,42488442
Adelphi Street,Lafayette Avenue,Brooklyn,40.687638,-73.970764,42488439
Adelphi Street,Myrtle Avenue,Brooklyn,40.69321,-73.971872,42488429
Adelphi Street,Park Avenue,Brooklyn,40.696037,-73.972436,42471722/42471779
Adelphi Street,Willoughby Avenue,Brooklyn,40.69164,-73.97156,42488433
Adler Place,Crescent Street,Brooklyn,40.684841,-73.872554,42472607
Adler Place,Hemlock Street,Brooklyn,40.684985,-73.871439,42484079
Admiral Perry Plaza,Hudson Avenue,Brooklyn,40.704229,-73.98102,42479472
Admiral Perry Plaza,John Street,Brooklyn,40.704229,-73.98102,42479472
Agate Court,Atlantic Avenue,Brooklyn,40.678015,-73.93983,42484432
Ainslie Street,Bushwick Avenue,Brooklyn,40.713347,-73.941385,42513623
Ainslie Street,Graham Avenue,Brooklyn,40.713087,-73.944148,42467858
Ainslie Street,Humboldt Street,Brooklyn,40.713244,-73.942466,42502973
Ainslie Street,Keap Street,Brooklyn,40.712702,-73.952319,42488310
Ainslie Street,Leonard Street,Brooklyn,40.71277,-73.947482,42491180
Ainslie Street,Lorimer Street,Brooklyn,40.712612,-73.949131,42525812
Ainslie Street,Manhattan Avenue,Brooklyn,40.712927,-73.945834,42525818
Ainslie Street,Rodney Street,Brooklyn,40.713123,-73.953498,42520729
Ainslie Street,Union Avenue,Brooklyn,40.712401,-73.951332,42520582
Aitken Place,Clinton Street,Brooklyn,40.692153,-73.993433,42502649
Aitken Place,Livingston Street,Brooklyn,40.692153,-73.993433,42502649
Aitken Place,Sidney Place,Brooklyn,40.692434,-73.99446,42524465
Alabama Avenue,Atlantic Avenue,Brooklyn,40.675601,-73.899708,597748736/597748764
Alabama Avenue,Belmont Avenue,Brooklyn,40.670202,-73.898338,42484865
Alabama Avenue,Blake Avenue,Brooklyn,40.667419,-73.897633,42510908
Alabama Avenue,Cozine Avenue,Brooklyn,40.653072,-73.889795,42486422
Alabama Avenue,Dumont Avenue,Brooklyn,40.665878,-73.897233,42510915
Alabama Avenue,East New York Avenue,Brooklyn,40.676881,-73.900083,597773107/42464662
Alabama Avenue,Flatlands Avenue,Brooklyn,40.651688,-73.888768,42510881/1273032381
Alabama Avenue,Fulton Street,Brooklyn,40.676823,-73.900032,597773107
Alabama Avenue,Glenmore Avenue,Brooklyn,40.672744,-73.898991,42504647
Alabama Avenue,Hegeman Avenue,Brooklyn,40.658878,-73.894098,42474332
Alabama Avenue,Jamaica Avenue,Brooklyn,40.676881,-73.900083,597773107/42464662
Alabama Avenue,Liberty Avenue,Brooklyn,40.673982,-73.899307,42510893
Alabama Avenue,Linden Boulevard,Brooklyn,40.657519,-73.893089,1942054624/1942054722/1942054752/1942054670
Alabama Avenue,Livonia Avenue,Brooklyn,40.664335,-73.896839,42477810
Alabama Avenue,New Lots Avenue,Brooklyn,40.660685,-73.895693,42510933/42510869
Alabama Avenue,Newport Street,Brooklyn,40.661272,-73.896055,42510930
Alabama Avenue,Pitkin Avenue,Brooklyn,40.67148,-73.898664,42510898
Alabama Avenue,Riverdale Avenue,Brooklyn,40.662809,-73.89645,42496296
Alabama Avenue,Stanley Avenue,Brooklyn,40.655912,-73.891895,42510875
Alabama Avenue,Sutter Avenue,Brooklyn,40.668958,-73.89802,42510904
Alabama Avenue,Wortman Avenue,Brooklyn,40.654428,-73.890794,8440915559
Albany Avenue,Atlantic Avenue,Brooklyn,40.677863,-73.938606,597728082/42475395
Albany Avenue,Avenue D,Brooklyn,40.641604,-73.938012,42475346
Albany Avenue,Avenue H,Brooklyn,40.632304,-73.937013,42475364
Albany Avenue,Avenue I,Brooklyn,40.629982,-73.936768,42475371
Albany Avenue,Avenue J,Brooklyn,40.627632,-73.936518,42475374
Albany Avenue,Avenue K,Brooklyn,40.625775,-73.936318,42475377
Albany Avenue,Bergen Street,Brooklyn,40.675492,-73.938824,42475482
Albany Avenue,Carroll Street,Brooklyn,40.666578,-73.939676,42471106
Albany Avenue,Church Avenue,Brooklyn,40.651326,-73.939051,42475541
Albany Avenue,Clarendon Road,Brooklyn,40.643896,-73.938255,42475343
Albany Avenue,Clarkson Avenue,Brooklyn,40.656061,-73.939565,42475535
Albany Avenue,Cortelyou Road,Brooklyn,40.644864,-73.938361,42475341
Albany Avenue,Crown Street,Brooklyn,40.665687,-73.93976,42475509
Albany Avenue,Dean Street,Brooklyn,40.676272,-73.938768,42475481
Albany Avenue,Decatur Street,Brooklyn,40.680855,-73.938549,42475388
Albany Avenue,East 40th Street,Brooklyn,40.632058,-73.936988,5830746848
Albany Avenue,East New York Avenue,Brooklyn,40.662234,-73.93999,42475517
Albany Avenue,Eastern Parkway,Brooklyn,40.669269,-73.939425,42474828
Albany Avenue,Eastern Parkway Service Road,Brooklyn,40.669255,-73.939426,541999307/1259822830
Albany Avenue,Eastern Parkway South Mall,Brooklyn,40.669119,-73.939442,1698012719
Albany Avenue,Empire Boulevard,Brooklyn,40.663904,-73.939928,42475513
Albany Avenue,Farragut Road,Brooklyn,40.63693,-73.937513,42475353
Albany Avenue,Fenimore Street,Brooklyn,40.659364,-73.939661,42475530
Albany Avenue,Foster Avenue,Brooklyn,40.639255,-73.937765,42475350
Albany Avenue,Fulton Street,Brooklyn,40.679786,-73.938436,42464999
Albany Avenue,Glenwood Road,Brooklyn,40.634651,-73.937267,42475356
Albany Avenue,Hawthorne Street,Brooklyn,40.65853,-73.939569,42475532
Albany Avenue,Herkimer Street,Brooklyn,40.679031,-73.938508,42475392
Albany Avenue,Lefferts Avenue,Brooklyn,40.663021,-73.940029,42472176
Albany Avenue,Lenox Road,Brooklyn,40.654808,-73.939429,42467317
Albany Avenue,Lincoln Place,Brooklyn,40.670192,-73.939337,42475498
Albany Avenue,Linden Boulevard,Brooklyn,40.653267,-73.93926,42475538
Albany Avenue,Maple Street,Brooklyn,40.661492,-73.939894,42475522
Albany Avenue,Midwood Street,Brooklyn,40.660785,-73.939819,42467111
Albany Avenue,Montgomery Street,Brooklyn,40.664794,-73.939845,42475511
Albany Avenue,Pacific Street,Brooklyn,40.67705,-73.938695,42475474
Albany Avenue,Park Place,Brooklyn,40.672826,-73.939076,42475485
Albany Avenue,President Street,Brooklyn,40.667469,-73.939593,42475504
Albany Avenue,Prospect Place,Brooklyn,40.673708,-73.938981,42473580
Albany Avenue,Rutland Road,Brooklyn,40.660074,-73.93974,42475526
Albany Avenue,Saint Johns Place,Brooklyn,40.671033,-73.93926,42475491
Albany Avenue,Saint Marks Avenue,Brooklyn,40.674599,-73.938895,42475484
Albany Avenue,Snyder Avenue,Brooklyn,40.649585,-73.938869,42475544
Albany Avenue,Sterling Place,Brooklyn,40.671926,-73.939177,42475001
Albany Avenue,Union Street,Brooklyn,40.668295,-73.939515,42475502
Albany Avenue,Winthrop Street,Brooklyn,40.657766,-73.939615,42475534
Albee Square,Fleet Street,Brooklyn,40.690188,-73.982973,42521394
Albee Square,Fulton Mall,Brooklyn,40.689946,-73.983563,2696777590
Albee Square,Gold Street,Brooklyn,40.69209,-73.983397,42494924
Albee Square,Willoughby Street,Brooklyn,40.69209,-73.983397,42494924
Albemarle Road,Argyle Road,Brooklyn,40.646493,-73.967321,2395646368/42472399
Albemarle Road,Bedford Avenue,Brooklyn,40.647869,-73.955736,42478786
Albemarle Road,Buckingham Road,Brooklyn,40.646802,-73.964542,2395646371/42478836
Albemarle Road,Coney Island Avenue,Brooklyn,40.646109,-73.970777,2351129496/42478820
Albemarle Road,Dahill Road,Brooklyn,40.644984,-73.980911,42478856
Albemarle Road,East 17th Street,Brooklyn,40.646904,-73.963569,42478842
Albemarle Road,East 18th Street,Brooklyn,40.64701,-73.962614,42478844
Albemarle Road,East 19th Street,Brooklyn,40.647113,-73.961664,42465096
Albemarle Road,East 21st Street,Brooklyn,40.647358,-73.959434,42478851
Albemarle Road,East 28th Street,Brooklyn,40.648068,-73.95119,42478803
Albemarle Road,East 29th Street,Brooklyn,40.648104,-73.950258,42476955
Albemarle Road,East 2nd Street,Brooklyn,40.645239,-73.978702,42478863
Albemarle Road,East 3rd Street,Brooklyn,40.645342,-73.977774,42478866
Albemarle Road,East 4th Street,Brooklyn,40.645442,-73.976848,42478870
Albemarle Road,East 5th Street,Brooklyn,40.645544,-73.975919,42478874
Albemarle Road,Flatbush Avenue,Brooklyn,40.647636,-73.958146,42478853/42478783
Albemarle Road,Lott Street,Brooklyn,40.647936,-73.954212,42478791
Albemarle Road,Marlborough Road,Brooklyn,40.646699,-73.965466,2395646370/42478831
Albemarle Road,McDonald Avenue,Brooklyn,40.645109,-73.979879,42478859
Albemarle Road,Nostrand Avenue,Brooklyn,40.648141,-73.949285,42478813
Albemarle Road,Oakland Place,Brooklyn,40.647903,-73.954948,42478789
Albemarle Road,Ocean Avenue,Brooklyn,40.64725,-73.960475,42478848
Albemarle Road,Ocean Parkway,Brooklyn,40.645665,-73.974815,42478877
Albemarle Road,Rogers Avenue,Brooklyn,40.648021,-73.952189,42478799
Albemarle Road,Rugby Road,Brooklyn,40.646596,-73.966394,4311933275/42478828
Albemarle Road,Stratford Road,Brooklyn,40.646287,-73.969175,42475825/2395646366
Albemarle Road,Tehama Street,Brooklyn,40.644984,-73.980911,42478856
Albemarle Road,Veronica Place,Brooklyn,40.647995,-73.952767,42478796
Albemarle Road,Westminster Road,Brooklyn,40.64639,-73.968248,42478822/2395646367
Albemarle Terrace,East 21st Street,Brooklyn,40.64856,-73.959662,42484602
Alder Avenue,Central Avenue,Brooklyn,40.653941,-73.992608,757468075
Alder Avenue,Vista Avenue,Brooklyn,40.653177,-73.993671,757468055
Alice Court,Atlantic Avenue,Brooklyn,40.678055,-73.940565,42497847
Allen Avenue,Aster Court,Brooklyn,40.596678,-73.930204,42460740
Allen Avenue,Bevy Court,Brooklyn,40.596441,-73.930571,42471982
Allen Avenue,Celest Court,Brooklyn,40.5962,-73.930944,42471985
Allen Avenue,Dictum Court,Brooklyn,40.595978,-73.93129,42471986
Allen Avenue,Ebony Court,Brooklyn,40.595721,-73.931688,42471988
Allen Avenue,Garland Court,Brooklyn,40.59524,-73.932432,42466608
Allen Avenue,Gerritsen Avenue,Brooklyn,40.596984,-73.929753,4203227201
Allen Avenue,Knapp Street,Brooklyn,40.594855,-73.933052,42471997
Allen Avenue,Plumb 1st Street,Brooklyn,40.595476,-73.932067,11523826208
Allen Avenue,Plumb 2nd Street,Brooklyn,40.595978,-73.93129,42471986
Almond Path,Atlantic Avenue,Brooklyn,40.653298,-73.986537,1975651600/1975651714
Almond Path,Grove Avenue,Brooklyn,40.653179,-73.987083,1975651799
Alton Place,East 40th Street,Brooklyn,40.624691,-73.93633,42460592
Alton Place,Flatbush Avenue,Brooklyn,40.623678,-73.937984,42491849
Amber Street,Dumont Avenue,Brooklyn,40.671524,-73.858553,42900080
Amber Street,Linden Boulevard,Brooklyn,40.670128,-73.858192,1942055360/1942055380
Amber Street,Loring Avenue,Brooklyn,40.66845,-73.85777,598778547/598778543
Amber Street,Stanley Avenue,Brooklyn,40.666922,-73.85738,42517424
Amboy Street,Blake Avenue,Brooklyn,40.665066,-73.913472,42513034
Amboy Street,Dumont Avenue,Brooklyn,40.66353,-73.913077,42525036
Amboy Street,East 98th Street,Brooklyn,40.654008,-73.910626,1942053876
Amboy Street,East New York Avenue,Brooklyn,40.670533,-73.914873,42475050
Amboy Street,Hegeman Avenue,Brooklyn,40.655702,-73.911083,11335176260
Amboy Street,Linden Boulevard,Brooklyn,40.654175,-73.910685,1942053988/1942053913/1942053876/1942054055
Amboy Street,Livonia Avenue,Brooklyn,40.661993,-73.912686,42477759
Amboy Street,Lott Avenue,Brooklyn,40.657382,-73.911503,42530832
Amboy Street,Newport Street,Brooklyn,40.658918,-73.911897,42511772
Amboy Street,Pitkin Avenue,Brooklyn,40.669125,-73.914509,42511515
Amboy Street,Riverdale Avenue,Brooklyn,40.660455,-73.912292,42496217
Amboy Street,Sterling Place,Brooklyn,40.670533,-73.914873,42475050
Amboy Street,Sutter Avenue,Brooklyn,40.666604,-73.913866,42515045
Amersfort Place,Campus Road,Brooklyn,40.632533,-73.949683,42507844
Amersfort Place,East 26th Street,Brooklyn,40.63593,-73.952465,42471358
Amersfort Place,East 27th Street,Brooklyn,40.63342,-73.95103,42515753/42526211
Amersfort Place,Farragut Road,Brooklyn,40.63593,-73.952465,42471358
Amersfort Place,Glenwood Road,Brooklyn,40.633635,-73.951059,42515753
Ames Lane,East 92nd Street,Brooklyn,40.647022,-73.911536,42467009
Ames Lane,East 93rd Street,Brooklyn,40.647684,-73.910489,42467011
Amherst Street,Hampton Avenue,Brooklyn,40.579375,-73.952373,42490983
Amherst Street,Oriental Boulevard,Brooklyn,40.576989,-73.951928,42464365/1167642566
Amherst Street,Shore Boulevard,Brooklyn,40.58183,-73.952831,42486941
Amity Street,Clinton Street,Brooklyn,40.688913,-73.995002,42502658
Amity Street,Court Street,Brooklyn,40.688364,-73.993004,42497620
Amity Street,Henry Street,Brooklyn,40.689433,-73.996874,42511349
Amity Street,Hicks Street,Brooklyn,40.689864,-73.998423,42483514
Anchorage Place,Plymouth Street,Brooklyn,40.703813,-73.988304,42472724
Angela Drive,East 4th Street,Brooklyn,40.591677,-73.966654,42498751
Angela Drive,East 5th Street,Brooklyn,40.591779,-73.96573,42529631
Angela Drive,Ocean Parkway,Brooklyn,40.591828,-73.965234,2282434943
Anna Court,Stanley Avenue,Brooklyn,40.654833,-73.894411,42485076
Anna Court,Will Place,Brooklyn,40.655762,-73.894708,42484437
Anthony Street,Gardner Avenue,Brooklyn,40.724901,-73.931175,42509697
Anthony Street,Morgan Avenue,Brooklyn,40.722855,-73.939034,42490479
Anthony Street,Porter Avenue,Brooklyn,40.723674,-73.935909,42522710
Anthony Street,Stewart Avenue,Brooklyn,40.724504,-73.932755,42516104
Anthony Street,Vandervoort Avenue,Brooklyn,40.723285,-73.937395,42522703
Anthony Street,Varick Avenue,Brooklyn,40.724071,-73.934318,42505677
Apollo Street,Bridgewater Street,Brooklyn,40.7281,-73.938189,42466856
Apollo Street,Meeker Avenue,Brooklyn,40.724206,-73.937621,42464200
Apollo Street,Nassau Avenue,Brooklyn,40.726239,-73.937942,42466853
Apollo Street,Norman Avenue,Brooklyn,40.7281,-73.938189,42466856
Apollo Street,Vandervoort Avenue,Brooklyn,40.724206,-73.937621,42464200
Applegate Court,West 3rd Street,Brooklyn,40.60082,-73.975431,42512473
Applegate Court,West 4th Street,Brooklyn,40.60071,-73.976339,42501360
Arbor Avenue,Battle Avenue,Brooklyn,40.657675,-73.993975,755897206
Arbor Avenue,Bay Side Avenue,Brooklyn,40.656999,-73.994025,758697425
Ardsley Loop,Vandalia Avenue,Brooklyn,40.651523,-73.883094,42474603/42474612
Argyle Road,Avenue H,Brooklyn,40.629755,-73.964152,42472438
Argyle Road,Beverley Road,Brooklyn,40.644097,-73.966867,42472402
Argyle Road,Caton Avenue,Brooklyn,40.649596,-73.967917,42472392
Argyle Road,Church Avenue,Brooklyn,40.647683,-73.967546,42472396
Argyle Road,Cortelyou Road,Brooklyn,40.640434,-73.966175,42472407
Argyle Road,Ditmas Avenue,Brooklyn,40.636279,-73.965382,42472416
Argyle Road,Dorchester Road,Brooklyn,40.638441,-73.965792,42472037
Argyle Road,East 13th Street,Brooklyn,40.629755,-73.964152,42472438
Argyle Road,Foster Avenue,Brooklyn,40.633246,-73.96481,42472428
Argyle Road,Glenwood Road,Brooklyn,40.63215,-73.964606,42472432/3514060782
Argyle Road,Newkirk Avenue,Brooklyn,40.634683,-73.965085,42472421
Arion Place,Beaver Street,Brooklyn,40.699081,-73.935452,42504531
Arion Place,Broadway,Brooklyn,40.697844,-73.936769,42504529
Arion Place,Bushwick Avenue,Brooklyn,40.699081,-73.935452,42504531
Arkansas Drive,Bassett Avenue,Brooklyn,40.608408,-73.902181,42498978
Arkansas Drive,Indiana Place,Brooklyn,40.606181,-73.905187,42505284
Arkansas Drive,Kansas Place,Brooklyn,40.606467,-73.904323,42505276
Arkansas Drive,Montana Place,Brooklyn,40.606895,-73.903529,42505272
Arlington Avenue,Ashford Street,Brooklyn,40.680539,-73.886735,42502326
Arlington Avenue,Barbey Street,Brooklyn,40.680142,-73.889406,42499692
Arlington Avenue,Bradford Street,Brooklyn,40.679477,-73.893928,42468342
Arlington Avenue,Cleveland Street,Brooklyn,40.680674,-73.885815,42523328
Arlington Avenue,Elton Street,Brooklyn,40.680811,-73.884893,42497172
Arlington Avenue,Essex Street,Brooklyn,40.681085,-73.883031,42512464
Arlington Avenue,Fulton Street,Brooklyn,40.681675,-73.879126,42464796
Arlington Avenue,Hale Avenue,Brooklyn,40.681485,-73.880246,42523336
Arlington Avenue,Hendrix Street,Brooklyn,40.679874,-73.891214,42523323
Arlington Avenue,Highland Place,Brooklyn,40.681356,-73.881155,42490587
Arlington Avenue,Jamaica Avenue,Brooklyn,40.679502,-73.894559,2817030787
Arlington Avenue,Jerome Street,Brooklyn,40.680272,-73.888524,42504334
Arlington Avenue,Linwood Street,Brooklyn,40.680947,-73.883972,42470279
Arlington Avenue,Miller Avenue,Brooklyn,40.679607,-73.893019,42467150
Arlington Avenue,Norwood Avenue,Brooklyn,40.681675,-73.879126,42464796
Arlington Avenue,Schenck Avenue,Brooklyn,40.680008,-73.890311,42523325
Arlington Avenue,Shepherd Avenue,Brooklyn,40.681217,-73.882107,42517249
Arlington Avenue,Van Siclen Avenue,Brooklyn,40.679741,-73.892115,42472380
Arlington Avenue,Warwick Street,Brooklyn,40.680404,-73.88764,42485145
Arlington Place,Fulton Street,Brooklyn,40.680478,-73.951186,42464972
Arlington Place,Halsey Street,Brooklyn,40.681636,-73.951307,42492979
Arlington Place,Macon Street,Brooklyn,40.680902,-73.951171,42492983
Ash Street,Commercial Street,Brooklyn,40.737935,-73.955494,2473602888
Ash Street,Manhattan Avenue,Brooklyn,40.738,-73.955371,2473602887
Ash Street,McGuinness Boulevard,Brooklyn,40.738218,-73.953034,42492099/42492091
Ashford Street,Atlantic Avenue,Brooklyn,40.677587,-73.886022,598622185/598622310
Ashford Street,Belmont Avenue,Brooklyn,40.672232,-73.884698,42484899
Ashford Street,Blake Avenue,Brooklyn,40.669441,-73.88399,42502339
Ashford Street,Cozine Avenue,Brooklyn,40.658344,-73.877587,42486474
Ashford Street,Dumont Avenue,Brooklyn,40.667905,-73.883597,42502341
Ashford Street,Fulton Street,Brooklyn,40.679373,-73.886438,42464773
Ashford Street,Glenmore Avenue,Brooklyn,40.674768,-73.885352,42502332
Ashford Street,Hegeman Avenue,Brooklyn,40.66415,-73.881856,42474483
Ashford Street,Jamaica Avenue,Brooklyn,40.68295,-73.887354,42475167
Ashford Street,Liberty Avenue,Brooklyn,40.67601,-73.885663,42502330
Ashford Street,Linden Boulevard,Brooklyn,40.66278,-73.880853,1942054937/1942054941/1942054950/1942054935
Ashford Street,Livonia Avenue,Brooklyn,40.666376,-73.883199,42477852
Ashford Street,New Lots Avenue,Brooklyn,40.666112,-73.883309,42502303
Ashford Street,Pitkin Avenue,Brooklyn,40.6735,-73.885027,42502333
Ashford Street,Ridgewood Avenue,Brooklyn,40.682453,-73.887222,42478915
Ashford Street,Schroeders Avenue,Brooklyn,40.654174,-73.874651,6411331103
Ashford Street,Stanley Avenue,Brooklyn,40.66117,-73.879683,42502312
Ashford Street,Sutter Avenue,Brooklyn,40.670979,-73.884382,42502336
Ashford Street,Vandalia Avenue,Brooklyn,40.654912,-73.875189,452383641/452383754
Ashford Street,Wortman Avenue,Brooklyn,40.659701,-73.878592,42502317
Ashland Place,DeKalb Avenue,Brooklyn,40.689833,-73.978625,42470439
Ashland Place,Fulton Street,Brooklyn,40.687868,-73.978347,42464855
Ashland Place,Hanson Place,Brooklyn,40.685119,-73.977934,3279453283
Ashland Place,Lafayette Avenue,Brooklyn,40.68682,-73.978208,42470444
Ashland Place,Myrtle Avenue,Brooklyn,40.693492,-73.979162,42470434
Ashland Place,Navy Street,Brooklyn,40.693492,-73.979162,42470434
Ashland Place,Willoughby Street,Brooklyn,40.691921,-73.978947,42470437
Assembly Road,Gee Avenue,Brooklyn,40.702356,-73.968218,7711046931
Assembly Road,Market Street,Brooklyn,40.699468,-73.968688,42533186
Assembly Road,Paulding Street,Brooklyn,40.699091,-73.968702,7711046926
Assembly Road,Railroad Avenue,Brooklyn,40.702867,-73.967656,7711046932
Assembly Road,Washington Avenue,Brooklyn,40.703099,-73.967426,7711046933
Aster Court,Bijou Avenue,Brooklyn,40.595718,-73.929135,42460737
Aster Court,Channel Avenue,Brooklyn,40.594761,-73.928069,42460729
Aster Court,Devon Avenue,Brooklyn,40.593801,-73.926999,42460725
Aster Court,Everett Avenue,Brooklyn,40.592843,-73.925932,42460723
Aster Court,Florence Avenue,Brooklyn,40.591892,-73.924872,42460722
Atkins Avenue,Atlantic Avenue,Brooklyn,40.679173,-73.880152,598622204
Atkins Avenue,Belmont Avenue,Brooklyn,40.673119,-73.878647,42484924
Atkins Avenue,Blake Avenue,Brooklyn,40.670327,-73.87795,42513095
Atkins Avenue,Cozine Avenue,Brooklyn,40.660799,-73.871822,11350204524
Atkins Avenue,Dumont Avenue,Brooklyn,40.668787,-73.877568,42513541
Atkins Avenue,Erskine Street,Brooklyn,40.659468,-73.870832,1273032320
Atkins Avenue,Flatlands Avenue,Brooklyn,40.659468,-73.870832,1273032320
Atkins Avenue,Glenmore Avenue,Brooklyn,40.675657,-73.879275,42504691
Atkins Avenue,Hegeman Avenue,Brooklyn,40.666612,-73.876137,42474503
Atkins Avenue,Liberty Avenue,Brooklyn,40.6769,-73.879584,42513515
Atkins Avenue,Linden Boulevard,Brooklyn,40.665249,-73.875126,1942055072/1942055076/1942055060/1942055079
Atkins Avenue,New Lots Avenue,Brooklyn,40.668588,-73.87755,42513547
Atkins Avenue,Pitkin Avenue,Brooklyn,40.674384,-73.87896,42511608
Atkins Avenue,Stanley Avenue,Brooklyn,40.663645,-73.873935,42513559
Atkins Avenue,Sutter Avenue,Brooklyn,40.671864,-73.878333,42513531
Atkins Avenue,Wortman Avenue,Brooklyn,40.662162,-73.872835,42513564
Atlantic Avenue,Autumn Avenue,Brooklyn,40.682187,-73.869804,2922393072/42498139
Atlantic Avenue,Bancroft Place,Brooklyn,40.676934,-73.920106,42497871
Atlantic Avenue,Barbey Street,Brooklyn,40.676961,-73.888587,598622242/598622263
Atlantic Avenue,Beach 38th Street,Brooklyn,40.573476,-74.004439,42486572
Atlantic Avenue,Beach 40th Street,Brooklyn,40.574092,-74.006293,42498254
Atlantic Avenue,Beach 42nd Street,Brooklyn,40.574761,-74.008272,42498257
Atlantic Avenue,Beach 43rd Street,Brooklyn,40.575022,-74.009052,42498259
Atlantic Avenue,Beach 44th Street,Brooklyn,40.575363,-74.009769,1909423369
Atlantic Avenue,Beach 45th Street,Brooklyn,40.575927,-74.010151,1909423549
Atlantic Avenue,Bedford Avenue,Brooklyn,40.678718,-73.952985,42497832/597728154
Atlantic Avenue,Bedford Place,Brooklyn,40.679037,-73.954165,42497830
Atlantic Avenue,Berriman Street,Brooklyn,40.678983,-73.881059,598622332/598622247
Atlantic Avenue,Boerum Place,Brooklyn,40.689107,-73.990581,2342949808/42497780
Atlantic Avenue,Bond Street,Brooklyn,40.68693,-73.984829,42466454
Atlantic Avenue,Bradford Street,Brooklyn,40.676144,-73.893068,598622290/598622270
Atlantic Avenue,Bridge Park Drive,Brooklyn,40.692047,-74.000626,42497758
Atlantic Avenue,Brooklyn Avenue,Brooklyn,40.678167,-73.944156,42497840/597728159
Atlantic Avenue,Buffalo Avenue,Brooklyn,40.67711,-73.92477,42497866/597728043
Atlantic Avenue,Carlton Avenue,Brooklyn,40.682433,-73.970687,597728146/42470380
Atlantic Avenue,Central Avenue,Brooklyn,40.653984,-73.988703,757468115
Atlantic Avenue,Chestnut Street,Brooklyn,40.680829,-73.874876,42488967
Atlantic Avenue,Classon Avenue,Brooklyn,40.679839,-73.958292,597728152/42497821
Atlantic Avenue,Clermont Avenue,Brooklyn,40.682021,-73.968729,597728147/42467038
Atlantic Avenue,Cleveland Street,Brooklyn,40.677819,-73.885178,598622258/598622323
Atlantic Avenue,Clinton Avenue,Brooklyn,40.681577,-73.966593,42497813/597728149
Atlantic Avenue,Clinton Street,Brooklyn,40.69024,-73.994356,42497777
Atlantic Avenue,Columbia Street,Brooklyn,40.691668,-73.999445,3853864315
Atlantic Avenue,Columbus Place,Brooklyn,40.677089,-73.922804,42495736
Atlantic Avenue,Conduit Boulevard,Brooklyn,40.68037,-73.876481,42464054
Atlantic Avenue,Court Street,Brooklyn,40.689688,-73.992368,42497598
Atlantic Avenue,Crescent Street,Brooklyn,40.681688,-73.871559,2922393070/42472614
Atlantic Avenue,Cumberland Street,Brooklyn,40.682671,-73.97183,597727993/597728145
Atlantic Avenue,Dewey Place,Brooklyn,40.676831,-73.918297,42497875
Atlantic Avenue,East New York Avenue,Brooklyn,40.675777,-73.902777,597773104/597773651/597783053/597773103
Atlantic Avenue,Eastern Parkway,Brooklyn,40.676183,-73.90809,1260335139/42474924/1260335152/2954866546/2954866483/597727988/2954866519/2954866488
Atlantic Avenue,Elm Avenue,Brooklyn,40.653502,-73.98606,757468729
Atlantic Avenue,Elton Street,Brooklyn,40.678157,-73.884199,598622253
Atlantic Avenue,Essex Street,Brooklyn,40.678546,-73.882618,598622249/598622324
Atlantic Avenue,Euclid Avenue,Brooklyn,40.68112,-73.873591,42464067/2922393068
Atlantic Avenue,Flatbush Avenue,Brooklyn,40.684064,-73.977476,42491613
Atlantic Avenue,Fort Greene Place,Brooklyn,40.68352,-73.975977,42465230/11162133991
Atlantic Avenue,Fountain Avenue,Brooklyn,40.68016,-73.876568,588152464
Atlantic Avenue,Franklin Avenue,Brooklyn,40.679204,-73.955278,597728153/42497826
Atlantic Avenue,Furman Street,Brooklyn,40.691827,-73.999973,588036474
Atlantic Avenue,Georgia Avenue,Brooklyn,40.67563,-73.898782,2954866560/597748762/597748763/2954866520
Atlantic Avenue,Grand Avenue,Brooklyn,40.680479,-73.961353,597727992/248606379
Atlantic Avenue,Grant Avenue,Brooklyn,40.682948,-73.867153,2807212491/42498189
Atlantic Avenue,Greenborough Avenue,Brooklyn,40.655595,-73.990989,757468627
Atlantic Avenue,Grove Avenue,Brooklyn,40.653598,-73.986706,1975651683/757468555
Atlantic Avenue,Gunther Place,Brooklyn,40.676451,-73.911855,42485177
Atlantic Avenue,Hale Avenue,Brooklyn,40.67943,-73.879742,598622246
Atlantic Avenue,Havens Place,Brooklyn,40.676095,-73.904376,597748777
Atlantic Avenue,Hemlock Street,Brooklyn,40.681996,-73.870722,2922393071
Atlantic Avenue,Hendrix Street,Brooklyn,40.676603,-73.890368,598622265/598622293
Atlantic Avenue,Henry Street,Brooklyn,40.690758,-73.996233,42497773
Atlantic Avenue,Hicks Street,Brooklyn,40.691196,-73.997785,42483504
Atlantic Avenue,Highland Avenue,Brooklyn,40.656538,-73.992441,757468298
Atlantic Avenue,Highland Place,Brooklyn,40.679119,-73.880584,598622196/598622198
Atlantic Avenue,Hinsdale Street,Brooklyn,40.675545,-73.90161,597748754
Atlantic Avenue,Howard Avenue,Brooklyn,40.676802,-73.919235,42479217/597728030
Atlantic Avenue,Hoyt Street,Brooklyn,40.687773,-73.987,42497784
Atlantic Avenue,Hunterfly Place,Brooklyn,40.677385,-73.928223,42485618
Atlantic Avenue,Jardine Place,Brooklyn,40.676145,-73.905244,597748783
Atlantic Avenue,Jasmine Path,Brooklyn,40.653555,-73.985866,1975651769
Atlantic Avenue,Jerome Street,Brooklyn,40.677151,-73.887728,598622328/598622243
Atlantic Avenue,Kane Place,Brooklyn,40.677141,-73.923779,42466683
Atlantic Avenue,Kingston Avenue,Brooklyn,40.678016,-73.941388,42467431/597728063
Atlantic Avenue,Lincoln Avenue,Brooklyn,40.682428,-73.868969,2922393073/42498175
Atlantic Avenue,Linden Avenue,Brooklyn,40.653984,-73.988703,757468115
Atlantic Avenue,Linwood Street,Brooklyn,40.67829,-73.883509,598622251/598622292
Atlantic Avenue,Logan Street,Brooklyn,40.680013,-73.877444,598622329/598622244
Atlantic Avenue,Louis Place,Brooklyn,40.676699,-73.917394,42492802/597728014
Atlantic Avenue,Marconi Place,Brooklyn,40.676512,-73.912757,42489402
Atlantic Avenue,Milford Street,Brooklyn,40.679673,-73.878377,598622330
Atlantic Avenue,Miller Avenue,Brooklyn,40.676286,-73.892175,598622289/598622267
Atlantic Avenue,Monaco Place,Brooklyn,40.676305,-73.909076,42497905
Atlantic Avenue,Montauk Avenue,Brooklyn,40.67942,-73.879257,598622326
Atlantic Avenue,Neptune Avenue,Brooklyn,40.576105,-74.009996,1773321166
Atlantic Avenue,Nevins Street,Brooklyn,40.686086,-73.982661,42497788
Atlantic Avenue,New Jersey Avenue,Brooklyn,40.675829,-73.895824,598622279/598622287
Atlantic Avenue,New York Avenue,Brooklyn,40.678318,-73.946921,597728158/42496494
Atlantic Avenue,Nichols Avenue,Brooklyn,40.682656,-73.868123,42482730/2807212487
Atlantic Avenue,Norwood Avenue,Brooklyn,40.67974,-73.878655,598622245
Atlantic Avenue,Nostrand Avenue,Brooklyn,40.678466,-73.949687,42481610/597728157
Atlantic Avenue,Ocean Avenue,Brooklyn,40.653897,-73.984013,757468756
Atlantic Avenue,Pennsylvania Avenue,Brooklyn,40.675742,-73.896849,598622280/598622281
Atlantic Avenue,Perry Place,Brooklyn,40.678682,-73.952054,42497835
Atlantic Avenue,Pine Street,Brooklyn,40.681474,-73.872548,2922393069
Atlantic Avenue,Pleasant Place,Brooklyn,40.676358,-73.909999,42488499
Atlantic Avenue,Prescott Place,Brooklyn,40.67698,-73.920946,42478660
Atlantic Avenue,Radde Place,Brooklyn,40.676618,-73.914631,42497889
Atlantic Avenue,Ralph Avenue,Brooklyn,40.676947,-73.921823,42494033/597728029
Atlantic Avenue,Rochester Avenue,Brooklyn,40.677258,-73.927549,597728050/42497859
Atlantic Avenue,Rockaway Avenue,Brooklyn,40.676342,-73.910921,42497899/597728004
Atlantic Avenue,Roosevelt Place,Brooklyn,40.676667,-73.915523,42464344
Atlantic Avenue,Sackman Street,Brooklyn,40.676079,-73.906132,597748787/597748757
Atlantic Avenue,Saint Andrews Place,Brooklyn,40.678199,-73.943197,42473185
Atlantic Avenue,Saint James Place,Brooklyn,40.680954,-73.963307,42479665
Atlantic Avenue,Saratoga Avenue,Brooklyn,40.676647,-73.91647,42476352/597728024
Atlantic Avenue,Schenck Avenue,Brooklyn,40.676778,-73.889483,598622240/598622241
Atlantic Avenue,Schenectady Avenue,Brooklyn,40.67756,-73.933071,597728036/42497854
Atlantic Avenue,Sheffield Avenue,Brooklyn,40.675681,-73.897852,42497958/597748743
Atlantic Avenue,Shepherd Avenue,Brooklyn,40.678797,-73.881743,598622248/598622327
Atlantic Avenue,Sheridan Avenue,Brooklyn,40.682605,-73.868073,42482730
Atlantic Avenue,Sherlock Place,Brooklyn,40.676238,-73.907129,2000417134
Atlantic Avenue,Smith Street,Brooklyn,40.688615,-73.989168,42492219
Atlantic Avenue,Snediker Avenue,Brooklyn,40.675544,-73.90256,597748753
Atlantic Avenue,South Conduit Boulevard,Brooklyn,40.680191,-73.875706,588152453
Atlantic Avenue,South Oxford Street,Brooklyn,40.682937,-73.972787,597727994
Atlantic Avenue,South Portland Avenue,Brooklyn,40.683148,-73.973789,42477215
Atlantic Avenue,Suydam Place,Brooklyn,40.677295,-73.926593,42497862
Atlantic Avenue,Thomas S. Boyland Street,Brooklyn,40.676497,-73.913692,42497892/597728022
Atlantic Avenue,Times Plaza,Brooklyn,40.684381,-73.978285,42484806
Atlantic Avenue,Troy Avenue,Brooklyn,40.677714,-73.935844,42493206/597728103
Atlantic Avenue,Underhill Avenue,Brooklyn,40.681079,-73.964537,597728150
Atlantic Avenue,Utica Avenue,Brooklyn,40.67741,-73.930303,597728040/42497855
Atlantic Avenue,Van Siclen Avenue,Brooklyn,40.676444,-73.891273,598622291/598622239
Atlantic Avenue,Van Sinderen Avenue,Brooklyn,40.676029,-73.903464,597748771
Atlantic Avenue,Vanderbilt Avenue,Brooklyn,40.681769,-73.967529,597711097/597728148
Atlantic Avenue,Vermont Street,Brooklyn,40.675911,-73.894915,598622288/598622278
Atlantic Avenue,Warwick Street,Brooklyn,40.677363,-73.886861,598622296/598622261
Atlantic Avenue,Washington Avenue,Brooklyn,40.681121,-73.964404,42478411/597728151
Atlantic Avenue,Waverly Avenue,Brooklyn,40.681419,-73.965513,42487095
Atlantic Avenue,William Place,Brooklyn,40.675922,-73.902535,597773103
Atlantic Avenue,Williams Avenue,Brooklyn,40.675596,-73.90066,597748755/597748765
Atlantic Avenue,Wyona Street,Brooklyn,40.676023,-73.893977,598622272/598622233
Atlantic Commons,Cumberland Street,Brooklyn,40.684238,-73.972118,42510143
Atlantic Commons,South Oxford Street,Brooklyn,40.684137,-73.973026,42504223
Auburn Place,North Portland Avenue,Brooklyn,40.694412,-73.976052,42524113
Auburn Place,Saint Edwards Street,Brooklyn,40.694254,-73.978001,42494844
Aurelia Court,East 31st Street,Brooklyn,40.629942,-73.946449,42483761
Aurelia Court,East 32nd Street,Brooklyn,40.630044,-73.94552,42464467
Aurelia Court,Flatbush Avenue,Brooklyn,40.630125,-73.944806,42491799
Autumn Avenue,Autumn Lane,Brooklyn,40.66336,-73.865096,42499603
Autumn Avenue,Belmont Avenue,Brooklyn,40.674669,-73.867903,42484958
Autumn Avenue,Blake Avenue,Brooklyn,40.671871,-73.867221,42499589
Autumn Avenue,Danforth Street,Brooklyn,40.687082,-73.87098,42499608
Autumn Avenue,Dumont Avenue,Brooklyn,40.670334,-73.866837,42499592
Autumn Avenue,Etna Street,Brooklyn,40.687474,-73.871069,42495037
Autumn Avenue,Fulton Street,Brooklyn,40.68419,-73.870296,42464810
Autumn Avenue,Glen Street,Brooklyn,40.681153,-73.869564,42499611
Autumn Avenue,Glenmore Avenue,Brooklyn,40.677218,-73.86855,42499637
Autumn Avenue,Hill Street,Brooklyn,40.679117,-73.869104,42499621
Autumn Avenue,Jamaica Avenue,Brooklyn,40.690277,-73.871729,42475215
Autumn Avenue,Liberty Avenue,Brooklyn,40.678438,-73.868899,42499632/11869059949
Autumn Avenue,Linden Boulevard,Brooklyn,40.668931,-73.866489,1942055308/1942055287
Autumn Avenue,Loring Avenue,Brooklyn,40.667266,-73.866076,42478722
Autumn Avenue,McKinley Avenue,Brooklyn,40.679995,-73.869297,42499617/42499613
Autumn Avenue,O'Brien Place,Brooklyn,40.686392,-73.870815,42499610
Autumn Avenue,Pitkin Avenue,Brooklyn,40.675942,-73.868225,42499570
Autumn Avenue,Ridgewood Avenue,Brooklyn,40.685918,-73.870704,42478963
Autumn Avenue,South Conduit Boulevard,Brooklyn,40.676522,-73.868343,598629590
Autumn Avenue,Stanley Avenue,Brooklyn,40.665736,-73.865695,42499597
Autumn Avenue,Sutter Avenue,Brooklyn,40.673419,-73.867606,42499580
Autumn Avenue,Weldon Street,Brooklyn,40.680476,-73.86941,42471632
Autumn Avenue,Wortman Avenue,Brooklyn,40.664179,-73.865308,42499600
Autumn Lane,Hemlock Street,Brooklyn,40.663217,-73.866043,42528963
Avenue A,East 87th Street,Brooklyn,40.649699,-73.920479,42491119
Avenue A,East 88th Street,Brooklyn,40.650201,-73.919621,42460167
Avenue A,East 89th Street,Brooklyn,40.65066,-73.918907,42522122
Avenue A,East 91st Street,Brooklyn,40.651654,-73.91737,42526416
Avenue A,East 92nd Street,Brooklyn,40.652119,-73.916655,42513361
Avenue A,East 93rd Street,Brooklyn,40.652577,-73.915941,42500170
Avenue A,East 94th Street,Brooklyn,40.653039,-73.915226,42530809
Avenue A,East 95th Street,Brooklyn,40.653501,-73.914511,42519983
Avenue A,East 96th Street,Brooklyn,40.654103,-73.913692,1942053911
Avenue A,Linden Boulevard,Brooklyn,40.654118,-73.913767,2806833913/1942053911/1942053879
Avenue A,Ralph Avenue,Brooklyn,40.649699,-73.920479,42491119
Avenue A,Remsen Avenue,Brooklyn,40.651158,-73.918137,42468618
Avenue B,Beverley Road,Brooklyn,40.647013,-73.920185,42493949
Avenue B,East 86th Street,Brooklyn,40.647653,-73.919232,42517676
Avenue B,East 87th Street,Brooklyn,40.648106,-73.918515,42491122
Avenue B,East 88th Street,Brooklyn,40.648568,-73.917801,42460169
Avenue B,East 89th Street,Brooklyn,40.649027,-73.917087,42522125
Avenue B,East 91st Street,Brooklyn,40.650021,-73.915548,42526421
Avenue B,East 92nd Street,Brooklyn,40.650484,-73.914835,42513358
Avenue B,East 93rd Street,Brooklyn,40.650945,-73.914122,42500174
Avenue B,East 94th Street,Brooklyn,40.651407,-73.913407,42530895
Avenue B,East 95th Street,Brooklyn,40.651867,-73.912692,42519987
Avenue B,East 96th Street,Brooklyn,40.652437,-73.911815,42494101
Avenue B,East 98th Street,Brooklyn,40.653521,-73.910144,42475624
Avenue B,Ralph Avenue,Brooklyn,40.647013,-73.920185,42493949
Avenue B,Remsen Avenue,Brooklyn,40.649527,-73.91632,42468621
Avenue B,Rockaway Parkway,Brooklyn,40.652951,-73.911016,42512592
Avenue C,Coney Island Avenue,Brooklyn,40.641383,-73.969399,42489130
Avenue C,Dahill Road,Brooklyn,40.640215,-73.98001,42515317
Avenue C,McDonald Avenue,Brooklyn,40.640317,-73.979082,42501946/3502364220
Avenue C,Ocean Parkway,Brooklyn,40.640919,-73.973637,42508600/42508746/42508671
Avenue C,Ocean Parkway Bike Path,Brooklyn,40.640898,-73.973816,454381199
Avenue D,Bank Street,Brooklyn,40.655742,-73.899385,42460406
Avenue D,Bedford Avenue,Brooklyn,40.640589,-73.954282,10673663141
Avenue D,Brooklyn Avenue,Brooklyn,40.641311,-73.942756,42531330
Avenue D,Dewitt Avenue,Brooklyn,40.655742,-73.899385,42460406
Avenue D,East 101st Street,Brooklyn,40.651877,-73.904551,42521887
Avenue D,East 105th Street,Brooklyn,40.653752,-73.901651,42482069
Avenue D,East 23rd Street,Brooklyn,40.640528,-73.95525,42508340
Avenue D,East 25th Street,Brooklyn,40.640649,-73.953308,42531316
Avenue D,East 26th Street,Brooklyn,40.640707,-73.952376,42471333
Avenue D,East 28th Street,Brooklyn,40.64083,-73.950419,42502496
Avenue D,East 29th Street,Brooklyn,40.64089,-73.949485,42476971
Avenue D,East 31st Street,Brooklyn,40.641014,-73.947546,42483749
Avenue D,East 32nd Street,Brooklyn,40.641073,-73.946612,42464460
Avenue D,East 34th Street,Brooklyn,40.641195,-73.944653,42500514
Avenue D,East 35th Street,Brooklyn,40.641253,-73.943725,42473697
Avenue D,East 37th Street,Brooklyn,40.641372,-73.94179,42505803
Avenue D,East 38th Street,Brooklyn,40.64143,-73.940848,42513900
Avenue D,East 39th Street,Brooklyn,40.641486,-73.939915,42487283
Avenue D,East 40th Street,Brooklyn,40.641546,-73.938981,42460600
Avenue D,East 42nd Street,Brooklyn,40.641666,-73.937044,42476222
Avenue D,East 43rd Street,Brooklyn,40.641721,-73.936108,42531337
Avenue D,East 45th Street,Brooklyn,40.641844,-73.934173,42484500
Avenue D,East 46th Street,Brooklyn,40.641903,-73.933238,42531340
Avenue D,East 48th Street,Brooklyn,40.642022,-73.9313,42489579
Avenue D,East 49th Street,Brooklyn,40.642079,-73.930368,42531343
Avenue D,East 51st Street,Brooklyn,40.642203,-73.928354,42503286
Avenue D,East 52nd Street,Brooklyn,40.642261,-73.927419,42531112
Avenue D,East 53rd Street,Brooklyn,40.642321,-73.926451,42473176
Avenue D,East 55th Street,Brooklyn,40.642438,-73.924547,42514053
Avenue D,East 56th Street,Brooklyn,40.642504,-73.923566,42467726
Avenue D,East 57th Street,Brooklyn,40.642719,-73.922626,5488761941
Avenue D,East 88th Street,Brooklyn,40.644158,-73.912929,42531390
Avenue D,East 89th Street,Brooklyn,40.645367,-73.912981,42522101
Avenue D,East 92nd Street,Brooklyn,40.647224,-73.911755,42513347
Avenue D,East 93rd Street,Brooklyn,40.647888,-73.910716,42500057
Avenue D,East 94th Street,Brooklyn,40.648355,-73.910004,42531296
Avenue D,East 95th Street,Brooklyn,40.648817,-73.90929,42520003
Avenue D,East 96th Street,Brooklyn,40.649388,-73.908399,42494145
Avenue D,East 99th Street,Brooklyn,40.650944,-73.905968,42516737
Avenue D,Flatbush Avenue,Brooklyn,40.640528,-73.955662,42491734
Avenue D,Foster Avenue,Brooklyn,40.644199,-73.912977,42531390/3581169294
Avenue D,Kings Highway,Brooklyn,40.642388,-73.925366,2547381199/42530739/3534052835
Avenue D,New York Avenue,Brooklyn,40.641133,-73.945626,42496587
Avenue D,Nostrand Avenue,Brooklyn,40.640952,-73.948515,42481730
Avenue D,Remsen Avenue,Brooklyn,40.646383,-73.912796,42468633/42468630
Avenue D,Rockaway Avenue,Brooklyn,40.650944,-73.905968,42516737
Avenue D,Rockaway Parkway,Brooklyn,40.649896,-73.907615,5198593257
Avenue D,Rogers Avenue,Brooklyn,40.640767,-73.951406,42526068
Avenue D,Schenectady Avenue,Brooklyn,40.641963,-73.932269,42516422
Avenue D,Troy Avenue,Brooklyn,40.641785,-73.935139,42493083
Avenue D,Utica Avenue,Brooklyn,40.642141,-73.929361,42520982
Avenue D,Van Sinderen Avenue,Brooklyn,40.656826,-73.898963,661821929
Avenue F,Dahill Road,Brooklyn,40.633045,-73.978652,42515337
Avenue F,East 2nd Street,Brooklyn,40.633289,-73.976434,42495239
Avenue F,East 3rd Street,Brooklyn,40.633386,-73.97551,42516898
Avenue F,East 4th Street,Brooklyn,40.633488,-73.974583,42498771
Avenue F,East 5th Street,Brooklyn,40.633591,-73.973654,42531001
Avenue F,McDonald Avenue,Brooklyn,40.633163,-73.977605,42501950
Avenue F,Ocean Parkway,Brooklyn,40.633721,-73.972543,42508756
Avenue H,Brooklyn Avenue,Brooklyn,40.632024,-73.941765,9258589454
Avenue H,Coney Island Avenue,Brooklyn,40.629544,-73.966074,42489159
Avenue H,East 10th Street,Brooklyn,40.629433,-73.967077,42500704
Avenue H,East 12th Street,Brooklyn,40.629653,-73.965079,42501768
Avenue H,East 13th Street,Brooklyn,40.629755,-73.964152,42472438
Avenue H,East 14th Street,Brooklyn,40.629857,-73.963223,42490062
Avenue H,East 15th Street,Brooklyn,40.629959,-73.962296,42487771
Avenue H,East 16th Street,Brooklyn,40.630061,-73.961368,42531779
Avenue H,East 17th Street,Brooklyn,40.630167,-73.960407,4504057412/42519142
Avenue H,East 18th Street,Brooklyn,40.630273,-73.95944,42492579
Avenue H,East 19th Street,Brooklyn,40.630377,-73.958497,42465117
Avenue H,East 32nd Street,Brooklyn,40.631778,-73.945617,42464435
Avenue H,East 34th Street,Brooklyn,40.631907,-73.943667,42500496
Avenue H,East 35th Street,Brooklyn,40.631965,-73.942738,42473668
Avenue H,East 37th Street,Brooklyn,40.632084,-73.940794,42505813
Avenue H,East 38th Street,Brooklyn,40.632142,-73.93986,9258589460
Avenue H,East 39th Street,Brooklyn,40.632193,-73.938925,42487290
Avenue H,East 40th Street,Brooklyn,40.632267,-73.937697,5513744742/42460606
Avenue H,East 42nd Street,Brooklyn,40.632371,-73.936046,42476205
Avenue H,East 43rd Street,Brooklyn,40.632429,-73.935116,42531822
Avenue H,East 45th Street,Brooklyn,40.632548,-73.933175,42484520
Avenue H,East 46th Street,Brooklyn,40.632607,-73.932242,42531825
Avenue H,East 48th Street,Brooklyn,40.632726,-73.930312,42489514
Avenue H,East 49th Street,Brooklyn,40.632788,-73.929362,42531832
Avenue H,East 51st Street,Brooklyn,40.63291,-73.927358,42503195
Avenue H,East 52nd Street,Brooklyn,40.632967,-73.926425,42531026
Avenue H,East 53rd Street,Brooklyn,40.633028,-73.925456,42473089
Avenue H,East 54th Street,Brooklyn,40.63309,-73.924486,42531839
Avenue H,East 55th Street,Brooklyn,40.633146,-73.923556,42513972
Avenue H,East 56th Street,Brooklyn,40.633209,-73.922587,42467751
Avenue H,East 57th Street,Brooklyn,40.633276,-73.921618,42524238
Avenue H,East 58th Street,Brooklyn,40.63333,-73.920683,42500325
Avenue H,East 7th Street,Brooklyn,40.629112,-73.969998,42485268
Avenue H,East 8th Street,Brooklyn,40.62923,-73.968927,42531769
Avenue H,East 9th Street,Brooklyn,40.629331,-73.968003,42517168
Avenue H,Flatbush Avenue,Brooklyn,40.631712,-73.946484,9258589447
Avenue H,Glenwood Road,Brooklyn,40.63333,-73.920683,42500325
Avenue H,Kings Highway,Brooklyn,40.632756,-73.929837,2317435540/2317435541/42530703
Avenue H,New York Avenue,Brooklyn,40.631847,-73.944635,9258589450
Avenue H,Nostrand Avenue,Brooklyn,40.631581,-73.947543,42481750
Avenue H,Ocean Avenue,Brooklyn,40.630508,-73.957305,42512766
Avenue H,Ocean Parkway,Brooklyn,40.628952,-73.971233,2282435337/42508772
Avenue H,Paerdegat Avenue South,Brooklyn,40.633353,-73.920242,42525893
Avenue H,Rugby Road,Brooklyn,40.629857,-73.963223,42490062
Avenue H,Schenectady Avenue,Brooklyn,40.632666,-73.931273,42516451
Avenue H,Troy Avenue,Brooklyn,40.632492,-73.934146,42493109
Avenue H,Utica Avenue,Brooklyn,40.632847,-73.928364,42521006
Avenue H,Westminster Road,Brooklyn,40.629653,-73.965079,42501768
Avenue I,Bedford Avenue,Brooklyn,40.628653,-73.952071,42520447
Avenue I,Brooklyn Avenue,Brooklyn,40.629687,-73.941509,9258620025
Avenue I,Coney Island Avenue,Brooklyn,40.627164,-73.965627,42489165
Avenue I,Dahill Road,Brooklyn,40.625878,-73.977278,42515372
Avenue I,East 10th Street,Brooklyn,40.627054,-73.966623,42500728
Avenue I,East 12th Street,Brooklyn,40.627265,-73.964628,42528317
Avenue I,East 13th Street,Brooklyn,40.627368,-73.9637,42506126
Avenue I,East 14th Street,Brooklyn,40.627472,-73.962774,42514073
Avenue I,East 15th Street,Brooklyn,40.627573,-73.961843,42487776
Avenue I,East 16th Street,Brooklyn,40.627674,-73.960918,42531957
Avenue I,East 17th Street,Brooklyn,40.627783,-73.959955,42519003
Avenue I,East 18th Street,Brooklyn,40.627893,-73.958996,42492584
Avenue I,East 19th Street,Brooklyn,40.627993,-73.95805,42465128
Avenue I,East 21st Street,Brooklyn,40.628241,-73.955813,42531966
Avenue I,East 22nd Street,Brooklyn,40.628343,-73.954887,42531968
Avenue I,East 23rd Street,Brooklyn,40.628446,-73.953961,42508378
Avenue I,East 24th Street,Brooklyn,40.628546,-73.953033,42489650
Avenue I,East 26th Street,Brooklyn,40.628759,-73.951108,42471423
Avenue I,East 27th Street,Brooklyn,40.628861,-73.950179,42526224
Avenue I,East 28th Street,Brooklyn,40.628962,-73.949253,42502515
Avenue I,East 29th Street,Brooklyn,40.629064,-73.948325,42477001
Avenue I,East 2nd Street,Brooklyn,40.626119,-73.975078,42495253
Avenue I,East 31st Street,Brooklyn,40.629284,-73.946328,42483764
Avenue I,East 32nd Street,Brooklyn,40.629385,-73.945402,42464469
Avenue I,East 34th Street,Brooklyn,40.629569,-73.94341,42500530
Avenue I,East 35th Street,Brooklyn,40.629626,-73.942483,42473711
Avenue I,East 37th Street,Brooklyn,40.629747,-73.940539,42505845
Avenue I,East 38th Street,Brooklyn,40.629805,-73.939608,42513959
Avenue I,East 39th Street,Brooklyn,40.629863,-73.938673,42487301
Avenue I,East 3rd Street,Brooklyn,40.626222,-73.974149,42516982
Avenue I,East 40th Street,Brooklyn,40.629921,-73.937739,42460586
Avenue I,East 42nd Street,Brooklyn,40.630042,-73.935798,42476207
Avenue I,East 43rd Street,Brooklyn,40.6301,-73.934868,42532003
Avenue I,East 45th Street,Brooklyn,40.63022,-73.932935,42484526
Avenue I,East 46th Street,Brooklyn,40.630276,-73.931986,42532011
Avenue I,East 48th Street,Brooklyn,40.630395,-73.930055,42489522
Avenue I,East 49th Street,Brooklyn,40.630453,-73.929121,42532018
Avenue I,East 4th Street,Brooklyn,40.626326,-73.97322,42498706
Avenue I,East 51st Street,Brooklyn,40.630577,-73.927108,42503210
Avenue I,East 52nd Street,Brooklyn,40.630635,-73.926177,42531028
Avenue I,East 53rd Street,Brooklyn,40.630695,-73.925206,42473093
Avenue I,East 54th Street,Brooklyn,40.630754,-73.92424,42532026
Avenue I,East 55th Street,Brooklyn,40.630812,-73.923305,42513975
Avenue I,East 56th Street,Brooklyn,40.630872,-73.922335,42467752
Avenue I,East 57th Street,Brooklyn,40.630944,-73.921366,42524239
Avenue I,East 58th Street,Brooklyn,40.630904,-73.920418,42500327
Avenue I,East 5th Street,Brooklyn,40.626429,-73.972292,42530904
Avenue I,East 7th Street,Brooklyn,40.626731,-73.969557,42485276
Avenue I,East 8th Street,Brooklyn,40.62685,-73.96848,42531940
Avenue I,East 9th Street,Brooklyn,40.626952,-73.967556,42517173
Avenue I,Flatbush Avenue,Brooklyn,40.629521,-73.944167,42491804
Avenue I,Flatlands Avenue,Brooklyn,40.630904,-73.920418,42500327
Avenue I,Kings Highway,Brooklyn,40.630246,-73.932455,2317435531/2541482508/42530678
Avenue I,McDonald Avenue,Brooklyn,40.625988,-73.976261,42501976
Avenue I,New York Avenue,Brooklyn,40.629488,-73.944469,42496618
Avenue I,Nostrand Avenue,Brooklyn,40.629174,-73.947329,42481760
Avenue I,Ocean Avenue,Brooklyn,40.628127,-73.956848,42512772
Avenue I,Ocean Parkway,Brooklyn,40.626581,-73.970917,2282435322/42508782/2282435319
Avenue I,Ocean Parkway Bike Path,Brooklyn,40.62656,-73.971109,2356694621
Avenue I,Schenectady Avenue,Brooklyn,40.630336,-73.931026,42516460
Avenue I,Troy Avenue,Brooklyn,40.63016,-73.933896,42493115
Avenue I,Utica Avenue,Brooklyn,40.630515,-73.928115,42521011
Avenue J,Bay Parkway,Brooklyn,40.623977,-73.972439,42468916
Avenue J,Bedford Avenue,Brooklyn,40.626263,-73.951619,42520450
Avenue J,Brooklyn Avenue,Brooklyn,40.627348,-73.941267,42532485
Avenue J,Coney Island Avenue,Brooklyn,40.624773,-73.965174,42489166
Avenue J,Dahill Road,Brooklyn,40.623488,-73.976836,42515362
Avenue J,East 100th Street,Brooklyn,40.643516,-73.896491,42494891
Avenue J,East 101st Street,Brooklyn,40.643977,-73.895777,42521895
Avenue J,East 102nd Street,Brooklyn,40.644438,-73.895063,42506143
Avenue J,East 103rd Street,Brooklyn,40.644917,-73.894322,42492711
Avenue J,East 104th Street,Brooklyn,40.645397,-73.89358,42508539
Avenue J,East 105th Street,Brooklyn,40.645874,-73.892837,42482087
Avenue J,East 106th Street,Brooklyn,40.646323,-73.892142,42532427
Avenue J,East 107th Street,Brooklyn,40.646781,-73.891432,42494838
Avenue J,East 108th Street,Brooklyn,40.647256,-73.89071,42468397
Avenue J,East 10th Street,Brooklyn,40.624663,-73.966169,42500731
Avenue J,East 12th Street,Brooklyn,40.624884,-73.964175,42528320
Avenue J,East 13th Street,Brooklyn,40.624986,-73.963249,42506122
Avenue J,East 14th Street,Brooklyn,40.625088,-73.96232,42514076
Avenue J,East 15th Street,Brooklyn,40.62519,-73.961396,42487779
Avenue J,East 16th Street,Brooklyn,40.625291,-73.960467,42532460
Avenue J,East 17th Street,Brooklyn,40.625397,-73.959504,42519007
Avenue J,East 18th Street,Brooklyn,40.625502,-73.958541,42492588
Avenue J,East 19th Street,Brooklyn,40.625606,-73.957598,42465132
Avenue J,East 21st Street,Brooklyn,40.625852,-73.955364,42532087
Avenue J,East 22nd Street,Brooklyn,40.625953,-73.954438,42532467
Avenue J,East 23rd Street,Brooklyn,40.626056,-73.953507,42508382
Avenue J,East 24th Street,Brooklyn,40.626157,-73.952581,42489652
Avenue J,East 26th Street,Brooklyn,40.626368,-73.950662,42471424
Avenue J,East 27th Street,Brooklyn,40.626471,-73.949726,42526229
Avenue J,East 28th Street,Brooklyn,40.626572,-73.948802,42502521
Avenue J,East 29th Street,Brooklyn,40.626674,-73.947875,42477005
Avenue J,East 2nd Street,Brooklyn,40.62373,-73.974621,42495255
Avenue J,East 31st Street,Brooklyn,40.626893,-73.945878,42483768
Avenue J,East 32nd Street,Brooklyn,40.626995,-73.944952,42464472
Avenue J,East 34th Street,Brooklyn,40.6272,-73.943095,42500534
Avenue J,East 35th Street,Brooklyn,40.627302,-73.94217,42473722
Avenue J,East 37th Street,Brooklyn,40.627407,-73.940292,42505849
Avenue J,East 38th Street,Brooklyn,40.627463,-73.939357,9258620067
Avenue J,East 39th Street,Brooklyn,40.62752,-73.938421,42487303
Avenue J,East 3rd Street,Brooklyn,40.623834,-73.973699,42516987
Avenue J,East 40th Street,Brooklyn,40.627574,-73.937487,42460587
Avenue J,East 42nd Street,Brooklyn,40.627692,-73.935547,42476209
Avenue J,East 43rd Street,Brooklyn,40.62775,-73.934616,42532498
Avenue J,East 46th Street,Brooklyn,40.62793,-73.931743,42532515
Avenue J,East 48th Street,Brooklyn,40.628049,-73.929805,42489525
Avenue J,East 49th Street,Brooklyn,40.628107,-73.928869,42532522
Avenue J,East 4th Street,Brooklyn,40.623935,-73.97278,42498710
Avenue J,East 51st Street,Brooklyn,40.628228,-73.926858,42503220
Avenue J,East 52nd Street,Brooklyn,40.628288,-73.925927,42531032
Avenue J,East 53rd Street,Brooklyn,40.628349,-73.924956,42473097
Avenue J,East 54th Street,Brooklyn,40.628407,-73.923988,42532537
Avenue J,East 55th Street,Brooklyn,40.628467,-73.923055,42513980
Avenue J,East 56th Street,Brooklyn,40.628528,-73.922087,42467756
Avenue J,East 57th Street,Brooklyn,40.628586,-73.921119,42524242
Avenue J,East 58th Street,Brooklyn,40.628644,-73.920184,42500333
Avenue J,East 59th Street,Brooklyn,40.628702,-73.919248,42473342
Avenue J,East 5th Street,Brooklyn,40.624039,-73.971846,42530908
Avenue J,East 73rd Street,Brooklyn,40.62877,-73.918245,42493976
Avenue J,East 7th Street,Brooklyn,40.624339,-73.969097,42485278
Avenue J,East 80th Street,Brooklyn,40.633857,-73.911437,42472059
Avenue J,East 81st Street,Brooklyn,40.634355,-73.910668,42500832
Avenue J,East 82nd Street,Brooklyn,40.634816,-73.909955,42502216
Avenue J,East 83rd Street,Brooklyn,40.635275,-73.909238,42469968
Avenue J,East 84th Street,Brooklyn,40.63574,-73.908527,42530277
Avenue J,East 85th Street,Brooklyn,40.63622,-73.907784,42510952
Avenue J,East 86th Street,Brooklyn,40.636697,-73.907041,42517638
Avenue J,East 87th Street,Brooklyn,40.637163,-73.906327,42491066
Avenue J,East 88th Street,Brooklyn,40.637622,-73.905612,42460207
Avenue J,East 89th Street,Brooklyn,40.638084,-73.904896,42522118
Avenue J,East 8th Street,Brooklyn,40.624458,-73.968026,42532448
Avenue J,East 91st Street,Brooklyn,40.639076,-73.903361,42526364
Avenue J,East 92nd Street,Brooklyn,40.639472,-73.902747,42513314
Avenue J,East 93rd Street,Brooklyn,40.640001,-73.901933,42500114
Avenue J,East 94th Street,Brooklyn,40.640462,-73.901217,42532406
Avenue J,East 95th Street,Brooklyn,40.640923,-73.900503,42520031
Avenue J,East 96th Street,Brooklyn,40.641491,-73.899626,42494174
Avenue J,East 98th Street,Brooklyn,40.642573,-73.897949,42475685
Avenue J,East 99th Street,Brooklyn,40.643054,-73.897206,42529041
Avenue J,East 9th Street,Brooklyn,40.62456,-73.9671,42517175
Avenue J,Flatbush Avenue,Brooklyn,40.627321,-73.941841,42491814
Avenue J,Flatlands Avenue,Brooklyn,40.628386,-73.924298,42523370
Avenue J,Kings Highway,Brooklyn,40.627882,-73.9325,42484529/42530659/2547353412
Avenue J,McDonald Avenue,Brooklyn,40.623603,-73.975804,42501978
Avenue J,New York Avenue,Brooklyn,40.627098,-73.944023,42496620
Avenue J,Nostrand Avenue,Brooklyn,40.626783,-73.946877,42481764
Avenue J,Ocean Avenue,Brooklyn,40.62574,-73.956378,42512776
Avenue J,Ocean Parkway,Brooklyn,40.624187,-73.970475,2282435304/42508786/2282435302
Avenue J,Paerdegat 1st Street,Brooklyn,40.633857,-73.911437,42472059
Avenue J,Ralph Avenue,Brooklyn,40.62877,-73.918245,42493976
Avenue J,Remsen Avenue,Brooklyn,40.638578,-73.90413,42468666
Avenue J,Rockaway Parkway,Brooklyn,40.642004,-73.898829,42512641
Avenue J,Schenectady Avenue,Brooklyn,40.627987,-73.930772,42516463
Avenue J,Troy Avenue,Brooklyn,40.627811,-73.933646,42493119
Avenue J,Utica Avenue,Brooklyn,40.628167,-73.927865,42521014
Avenue K,Bedford Avenue,Brooklyn,40.623872,-73.951166,42520454
Avenue K,Bergen Avenue,Brooklyn,40.628603,-73.915795,5488816591
Avenue K,Coney Island Avenue,Brooklyn,40.622379,-73.964721,42489170
Avenue K,East 100th Street,Brooklyn,40.641882,-73.894674,42494894
Avenue K,East 101st Street,Brooklyn,40.642343,-73.893961,42521898
Avenue K,East 102nd Street,Brooklyn,40.642806,-73.893247,42506146
Avenue K,East 103rd Street,Brooklyn,40.643285,-73.892503,42492718
Avenue K,East 104th Street,Brooklyn,40.643764,-73.891762,42508542
Avenue K,East 105th Street,Brooklyn,40.644245,-73.891021,42482093
Avenue K,East 108th Street,Brooklyn,40.64563,-73.888901,42468403
Avenue K,East 10th Street,Brooklyn,40.622269,-73.96572,42500734
Avenue K,East 12th Street,Brooklyn,40.62249,-73.963722,42528324
Avenue K,East 13th Street,Brooklyn,40.622592,-73.962797,42506119
Avenue K,East 14th Street,Brooklyn,40.622695,-73.961867,42514078
Avenue K,East 15th Street,Brooklyn,40.622797,-73.960941,42487781
Avenue K,East 16th Street,Brooklyn,40.6229,-73.960011,42532651
Avenue K,East 17th Street,Brooklyn,40.623006,-73.959047,42519011
Avenue K,East 18th Street,Brooklyn,40.623112,-73.958089,42492594
Avenue K,East 19th Street,Brooklyn,40.623216,-73.957144,42465135
Avenue K,East 21st Street,Brooklyn,40.623462,-73.954909,42532090
Avenue K,East 22nd Street,Brooklyn,40.623563,-73.953985,42532663
Avenue K,East 23rd Street,Brooklyn,40.623666,-73.953053,42508387
Avenue K,East 24th Street,Brooklyn,40.623767,-73.952128,42489654
Avenue K,East 26th Street,Brooklyn,40.623978,-73.950203,42471426
Avenue K,East 27th Street,Brooklyn,40.62408,-73.949277,42526233
Avenue K,East 28th Street,Brooklyn,40.624182,-73.948346,42502526
Avenue K,East 29th Street,Brooklyn,40.624283,-73.947421,42477009
Avenue K,East 31st Street,Brooklyn,40.624502,-73.945426,42483772
Avenue K,East 32nd Street,Brooklyn,40.624605,-73.944497,42464475
Avenue K,East 34th Street,Brooklyn,40.624809,-73.942648,42500539
Avenue K,East 35th Street,Brooklyn,40.624915,-73.941683,42473728
Avenue K,East 36th Street,Brooklyn,40.625021,-73.940721,42528217
Avenue K,East 37th Street,Brooklyn,40.625122,-73.939802,42505853
Avenue K,East 38th Street,Brooklyn,40.6256,-73.939157,42513963
Avenue K,East 39th Street,Brooklyn,40.625647,-73.938367,42487305/42487293
Avenue K,East 40th Street,Brooklyn,40.625715,-73.937288,42460589
Avenue K,East 42nd Street,Brooklyn,40.625835,-73.935349,42476211
Avenue K,East 43rd Street,Brooklyn,40.625892,-73.934415,42532708
Avenue K,East 45th Street,Brooklyn,40.625534,-73.932425,42484535
Avenue K,East 46th Street,Brooklyn,40.625594,-73.931494,42532575
Avenue K,East 48th Street,Brooklyn,40.625712,-73.929552,42489530
Avenue K,East 49th Street,Brooklyn,40.625773,-73.928623,42532583
Avenue K,East 51st Street,Brooklyn,40.625895,-73.926608,42503230
Avenue K,East 52nd Street,Brooklyn,40.625952,-73.925673,42531041
Avenue K,East 53rd Street,Brooklyn,40.62601,-73.92471,42473103
Avenue K,East 54th Street,Brooklyn,40.626072,-73.92374,42532602
Avenue K,East 55th Street,Brooklyn,40.626131,-73.922806,42513983
Avenue K,East 56th Street,Brooklyn,40.62619,-73.921836,42467757
Avenue K,East 57th Street,Brooklyn,40.626251,-73.920869,42524244
Avenue K,East 58th Street,Brooklyn,40.626307,-73.919938,42500341
Avenue K,East 59th Street,Brooklyn,40.626365,-73.919,42473346
Avenue K,East 72nd Street,Brooklyn,40.627369,-73.916724,42472927
Avenue K,East 73rd Street,Brooklyn,40.627977,-73.916237,42532617
Avenue K,East 7th Street,Brooklyn,40.621942,-73.968656,42485279
Avenue K,East 80th Street,Brooklyn,40.63222,-73.90962,42460417
Avenue K,East 81st Street,Brooklyn,40.632722,-73.90885,42500835
Avenue K,East 82nd Street,Brooklyn,40.633184,-73.908135,42502219
Avenue K,East 83rd Street,Brooklyn,40.633645,-73.907421,42469977
Avenue K,East 84th Street,Brooklyn,40.634106,-73.906709,42530284
Avenue K,East 85th Street,Brooklyn,40.634575,-73.90595,42510956
Avenue K,East 86th Street,Brooklyn,40.634838,-73.904967,42517651
Avenue K,East 87th Street,Brooklyn,40.635312,-73.904269,42491026
Avenue K,East 88th Street,Brooklyn,40.635803,-73.903589,42460121
Avenue K,East 89th Street,Brooklyn,40.636294,-73.902908,42522143
Avenue K,East 8th Street,Brooklyn,40.622065,-73.967573,42532632
Avenue K,East 91st Street,Brooklyn,40.637444,-73.901543,42526370
Avenue K,East 92nd Street,Brooklyn,40.637901,-73.900838,42513307
Avenue K,East 93rd Street,Brooklyn,40.638365,-73.900111,42500118
Avenue K,East 94th Street,Brooklyn,40.638824,-73.899395,42532742
Avenue K,East 95th Street,Brooklyn,40.639287,-73.898682,42520033
Avenue K,East 96th Street,Brooklyn,40.639857,-73.897804,42494116
Avenue K,East 98th Street,Brooklyn,40.640941,-73.896131,42475690
Avenue K,East 99th Street,Brooklyn,40.641421,-73.895389,42529045
Avenue K,East 9th Street,Brooklyn,40.622167,-73.966646,42517176
Avenue K,Flatbush Avenue,Brooklyn,40.62535,-73.939756,42491841/42491831
Avenue K,Flatlands Avenue,Brooklyn,40.625786,-73.928356,42523361
Avenue K,Kings Highway,Brooklyn,40.625699,-73.933414,5610570653/5610570654/42493127
Avenue K,New York Avenue,Brooklyn,40.624707,-73.943572,42496623
Avenue K,Nostrand Avenue,Brooklyn,40.624393,-73.946422,42481769
Avenue K,Ocean Avenue,Brooklyn,40.623347,-73.955957,42512780
Avenue K,Ocean Parkway,Brooklyn,40.621826,-73.969731,2282435300
Avenue K,Paerdegat 4th Street,Brooklyn,40.63222,-73.90962,42460417
Avenue K,Ralph Avenue,Brooklyn,40.626458,-73.917995,42493980
Avenue K,Remsen Avenue,Brooklyn,40.636913,-73.902281,6463072443/42468670
Avenue K,Rockaway Parkway,Brooklyn,40.640373,-73.897013,42512644
Avenue K,Schenectady Avenue,Brooklyn,40.625651,-73.930523,42516470
Avenue K,Utica Avenue,Brooklyn,40.625824,-73.927613,42521021
Avenue L,Avenue M,Brooklyn,40.631099,-73.907039,42500837
Avenue L,Bedford Avenue,Brooklyn,40.62148,-73.950712,42520458
Avenue L,Bergen Avenue,Brooklyn,40.627633,-73.913532,2800213219
Avenue L,Coney Island Avenue,Brooklyn,40.619984,-73.964268,42489171
Avenue L,East 100th Street,Brooklyn,40.640251,-73.892858,42494897
Avenue L,East 101st Street,Brooklyn,40.640712,-73.892141,42521903
Avenue L,East 102nd Street,Brooklyn,40.641173,-73.891426,42506148
Avenue L,East 103rd Street,Brooklyn,40.641651,-73.890683,42492725
Avenue L,East 104th Street,Brooklyn,40.64213,-73.889946,42508545
Avenue L,East 105th Street,Brooklyn,40.642611,-73.8892,42482101
Avenue L,East 108th Street,Brooklyn,40.643985,-73.887074,42468411
Avenue L,East 10th Street,Brooklyn,40.619879,-73.965265,42500737
Avenue L,East 12th Street,Brooklyn,40.620095,-73.963268,42528328
Avenue L,East 13th Street,Brooklyn,40.620199,-73.962339,42506115
Avenue L,East 14th Street,Brooklyn,40.620301,-73.961415,42514080
Avenue L,East 15th Street,Brooklyn,40.620404,-73.960486,42487783
Avenue L,East 17th Street,Brooklyn,40.620613,-73.958595,42519019
Avenue L,East 18th Street,Brooklyn,40.620719,-73.957633,42492600
Avenue L,East 19th Street,Brooklyn,40.620824,-73.95669,42465138
Avenue L,East 21st Street,Brooklyn,40.621066,-73.954457,42532094
Avenue L,East 22nd Street,Brooklyn,40.621169,-73.953532,42532856
Avenue L,East 23rd Street,Brooklyn,40.621273,-73.952609,42508391
Avenue L,East 24th Street,Brooklyn,40.621375,-73.951673,42489657
Avenue L,East 26th Street,Brooklyn,40.621586,-73.949752,42471431
Avenue L,East 27th Street,Brooklyn,40.621688,-73.948827,42526238
Avenue L,East 28th Street,Brooklyn,40.621791,-73.947898,42502528
Avenue L,East 29th Street,Brooklyn,40.621893,-73.946973,42477012
Avenue L,East 31st Street,Brooklyn,40.62211,-73.94497,42483778
Avenue L,East 32nd Street,Brooklyn,40.622208,-73.944044,42464478
Avenue L,East 34th Street,Brooklyn,40.622417,-73.942196,42500542
Avenue L,East 35th Street,Brooklyn,40.622523,-73.941236,42473733
Avenue L,East 36th Street,Brooklyn,40.622631,-73.940267,42528219
Avenue L,East 37th Street,Brooklyn,40.622733,-73.93934,42505857
Avenue L,East 38th Street,Brooklyn,40.622835,-73.938417,42513919
Avenue L,East 41st Street,Brooklyn,40.623183,-73.933522,42493035
Avenue L,East 45th Street,Brooklyn,40.623269,-73.932195,42484539
Avenue L,East 46th Street,Brooklyn,40.623321,-73.93125,42532773
Avenue L,East 48th Street,Brooklyn,40.623441,-73.929311,42489537
Avenue L,East 49th Street,Brooklyn,40.623499,-73.928376,42532778
Avenue L,East 4th Street,Brooklyn,40.619155,-73.971864,42498724
Avenue L,East 51st Street,Brooklyn,40.623622,-73.926366,42503240
Avenue L,East 52nd Street,Brooklyn,40.623681,-73.925431,42531045
Avenue L,East 53rd Street,Brooklyn,40.623743,-73.924469,42473106
Avenue L,East 54th Street,Brooklyn,40.623802,-73.923497,42532791
Avenue L,East 55th Street,Brooklyn,40.623858,-73.922563,42513988
Avenue L,East 56th Street,Brooklyn,40.623919,-73.921594,42467759
Avenue L,East 57th Street,Brooklyn,40.623979,-73.920625,42524247
Avenue L,East 58th Street,Brooklyn,40.62404,-73.91969,42500343
Avenue L,East 59th Street,Brooklyn,40.624092,-73.91876,42473351
Avenue L,East 5th Street,Brooklyn,40.619256,-73.970937,42530923
Avenue L,East 68th Street,Brooklyn,40.624651,-73.916966,42511172/2800213207
Avenue L,East 69th Street,Brooklyn,40.625294,-73.915981,2800213208/42484429
Avenue L,East 70th Street,Brooklyn,40.625936,-73.915006,42532808/2800213212
Avenue L,East 72nd Street,Brooklyn,40.626368,-73.914483,2800213217/42472931
Avenue L,East 73rd Street,Brooklyn,40.626984,-73.914023,42532824/2800213218
Avenue L,East 7th Street,Brooklyn,40.619556,-73.968195,42485282
Avenue L,East 80th Street,Brooklyn,40.630834,-73.907359,42472074
Avenue L,East 81st Street,Brooklyn,40.631099,-73.907039,42500837
Avenue L,East 82nd Street,Brooklyn,40.631558,-73.906326,42502222
Avenue L,East 83rd Street,Brooklyn,40.632019,-73.90561,42469980
Avenue L,East 84th Street,Brooklyn,40.63248,-73.904898,42530288
Avenue L,East 85th Street,Brooklyn,40.632957,-73.904156,42510960
Avenue L,East 86th Street,Brooklyn,40.633441,-73.903415,42517654
Avenue L,East 87th Street,Brooklyn,40.6339,-73.902703,42491037
Avenue L,East 88th Street,Brooklyn,40.634356,-73.901979,42460142
Avenue L,East 89th Street,Brooklyn,40.634818,-73.901264,42522158
Avenue L,East 8th Street,Brooklyn,40.619674,-73.967119,42532842
Avenue L,East 91st Street,Brooklyn,40.635812,-73.899726,42526377
Avenue L,East 92nd Street,Brooklyn,40.636327,-73.898929,42513300
Avenue L,East 93rd Street,Brooklyn,40.636736,-73.8983,42500121
Avenue L,East 94th Street,Brooklyn,40.637196,-73.897583,42532899
Avenue L,East 95th Street,Brooklyn,40.637658,-73.896868,42520035
Avenue L,East 96th Street,Brooklyn,40.638226,-73.89599,42494122
Avenue L,East 98th Street,Brooklyn,40.639309,-73.894312,42475691
Avenue L,East 99th Street,Brooklyn,40.639788,-73.89357,42529050
Avenue L,East 9th Street,Brooklyn,40.619777,-73.966189,42517178
Avenue L,Flatbush Avenue,Brooklyn,40.623017,-73.937291,42491852
Avenue L,Flatlands Avenue,Brooklyn,40.623269,-73.932195,42484539
Avenue L,New York Avenue,Brooklyn,40.622314,-73.943118,42496627
Avenue L,Nostrand Avenue,Brooklyn,40.622002,-73.945972,42481771
Avenue L,Ocean Avenue,Brooklyn,40.620959,-73.955494,42512783
Avenue L,Ocean Parkway,Brooklyn,40.619406,-73.969563,2282435296/2282435298/42508803
Avenue L,Ocean Parkway Bike Path,Brooklyn,40.619386,-73.969749,11890335373
Avenue L,Overbaugh Place,Brooklyn,40.623017,-73.937291,42491852
Avenue L,Paerdegat 7th Street,Brooklyn,40.630834,-73.907359,42472074
Avenue L,Ralph Avenue,Brooklyn,40.624158,-73.917746,42493984
Avenue L,Remsen Avenue,Brooklyn,40.635314,-73.900495,42468673
Avenue L,Rockaway Parkway,Brooklyn,40.63874,-73.895195,42512650
Avenue L,Schenectady Avenue,Brooklyn,40.623381,-73.930282,42516480
Avenue L,Troy Avenue,Brooklyn,40.623202,-73.933154,42493133
Avenue L,Utica Avenue,Brooklyn,40.623562,-73.927369,42521023
Avenue M,Bay Avenue,Brooklyn,40.618379,-73.956763,42472647
Avenue M,Bedford Avenue,Brooklyn,40.619094,-73.95026,42520463
Avenue M,Bergen Avenue,Brooklyn,40.626408,-73.910777,9534351406/42490527
Avenue M,Bergen Beach Place,Brooklyn,40.622858,-73.915481,42502178
Avenue M,Canarsie Road,Brooklyn,40.634791,-73.896961,42513298
Avenue M,Chestnut Avenue,Brooklyn,40.617753,-73.962415,8413815108
Avenue M,Coney Island Avenue,Brooklyn,40.617593,-73.963812,42489178
Avenue M,Dahill Road,Brooklyn,40.61631,-73.975456,2513522353
Avenue M,East 100th Street,Brooklyn,40.638619,-73.891042,42494901
Avenue M,East 101st Street,Brooklyn,40.63908,-73.890328,42521908
Avenue M,East 102nd Street,Brooklyn,40.639542,-73.889614,42506150
Avenue M,East 103rd Street,Brooklyn,40.640025,-73.888871,42492731
Avenue M,East 104th Street,Brooklyn,40.640501,-73.888128,42508548
Avenue M,East 105th Street,Brooklyn,40.640981,-73.887386,42482110
Avenue M,East 108th Street,Brooklyn,40.642357,-73.885253,42468420
Avenue M,East 10th Street,Brooklyn,40.617489,-73.964814,42500742
Avenue M,East 12th Street,Brooklyn,40.617709,-73.962815,42506498
Avenue M,East 13th Street,Brooklyn,40.617809,-73.96189,42506110
Avenue M,East 14th Street,Brooklyn,40.617912,-73.960966,42514085
Avenue M,East 15th Street,Brooklyn,40.618014,-73.960037,42487793
Avenue M,East 16th Street,Brooklyn,40.618117,-73.959109,3513768184
Avenue M,East 17th Street,Brooklyn,40.618224,-73.958148,42519024
Avenue M,East 18th Street,Brooklyn,40.618332,-73.957185,42492608
Avenue M,East 19th Street,Brooklyn,40.618435,-73.956239,42465141
Avenue M,East 21st Street,Brooklyn,40.61868,-73.954004,42532098
Avenue M,East 22nd Street,Brooklyn,40.618782,-73.953082,42533144
Avenue M,East 23rd Street,Brooklyn,40.618885,-73.952151,42508396
Avenue M,East 24th Street,Brooklyn,40.618988,-73.951222,42489661
Avenue M,East 26th Street,Brooklyn,40.6192,-73.949301,42471433
Avenue M,East 27th Street,Brooklyn,40.619302,-73.94837,42526240
Avenue M,East 28th Street,Brooklyn,40.619403,-73.94745,42502531
Avenue M,East 29th Street,Brooklyn,40.619505,-73.946517,42477016
Avenue M,East 2nd Street,Brooklyn,40.616551,-73.973359,42495272
Avenue M,East 31st Street,Brooklyn,40.619723,-73.944524,42483782
Avenue M,East 32nd Street,Brooklyn,40.619823,-73.943596,42464482
Avenue M,East 34th Street,Brooklyn,40.620032,-73.941751,2317462527
Avenue M,East 35th Street,Brooklyn,40.620153,-73.940809,42473746
Avenue M,East 36th Street,Brooklyn,40.620233,-73.939815,42528226
Avenue M,East 37th Street,Brooklyn,40.620336,-73.938888,42505862
Avenue M,East 38th Street,Brooklyn,40.620437,-73.937962,42513931
Avenue M,East 3rd Street,Brooklyn,40.616661,-73.972338,42516913
Avenue M,East 43rd Street,Brooklyn,40.620943,-73.933875,42533081
Avenue M,East 45th Street,Brooklyn,40.62106,-73.931951,42484547
Avenue M,East 46th Street,Brooklyn,40.621116,-73.931016,42533089
Avenue M,East 48th Street,Brooklyn,40.62124,-73.929077,42489541
Avenue M,East 49th Street,Brooklyn,40.621296,-73.928143,42533098
Avenue M,East 4th Street,Brooklyn,40.616762,-73.971413,42498725
Avenue M,East 51st Street,Brooklyn,40.62142,-73.926131,42503249
Avenue M,East 52nd Street,Brooklyn,40.621483,-73.925193,42531050
Avenue M,East 53rd Street,Brooklyn,40.62154,-73.92423,42473109
Avenue M,East 54th Street,Brooklyn,40.6216,-73.923262,42533101
Avenue M,East 55th Street,Brooklyn,40.621658,-73.92233,42513992
Avenue M,East 56th Street,Brooklyn,40.621718,-73.921359,42467760
Avenue M,East 57th Street,Brooklyn,40.621777,-73.92039,42524250
Avenue M,East 58th Street,Brooklyn,40.621834,-73.919456,42500350
Avenue M,East 59th Street,Brooklyn,40.621893,-73.918522,42473355
Avenue M,East 5th Street,Brooklyn,40.616867,-73.970491,42530928
Avenue M,East 65th Street,Brooklyn,40.621883,-73.917253,42493995/42522355
Avenue M,East 66th Street,Brooklyn,40.622377,-73.916182,42498470
Avenue M,East 68th Street,Brooklyn,40.623046,-73.91519,42511175
Avenue M,East 69th Street,Brooklyn,40.623694,-73.914194,42484430
Avenue M,East 70th Street,Brooklyn,40.624333,-73.913205,42533064
Avenue M,East 72nd Street,Brooklyn,40.625088,-73.912071,42472950
Avenue M,East 73rd Street,Brooklyn,40.625766,-73.911305,42533069
Avenue M,East 7th Street,Brooklyn,40.617167,-73.96774,42485287
Avenue M,East 81st Street,Brooklyn,40.631099,-73.907039,42500837
Avenue M,East 82nd Street,Brooklyn,40.629933,-73.904496,42502225
Avenue M,East 83rd Street,Brooklyn,40.63038,-73.903788,42469982
Avenue M,East 84th Street,Brooklyn,40.630842,-73.903074,42530291
Avenue M,East 85th Street,Brooklyn,40.63132,-73.90233,42510963
Avenue M,East 86th Street,Brooklyn,40.6318,-73.901589,42517656
Avenue M,East 87th Street,Brooklyn,40.632261,-73.900874,42491045
Avenue M,East 88th Street,Brooklyn,40.632724,-73.900161,42460148
Avenue M,East 89th Street,Brooklyn,40.633185,-73.899447,42522162
Avenue M,East 8th Street,Brooklyn,40.617285,-73.966665,42533122
Avenue M,East 91st Street,Brooklyn,40.634179,-73.897907,42526380
Avenue M,East 92nd Street,Brooklyn,40.634791,-73.896961,42513298
Avenue M,East 93rd Street,Brooklyn,40.635106,-73.896478,42500127
Avenue M,East 94th Street,Brooklyn,40.635563,-73.895765,42533039
Avenue M,East 95th Street,Brooklyn,40.636025,-73.895051,42520038
Avenue M,East 96th Street,Brooklyn,40.636593,-73.894172,42494128
Avenue M,East 98th Street,Brooklyn,40.637676,-73.892495,42475695
Avenue M,East 99th Street,Brooklyn,40.638157,-73.891754,42529051
Avenue M,East 9th Street,Brooklyn,40.617383,-73.965739,42517180
Avenue M,Elm Avenue,Brooklyn,40.618063,-73.959603,9863961035
Avenue M,Flatbush Avenue,Brooklyn,40.620871,-73.934995,42491871
Avenue M,Flatlands Avenue,Brooklyn,40.620643,-73.936276,42498783
Avenue M,Georgetown Lane,Brooklyn,40.623236,-73.914905,42478771
Avenue M,Harden Street,Brooklyn,40.620917,-73.934254,42518662
Avenue M,Kings Highway,Brooklyn,40.620153,-73.940809,42473746
Avenue M,McDonald Avenue,Brooklyn,40.616423,-73.974443,42501997
Avenue M,New York Avenue,Brooklyn,40.619923,-73.942669,42496631
Avenue M,Nostrand Avenue,Brooklyn,40.619615,-73.945521,42481774
Avenue M,Ocean Avenue,Brooklyn,40.618565,-73.955041,42512787
Avenue M,Ocean Parkway,Brooklyn,40.617015,-73.969112,2282435292/42508805/2282435294
Avenue M,Ocean Parkway Bike Path,Brooklyn,40.616993,-73.969301,454381283
Avenue M,Paerdegat 10th Street,Brooklyn,40.629709,-73.904854,42472093
Avenue M,Ralph Avenue,Brooklyn,40.621727,-73.917492,42493995/42493998
Avenue M,Remsen Avenue,Brooklyn,40.633682,-73.898677,42468681
Avenue M,Rockaway Parkway,Brooklyn,40.637107,-73.893377,42512652
Avenue M,Ryder Street,Brooklyn,40.620549,-73.93701,42508150
Avenue M,Schenectady Avenue,Brooklyn,40.621178,-73.930045,42516490
Avenue M,Troy Avenue,Brooklyn,40.621,-73.932919,42493138
Avenue M,Utica Avenue,Brooklyn,40.621358,-73.927135,42521026
Avenue N,Bedford Avenue,Brooklyn,40.616692,-73.949812,42520468
Avenue N,Bergen Beach Place,Brooklyn,40.621202,-73.91366,42502181
Avenue N,Canarsie Road,Brooklyn,40.633413,-73.894772,42530024
Avenue N,Coney Island Avenue,Brooklyn,40.615204,-73.963361,42489198
Avenue N,Cove Lane,Brooklyn,40.624181,-73.909076,42510790
Avenue N,East 100th Street,Brooklyn,40.636994,-73.889231,42494908
Avenue N,East 101st Street,Brooklyn,40.637454,-73.888516,42521914
Avenue N,East 102nd Street,Brooklyn,40.637914,-73.887801,42506155
Avenue N,East 103rd Street,Brooklyn,40.638388,-73.887049,42492735
Avenue N,East 104th Street,Brooklyn,40.638866,-73.886312,42508553
Avenue N,East 105th Street,Brooklyn,40.639347,-73.885565,42482120
Avenue N,East 108th Street,Brooklyn,40.640727,-73.883443,42468433
Avenue N,East 10th Street,Brooklyn,40.615094,-73.964358,42500752
Avenue N,East 12th Street,Brooklyn,40.615314,-73.962364,42528432
Avenue N,East 13th Street,Brooklyn,40.615414,-73.961436,42506108
Avenue N,East 14th Street,Brooklyn,40.615518,-73.960511,42514089
Avenue N,East 15th Street,Brooklyn,40.615621,-73.959583,42487797
Avenue N,East 16th Street,Brooklyn,40.615729,-73.958657,42533224
Avenue N,East 17th Street,Brooklyn,40.615829,-73.957694,42519032
Avenue N,East 18th Street,Brooklyn,40.615932,-73.956729,42492614
Avenue N,East 19th Street,Brooklyn,40.616036,-73.955786,42465145
Avenue N,East 21st Street,Brooklyn,40.616281,-73.953553,42532104
Avenue N,East 22nd Street,Brooklyn,40.616384,-73.952627,42533236
Avenue N,East 23rd Street,Brooklyn,40.616487,-73.951699,42508398
Avenue N,East 24th Street,Brooklyn,40.616588,-73.950772,42489665
Avenue N,East 26th Street,Brooklyn,40.616799,-73.948846,42471435
Avenue N,East 27th Street,Brooklyn,40.6169,-73.947917,42526244
Avenue N,East 28th Street,Brooklyn,40.617001,-73.946993,42502534
Avenue N,East 29th Street,Brooklyn,40.617104,-73.946067,42477021
Avenue N,East 2nd Street,Brooklyn,40.614151,-73.972903,42495275
Avenue N,East 31st Street,Brooklyn,40.617325,-73.944069,42483785
Avenue N,East 33rd Street,Brooklyn,40.617426,-73.943142,42531239
Avenue N,East 34th Street,Brooklyn,40.61759,-73.941747,42473756/42496638
Avenue N,East 35th Street,Brooklyn,40.617631,-73.941409,1942052982
Avenue N,East 3rd Street,Brooklyn,40.614264,-73.971881,42516918
Avenue N,East 45th Street,Brooklyn,40.618658,-73.931692,42484550
Avenue N,East 46th Street,Brooklyn,40.618716,-73.93076,42533304
Avenue N,East 48th Street,Brooklyn,40.618837,-73.92882,42489544
Avenue N,East 49th Street,Brooklyn,40.618895,-73.927884,42533309
Avenue N,East 4th Street,Brooklyn,40.614367,-73.970955,42498729
Avenue N,East 51st Street,Brooklyn,40.61902,-73.925876,42503258
Avenue N,East 52nd Street,Brooklyn,40.619078,-73.924945,42531055
Avenue N,East 53rd Street,Brooklyn,40.619138,-73.923976,42473115
Avenue N,East 54th Street,Brooklyn,40.619198,-73.923009,42533318
Avenue N,East 55th Street,Brooklyn,40.619256,-73.922073,42513995
Avenue N,East 56th Street,Brooklyn,40.619316,-73.921103,42467761
Avenue N,East 57th Street,Brooklyn,40.619377,-73.920135,42524253
Avenue N,East 58th Street,Brooklyn,40.619435,-73.919202,42500359
Avenue N,East 59th Street,Brooklyn,40.619493,-73.918267,42473363
Avenue N,East 5th Street,Brooklyn,40.61447,-73.97003,42530935
Avenue N,East 63rd Street,Brooklyn,40.619572,-73.916897,42529305
Avenue N,East 64th Street,Brooklyn,40.619751,-73.915899,42460427
Avenue N,East 65th Street,Brooklyn,40.620213,-73.915186,42522358
Avenue N,East 66th Street,Brooklyn,40.620745,-73.914366,42498476
Avenue N,East 68th Street,Brooklyn,40.621501,-73.913199,42511182
Avenue N,East 69th Street,Brooklyn,40.622045,-73.91236,42484414
Avenue N,East 70th Street,Brooklyn,40.622504,-73.911651,42533349
Avenue N,East 71st Street,Brooklyn,40.622977,-73.910922,42490066
Avenue N,East 72nd Street,Brooklyn,40.623436,-73.910214,42472965
Avenue N,East 7th Street,Brooklyn,40.614773,-73.967297,42485293
Avenue N,East 80th Street,Brooklyn,40.628491,-73.902143,42472114/42472108
Avenue N,East 83rd Street,Brooklyn,40.628745,-73.901965,42469984
Avenue N,East 84th Street,Brooklyn,40.629206,-73.901255,42530295
Avenue N,East 85th Street,Brooklyn,40.629688,-73.900513,42510966
Avenue N,East 86th Street,Brooklyn,40.630167,-73.899772,42517658
Avenue N,East 87th Street,Brooklyn,40.63063,-73.899056,42491048
Avenue N,East 88th Street,Brooklyn,40.631094,-73.898349,42460151
Avenue N,East 89th Street,Brooklyn,40.631559,-73.897637,42522165
Avenue N,East 8th Street,Brooklyn,40.614892,-73.966215,42533210
Avenue N,East 91st Street,Brooklyn,40.632547,-73.896091,42526386
Avenue N,East 92nd Street,Brooklyn,40.632995,-73.895402,42511720
Avenue N,East 94th Street,Brooklyn,40.633939,-73.893956,42533271
Avenue N,East 95th Street,Brooklyn,40.634402,-73.893238,42520041
Avenue N,East 96th Street,Brooklyn,40.63497,-73.892362,42494132
Avenue N,East 98th Street,Brooklyn,40.636053,-73.890685,42475701
Avenue N,East 99th Street,Brooklyn,40.636533,-73.889946,42529053
Avenue N,East 9th Street,Brooklyn,40.614992,-73.965287,42517182
Avenue N,Flatbush Avenue,Brooklyn,40.618562,-73.93242,42491888
Avenue N,Flatlands Avenue,Brooklyn,40.617733,-73.940732,42523509
Avenue N,Georgetown Lane,Brooklyn,40.621598,-73.91305,42478774
Avenue N,Kings Highway,Brooklyn,40.617389,-73.943452,2279612188/2317462478/42530599
Avenue N,Matthews Place,Brooklyn,40.632995,-73.895402,42511720
Avenue N,McDonald Avenue,Brooklyn,40.614041,-73.973997,42472453
Avenue N,New York Avenue,Brooklyn,40.617526,-73.942212,42496638
Avenue N,Nostrand Avenue,Brooklyn,40.617213,-73.945066,42481778
Avenue N,Ocean Avenue,Brooklyn,40.616176,-73.954585,42512791
Avenue N,Ocean Parkway,Brooklyn,40.614623,-73.968657,2282435288/42508808/2282435290
Avenue N,Ocean Parkway Bike Path,Brooklyn,40.614603,-73.968846,454381286
Avenue N,Paerdegat 13th Street,Brooklyn,40.62858,-73.902334,42472108
Avenue N,Peri Lane,Brooklyn,40.62317,-73.910625,42532552
Avenue N,Ralph Avenue,Brooklyn,40.619555,-73.917265,42494003
Avenue N,Remsen Avenue,Brooklyn,40.632058,-73.896869,42468686
Avenue N,Rockaway Parkway,Brooklyn,40.635482,-73.891568,42512658
Avenue N,Royce Street,Brooklyn,40.624181,-73.909076,42510790
Avenue N,Schenectady Avenue,Brooklyn,40.618776,-73.929791,42516492
Avenue N,Utica Avenue,Brooklyn,40.618957,-73.926888,42521029
Avenue N,Veterans Avenue,Brooklyn,40.619623,-73.916096,42501034
Avenue O,Avenue R,Brooklyn,40.616294,-73.929899,42491902
Avenue O,Bay Parkway,Brooklyn,40.61004,-73.985385,42468994
Avenue O,Bedford Avenue,Brooklyn,40.614036,-73.949307,42520472
Avenue O,Coney Island Avenue,Brooklyn,40.61255,-73.96286,42489206
Avenue O,Dahill Road,Brooklyn,40.611265,-73.97452,42515289
Avenue O,East 10th Street,Brooklyn,40.612439,-73.963854,42500755
Avenue O,East 12th Street,Brooklyn,40.612659,-73.961858,42528434
Avenue O,East 13th Street,Brooklyn,40.61276,-73.960929,42506106
Avenue O,East 14th Street,Brooklyn,40.612861,-73.960005,42514092
Avenue O,East 15th Street,Brooklyn,40.612962,-73.95908,42487799
Avenue O,East 16th Street,Brooklyn,40.613064,-73.958151,42533439
Avenue O,East 17th Street,Brooklyn,40.61317,-73.957187,42519034
Avenue O,East 18th Street,Brooklyn,40.613276,-73.956226,42492617
Avenue O,East 19th Street,Brooklyn,40.61338,-73.955284,42465147
Avenue O,East 21st Street,Brooklyn,40.613625,-73.953047,42532109
Avenue O,East 22nd Street,Brooklyn,40.613727,-73.952121,42533448
Avenue O,East 23rd Street,Brooklyn,40.613829,-73.951196,42508404
Avenue O,East 24th Street,Brooklyn,40.613931,-73.950266,42489675
Avenue O,East 26th Street,Brooklyn,40.614142,-73.948347,42471439
Avenue O,East 2nd Street,Brooklyn,40.611496,-73.972399,42495278
Avenue O,East 3rd Street,Brooklyn,40.611608,-73.971381,42516921
Avenue O,East 48th Street,Brooklyn,40.616492,-73.928567,42489546
Avenue O,East 49th Street,Brooklyn,40.61655,-73.927634,42533484
Avenue O,East 4th Street,Brooklyn,40.611709,-73.970453,42498731
Avenue O,East 51st Street,Brooklyn,40.616684,-73.925626,42503260
Avenue O,East 52nd Street,Brooklyn,40.616741,-73.924696,42531059
Avenue O,East 53rd Street,Brooklyn,40.616801,-73.923726,42473120
Avenue O,East 54th Street,Brooklyn,40.616861,-73.922756,42533498
Avenue O,East 55th Street,Brooklyn,40.616918,-73.921824,42513998
Avenue O,East 56th Street,Brooklyn,40.616978,-73.920852,42467766
Avenue O,East 57th Street,Brooklyn,40.617037,-73.919884,42524257
Avenue O,East 58th Street,Brooklyn,40.617095,-73.918951,42500367
Avenue O,East 59th Street,Brooklyn,40.617152,-73.918018,42473370
Avenue O,East 5th Street,Brooklyn,40.611811,-73.969526,42530940
Avenue O,East 7th Street,Brooklyn,40.612115,-73.966779,42485295
Avenue O,East 8th Street,Brooklyn,40.612234,-73.965709,42533422
Avenue O,East 9th Street,Brooklyn,40.612337,-73.964782,42517183
Avenue O,Flatbush Avenue,Brooklyn,40.616294,-73.929899,42491902
Avenue O,Kings Highway,Brooklyn,40.614177,-73.947716,2279612172
Avenue O,McDonald Avenue,Brooklyn,40.611377,-73.973487,42502012
Avenue O,Ocean Avenue,Brooklyn,40.613511,-73.954084,42512797
Avenue O,Ocean Parkway,Brooklyn,40.611962,-73.968155,2282435252/42508812/2282435255
Avenue O,Ocean Parkway Bike Path,Brooklyn,40.611942,-73.968338,454381293
Avenue O,Ralph Avenue,Brooklyn,40.617214,-73.917011,42494014
Avenue O,Schenectady Avenue,Brooklyn,40.616438,-73.929516,42516499
Avenue O,Utica Avenue,Brooklyn,40.616622,-73.926632,42521033
Avenue O,West 10th Street,Brooklyn,40.610224,-73.983966,42495108
Avenue O,West 11th Street,Brooklyn,40.610117,-73.984887,42468815
Avenue O,West 3rd Street,Brooklyn,40.610956,-73.977331,42519378
Avenue O,West 4th Street,Brooklyn,40.610851,-73.978262,42501349
Avenue O,West 5th Street,Brooklyn,40.610752,-73.979185,42509099
Avenue O,West 6th Street,Brooklyn,40.610644,-73.980186,42482589
Avenue O,West 7th Street,Brooklyn,40.610533,-73.981181,42533395
Avenue O,West 8th Street,Brooklyn,40.610429,-73.982107,42514629
Avenue O,West 9th Street,Brooklyn,40.610325,-73.983037,42488361
Avenue P,Bay Parkway,Brooklyn,40.607124,-73.988414,2321627891
Avenue P,Bedford Avenue,Brooklyn,40.611504,-73.948824,42520481
Avenue P,Burnett Street,Brooklyn,40.612011,-73.944055,42481797
Avenue P,Coleman Street,Brooklyn,40.618609,-73.935028,42479423
Avenue P,Coney Island Avenue,Brooklyn,40.609991,-73.96238,42489210
Avenue P,Dahill Road,Brooklyn,40.608709,-73.974031,42515299
Avenue P,East 10th Street,Brooklyn,40.609882,-73.96337,42500760
Avenue P,East 12th Street,Brooklyn,40.610098,-73.961373,42528437
Avenue P,East 13th Street,Brooklyn,40.610202,-73.960444,42506103
Avenue P,East 14th Street,Brooklyn,40.610305,-73.95952,42514099
Avenue P,East 15th Street,Brooklyn,40.610408,-73.958594,42487802
Avenue P,East 16th Street,Brooklyn,40.610512,-73.95767,42533804
Avenue P,East 17th Street,Brooklyn,40.610619,-73.956706,42519037
Avenue P,East 18th Street,Brooklyn,40.610726,-73.955743,42492621
Avenue P,East 19th Street,Brooklyn,40.610831,-73.954798,42465151
Avenue P,East 21st Street,Brooklyn,40.611068,-73.952567,42530578/2279574043
Avenue P,East 22nd Street,Brooklyn,40.611133,-73.951631,2868468754
Avenue P,East 23rd Street,Brooklyn,40.611248,-73.950702,10822355259
Avenue P,East 24th Street,Brooklyn,40.611376,-73.949785,10822355261
Avenue P,East 26th Street,Brooklyn,40.611606,-73.947862,2279574045
Avenue P,East 27th Street,Brooklyn,40.611705,-73.946937,42526251
Avenue P,East 28th Street,Brooklyn,40.611804,-73.946005,42502542
Avenue P,East 29th Street,Brooklyn,40.611902,-73.945076,42477027
Avenue P,East 2nd Street,Brooklyn,40.608943,-73.971914,42495282
Avenue P,East 31st Street,Brooklyn,40.613956,-73.942227,42483699
Avenue P,East 32nd Street,Brooklyn,40.614419,-73.941511,42464509
Avenue P,East 33rd Street,Brooklyn,40.61488,-73.940797,42531267
Avenue P,East 34th Street,Brooklyn,40.615343,-73.94008,42500568
Avenue P,East 35th Street,Brooklyn,40.615804,-73.939367,42473767
Avenue P,East 36th Street,Brooklyn,40.616281,-73.93863,42528234
Avenue P,East 37th Street,Brooklyn,40.616764,-73.937883,42505826
Avenue P,East 38th Street,Brooklyn,40.617224,-73.937171,42513941
Avenue P,East 3rd Street,Brooklyn,40.609055,-73.970897,42516925
Avenue P,East 4th Street,Brooklyn,40.609157,-73.969972,42498733
Avenue P,East 5th Street,Brooklyn,40.60926,-73.969041,42530943
Avenue P,East 7th Street,Brooklyn,40.60956,-73.966303,42485296
Avenue P,East 8th Street,Brooklyn,40.609678,-73.965225,42533793
Avenue P,East 9th Street,Brooklyn,40.60978,-73.964297,42517185
Avenue P,Flatbush Avenue,Brooklyn,40.619569,-73.933541,42491880
Avenue P,Hendrickson Street,Brooklyn,40.619071,-73.934312,42509845
Avenue P,Kimball Street,Brooklyn,40.618147,-73.935742,42502075
Avenue P,Kings Highway,Brooklyn,40.611068,-73.952567,42530578/2279574043
Avenue P,Madison Place,Brooklyn,40.612961,-73.943766,42522796
Avenue P,Marine Parkway,Brooklyn,40.613459,-73.942995,42529127
Avenue P,McDonald Avenue,Brooklyn,40.608823,-73.972996,42502024
Avenue P,Nostrand Avenue,Brooklyn,40.612354,-73.944114,42481792/42481797
Avenue P,Ocean Avenue,Brooklyn,40.610965,-73.953599,42512802
Avenue P,Ocean Parkway,Brooklyn,40.60941,-73.967671,42508816/2282435145/2282435152
Avenue P,Ryder Street,Brooklyn,40.617685,-73.936457,42508163
Avenue P,Stillwell Avenue,Brooklyn,40.607245,-73.987257,42503024
Avenue P,West 10th Street,Brooklyn,40.607669,-73.983478,42495112
Avenue P,West 11th Street,Brooklyn,40.607566,-73.984409,42468818
Avenue P,West 12th Street,Brooklyn,40.607465,-73.985335,42525362
Avenue P,West 13th Street,Brooklyn,40.607356,-73.986257,42501470
Avenue P,West 1st Street,Brooklyn,40.608604,-73.974993,42533780
Avenue P,West 2nd Street,Brooklyn,40.608502,-73.97592,42466898
Avenue P,West 3rd Street,Brooklyn,40.608399,-73.976848,42519381
Avenue P,West 4th Street,Brooklyn,40.608297,-73.977776,42501351
Avenue P,West 5th Street,Brooklyn,40.608196,-73.9787,42509102
Avenue P,West 6th Street,Brooklyn,40.608086,-73.979699,42482591
Avenue P,West 7th Street,Brooklyn,40.607975,-73.980703,42533770
Avenue P,West 8th Street,Brooklyn,40.607873,-73.981625,42514631
Avenue P,West 9th Street,Brooklyn,40.607771,-73.982549,42488365
Avenue R,Bedford Avenue,Brooklyn,40.606881,-73.947958,42520484
Avenue R,Burnett Street,Brooklyn,40.609236,-73.940836,42524504
Avenue R,Coleman Street,Brooklyn,40.615338,-73.931384,42479432
Avenue R,Coney Island Avenue,Brooklyn,40.605369,-73.961733,42489219
Avenue R,East 10th Street,Brooklyn,40.605271,-73.962556,42500770/2295009535
Avenue R,East 12th Street,Brooklyn,40.605478,-73.960734,42528445
Avenue R,East 13th Street,Brooklyn,40.605604,-73.959577,42506098
Avenue R,East 14th Street,Brooklyn,40.605705,-73.958651,42514105
Avenue R,East 15th Street,Brooklyn,40.605806,-73.957725,42487807
Avenue R,East 16th Street,Brooklyn,40.605909,-73.956798,42534096
Avenue R,East 17th Street,Brooklyn,40.606015,-73.955832,42519049
Avenue R,East 18th Street,Brooklyn,40.60612,-73.95487,42492627
Avenue R,East 19th Street,Brooklyn,40.606224,-73.953924,42465162
Avenue R,East 21st Street,Brooklyn,40.606471,-73.951693,42532114
Avenue R,East 22nd Street,Brooklyn,40.606573,-73.950766,42534104
Avenue R,East 23rd Street,Brooklyn,40.606675,-73.949838,42508424
Avenue R,East 24th Street,Brooklyn,40.606776,-73.948917,42489685
Avenue R,East 26th Street,Brooklyn,40.606987,-73.946993,42471369
Avenue R,East 27th Street,Brooklyn,40.60709,-73.946061,42526254
Avenue R,East 28th Street,Brooklyn,40.607191,-73.945137,42502549
Avenue R,East 29th Street,Brooklyn,40.607293,-73.944212,42477033
Avenue R,East 31st Street,Brooklyn,40.610686,-73.938579,42483710
Avenue R,East 32nd Street,Brooklyn,40.611145,-73.937866,42464514
Avenue R,East 33rd Street,Brooklyn,40.611607,-73.937152,42531271
Avenue R,East 34th Street,Brooklyn,40.612069,-73.936438,42500571
Avenue R,East 35th Street,Brooklyn,40.61253,-73.935724,42473770
Avenue R,East 36th Street,Brooklyn,40.613016,-73.934989,42528237
Avenue R,East 37th Street,Brooklyn,40.613498,-73.93424,42505829
Avenue R,East 38th Street,Brooklyn,40.613953,-73.933528,42513943
Avenue R,East 4th Street,Brooklyn,40.604555,-73.969102,42498737
Avenue R,East 5th Street,Brooklyn,40.604632,-73.968164,2282541473
Avenue R,East 7th Street,Brooklyn,40.604954,-73.965435,42485304
Avenue R,East 8th Street,Brooklyn,40.605073,-73.964352,2295009523/2295009518
Avenue R,East 9th Street,Brooklyn,40.605173,-73.963423,2295009529/2295009524
Avenue R,Flatbush Avenue,Brooklyn,40.616294,-73.929899,42491902
Avenue R,Gerritsen Avenue,Brooklyn,40.607928,-73.94193,42534123/42505725
Avenue R,Haring Street,Brooklyn,40.607874,-73.942242,42505729/42505725
Avenue R,Hendrickson Street,Brooklyn,40.615801,-73.930671,42509858
Avenue R,Kimball Street,Brooklyn,40.614876,-73.9321,42502079
Avenue R,Kings Highway,Brooklyn,40.604555,-73.969102,42498737
Avenue R,Madison Place,Brooklyn,40.609701,-73.940122,42522800
Avenue R,Marine Parkway,Brooklyn,40.610187,-73.939347,42529130
Avenue R,Nostrand Avenue,Brooklyn,40.607403,-73.94321,42481812
Avenue R,Ocean Avenue,Brooklyn,40.606359,-73.952712,42512810
Avenue R,Ocean Parkway,Brooklyn,40.604801,-73.9668,2563167800/2282435033/2282541474
Avenue R,Ocean Parkway Bike Path,Brooklyn,40.604777,-73.966988,2282541475
Avenue R,Ryder Street,Brooklyn,40.614415,-73.932813,42508173
Avenue R,Stuart Street,Brooklyn,40.608768,-73.941547,42480391
Avenue S,Avenue T,Brooklyn,40.613316,-73.921501,42492779
Avenue S,Batchelder Street,Brooklyn,40.605393,-73.939926,42528170
Avenue S,Bedford Avenue,Brooklyn,40.604559,-73.947517,42520487
Avenue S,Brown Street,Brooklyn,40.605292,-73.940842,42534247
Avenue S,Coleman Street,Brooklyn,40.612074,-73.927747,42479436
Avenue S,Coney Island Avenue,Brooklyn,40.603013,-73.96155,42489227
Avenue S,East 12th Street,Brooklyn,40.603123,-73.96055,42528447
Avenue S,East 13th Street,Brooklyn,40.603278,-73.959137,42506095
Avenue S,East 14th Street,Brooklyn,40.60338,-73.958212,42514108
Avenue S,East 15th Street,Brooklyn,40.603482,-73.957286,42487712
Avenue S,East 16th Street,Brooklyn,40.603584,-73.956353,42534388
Avenue S,East 17th Street,Brooklyn,40.603689,-73.955394,42519053
Avenue S,East 18th Street,Brooklyn,40.6038,-73.954435,42492630
Avenue S,East 19th Street,Brooklyn,40.603903,-73.953491,42465165
Avenue S,East 1st Street,Brooklyn,40.601929,-73.971432,42534366
Avenue S,East 21st Street,Brooklyn,40.604148,-73.951254,42532117
Avenue S,East 22nd Street,Brooklyn,40.604251,-73.950331,42534404
Avenue S,East 23rd Street,Brooklyn,40.604352,-73.949401,42508430
Avenue S,East 24th Street,Brooklyn,40.604455,-73.948475,42489687
Avenue S,East 26th Street,Brooklyn,40.604664,-73.946551,42471372
Avenue S,East 27th Street,Brooklyn,40.604769,-73.945625,42526257
Avenue S,East 28th Street,Brooklyn,40.60487,-73.944699,42502553
Avenue S,East 29th Street,Brooklyn,40.604972,-73.943771,42477036
Avenue S,East 2nd Street,Brooklyn,40.602028,-73.970511,42495300
Avenue S,East 32nd Street,Brooklyn,40.607898,-73.934232,42464517
Avenue S,East 33rd Street,Brooklyn,40.608353,-73.933521,42531276
Avenue S,East 34th Street,Brooklyn,40.608812,-73.93281,42500574
Avenue S,East 35th Street,Brooklyn,40.609267,-73.932084,42473777
Avenue S,East 36th Street,Brooklyn,40.609742,-73.931341,42528239
Avenue S,East 37th Street,Brooklyn,40.610228,-73.9306,42505833
Avenue S,East 38th Street,Brooklyn,40.610688,-73.929887,42513946
Avenue S,East 3rd Street,Brooklyn,40.602134,-73.96958,42516934
Avenue S,East 4th Street,Brooklyn,40.602233,-73.968658,42498739
Avenue S,East 51st Street,Brooklyn,40.613128,-73.925246,42503262
Avenue S,East 52nd Street,Brooklyn,40.613183,-73.924315,42531065
Avenue S,East 53rd Street,Brooklyn,40.613241,-73.923347,42473128
Avenue S,East 54th Street,Brooklyn,40.613304,-73.922374,11601465079
Avenue S,East 55th Street,Brooklyn,40.613316,-73.921501,42492779
Avenue S,East 5th Street,Brooklyn,40.602336,-73.96773,42530952
Avenue S,East 7th Street,Brooklyn,40.602636,-73.964986,42485307
Avenue S,East 8th Street,Brooklyn,40.602754,-73.963909,42534373
Avenue S,East 9th Street,Brooklyn,40.602855,-73.962989,42517192
Avenue S,Flatbush Avenue,Brooklyn,40.613044,-73.926242,42491930
Avenue S,Gerritsen Avenue,Brooklyn,40.605258,-73.93896,42534424/42534469
Avenue S,Haring Street,Brooklyn,40.605189,-73.941773,42505731
Avenue S,Hendrickson Street,Brooklyn,40.612536,-73.927033,42509864
Avenue S,Homecrest Avenue,Brooklyn,40.603176,-73.960067,42475279
Avenue S,Kimball Street,Brooklyn,40.611613,-73.92846,42502082
Avenue S,Lake Street,Brooklyn,40.60171,-73.973408,42467527
Avenue S,McDonald Avenue,Brooklyn,40.601794,-73.972565,42502042
Avenue S,Nostrand Avenue,Brooklyn,40.60508,-73.942778,42481816
Avenue S,Ocean Avenue,Brooklyn,40.604036,-73.952293,42512814
Avenue S,Ocean Parkway,Brooklyn,40.602486,-73.966359,42508841/2282434988/2282434983
Avenue S,Ocean Parkway Bike Path,Brooklyn,40.602466,-73.966547,454381318
Avenue S,Ryder Street,Brooklyn,40.611151,-73.929174,42508179
Avenue S,Stillwell Avenue,Brooklyn,40.600328,-73.985945,42503040
Avenue S,Stuart Street,Brooklyn,40.605504,-73.937912,42480403
Avenue S,Utica Avenue,Brooklyn,40.613044,-73.926242,42491930
Avenue S,Van Sicklen Street,Brooklyn,40.601604,-73.974364,42525235
Avenue S,West 10th Street,Brooklyn,40.600741,-73.982166,11541862579
Avenue S,West 11th Street,Brooklyn,40.60064,-73.983092,42468836
Avenue S,West 12th Street,Brooklyn,40.600538,-73.984018,42525371
Avenue S,West 13th Street,Brooklyn,40.600437,-73.984947,42501481
Avenue S,West 3rd Street,Brooklyn,40.601473,-73.975552,42519392
Avenue S,West 4th Street,Brooklyn,40.601364,-73.976462,42501358
Avenue S,West 5th Street,Brooklyn,40.601263,-73.977388,42509110
Avenue S,West 6th Street,Brooklyn,40.601151,-73.978387,42482597
Avenue S,West 7th Street,Brooklyn,40.601046,-73.979372,3509309094
Avenue S,West 8th Street,Brooklyn,40.600944,-73.980311,42514636
Avenue S,West 9th Street,Brooklyn,40.600843,-73.981237,42488377
Avenue T,Batchelder Street,Brooklyn,40.603006,-73.939468,42528174
Avenue T,Bedford Avenue,Brooklyn,40.602169,-73.94706,42520490
Avenue T,Bergen Avenue,Brooklyn,40.624039,-73.905918,42490505
Avenue T,Brown Street,Brooklyn,40.602904,-73.940396,42534251
Avenue T,Coleman Street,Brooklyn,40.610442,-73.925926,42479441
Avenue T,Coney Island Avenue,Brooklyn,40.600592,-73.961364,42489236
Avenue T,Coyle Street,Brooklyn,40.603214,-73.937579,42534607
Avenue T,East 12th Street,Brooklyn,40.600702,-73.960364,42528454
Avenue T,East 13th Street,Brooklyn,40.600887,-73.958684,42506092
Avenue T,East 14th Street,Brooklyn,40.600989,-73.957758,42514112
Avenue T,East 15th Street,Brooklyn,40.601091,-73.956833,42487716
Avenue T,East 16th Street,Brooklyn,40.601194,-73.955906,42534576
Avenue T,East 17th Street,Brooklyn,40.6013,-73.954943,42519058
Avenue T,East 18th Street,Brooklyn,40.601406,-73.953979,42492633
Avenue T,East 19th Street,Brooklyn,40.601512,-73.953038,42465170
Avenue T,East 1st Street,Brooklyn,40.59953,-73.970984,42534561
Avenue T,East 21st Street,Brooklyn,40.601756,-73.950802,42532121
Avenue T,East 22nd Street,Brooklyn,40.601859,-73.949875,42534586
Avenue T,East 23rd Street,Brooklyn,40.60196,-73.948951,42508443
Avenue T,East 24th Street,Brooklyn,40.602063,-73.948024,42489690
Avenue T,East 26th Street,Brooklyn,40.602275,-73.946097,42471374
Avenue T,East 27th Street,Brooklyn,40.602377,-73.945171,42526264
Avenue T,East 28th Street,Brooklyn,40.60248,-73.944243,42502560
Avenue T,East 29th Street,Brooklyn,40.602582,-73.943317,42477039
Avenue T,East 2nd Street,Brooklyn,40.599632,-73.970056,42495303
Avenue T,East 33rd Street,Brooklyn,40.606714,-73.931697,42531279
Avenue T,East 34th Street,Brooklyn,40.607174,-73.930979,42500577
Avenue T,East 35th Street,Brooklyn,40.607632,-73.930269,42473780
Avenue T,East 36th Street,Brooklyn,40.608122,-73.929539,42528241
Avenue T,East 37th Street,Brooklyn,40.608596,-73.928782,42505834
Avenue T,East 38th Street,Brooklyn,40.609055,-73.928066,42513947
Avenue T,East 3rd Street,Brooklyn,40.599733,-73.96913,42516937
Avenue T,East 4th Street,Brooklyn,40.599835,-73.968201,42498742
Avenue T,East 52nd Street,Brooklyn,40.611755,-73.923913,42531067/42531013
Avenue T,East 53rd Place,Brooklyn,40.612363,-73.922968,42512271
Avenue T,East 53rd Street,Brooklyn,40.612194,-73.923231,42473129
Avenue T,East 54th Street,Brooklyn,40.61283,-73.922247,42533872
Avenue T,East 55th Street,Brooklyn,40.613316,-73.921501,42492779
Avenue T,East 56th Street,Brooklyn,40.61385,-73.920673,42467770/42467685
Avenue T,East 57th Street,Brooklyn,40.614612,-73.919489,42524226/42524262
Avenue T,East 58th Street,Brooklyn,40.61516,-73.918658,42500376
Avenue T,East 59th Street,Brooklyn,40.615675,-73.91786,42473375
Avenue T,East 5th Street,Brooklyn,40.599939,-73.967273,42530956
Avenue T,East 60th Street,Brooklyn,40.616099,-73.917203,42530336
Avenue T,East 61st Street,Brooklyn,40.616559,-73.916493,42480162
Avenue T,East 63rd Street,Brooklyn,40.61756,-73.914927,42529314
Avenue T,East 64th Street,Brooklyn,40.618022,-73.914213,42460441
Avenue T,East 65th Street,Brooklyn,40.618483,-73.913499,42522247
Avenue T,East 66th Street,Brooklyn,40.618944,-73.912785,42498350
Avenue T,East 67th Street,Brooklyn,40.619418,-73.91208,42471016
Avenue T,East 68th Street,Brooklyn,40.619908,-73.911387,42501041
Avenue T,East 69th Street,Brooklyn,40.620394,-73.910542,42484415
Avenue T,East 70th Street,Brooklyn,40.620864,-73.909819,42534657
Avenue T,East 71st Street,Brooklyn,40.621324,-73.909106,42490068
Avenue T,East 72nd Street,Brooklyn,40.621778,-73.908393,42472896
Avenue T,East 73rd Street,Brooklyn,40.622244,-73.907671,42534662
Avenue T,East 74th Street,Brooklyn,40.622709,-73.906958,42475861
Avenue T,East 7th Street,Brooklyn,40.600242,-73.964541,42485310
Avenue T,East 8th Street,Brooklyn,40.600361,-73.963455,42534568
Avenue T,East 9th Street,Brooklyn,40.600463,-73.962534,42517196
Avenue T,Fillmore Avenue,Brooklyn,40.614972,-73.91895,42479140
Avenue T,Flatbush Avenue,Brooklyn,40.611461,-73.924374,3527276336/42491934
Avenue T,Ford Street,Brooklyn,40.603108,-73.938541,42534284
Avenue T,Gerritsen Avenue,Brooklyn,40.603362,-73.936851,42534613
Avenue T,Haring Street,Brooklyn,40.602802,-73.94132,42505733
Avenue T,Hendrickson Street,Brooklyn,40.610901,-73.925215,42509869
Avenue T,Homecrest Avenue,Brooklyn,40.600785,-73.959613,42475281
Avenue T,Kimball Street,Brooklyn,40.60998,-73.926641,42502085
Avenue T,Lake Street,Brooklyn,40.599224,-73.973754,42467529
Avenue T,McDonald Avenue,Brooklyn,40.599315,-73.972911,42502046
Avenue T,Mill Avenue,Brooklyn,40.617073,-73.915704,42512488
Avenue T,Nostrand Avenue,Brooklyn,40.602692,-73.942319,42481820
Avenue T,Ocean Avenue,Brooklyn,40.601643,-73.951845,42512817
Avenue T,Ocean Parkway,Brooklyn,40.600089,-73.965904,42508845/2282434965/2282434967
Avenue T,Ocean Parkway Bike Path,Brooklyn,40.600066,-73.966096,454381322
Avenue T,Pearson Street,Brooklyn,40.614212,-73.920107,42476177
Avenue T,Ralph Avenue,Brooklyn,40.616281,-73.916921,42494022
Avenue T,Royce Street,Brooklyn,40.623035,-73.906529,42510793/2419455649
Avenue T,Ryder Street,Brooklyn,40.609518,-73.927356,42508182
Avenue T,Stillwell Avenue,Brooklyn,40.597939,-73.985494,42503055
Avenue T,Stuart Street,Brooklyn,40.603872,-73.936093,42480406
Avenue T,Van Sicklen Street,Brooklyn,40.599119,-73.974712,42525240
Avenue T,Veterans Avenue,Brooklyn,40.619908,-73.911387,42501041
Avenue T,West 10th Street,Brooklyn,40.598354,-73.981714,42495127
Avenue T,West 11th Street,Brooklyn,40.598252,-73.982641,42468838
Avenue T,West 12th Street,Brooklyn,40.598149,-73.983575,42525375
Avenue T,West 13th Street,Brooklyn,40.598048,-73.984495,42501484
Avenue T,West 3rd Street,Brooklyn,40.599076,-73.975101,42519401
Avenue T,West 4th Street,Brooklyn,40.598977,-73.97601,42501363
Avenue T,West 5th Street,Brooklyn,40.598875,-73.976936,42509112
Avenue T,West 6th Street,Brooklyn,40.598766,-73.977934,42482599
Avenue T,West 7th Street,Brooklyn,40.598657,-73.978929,3509309093
Avenue T,West 8th Street,Brooklyn,40.598557,-73.97986,42514639
Avenue T,West 9th Street,Brooklyn,40.598455,-73.980786,42488381
Avenue T,West Street,Brooklyn,40.599423,-73.971911,42531574
Avenue U,Batchelder Street,Brooklyn,40.600744,-73.939042,42528179
Avenue U,Bedford Avenue,Brooklyn,40.599909,-73.946633,42520492
Avenue U,Bergen Avenue,Brooklyn,40.62219,-73.903812,42490507
Avenue U,Bragg Street,Brooklyn,40.601055,-73.936197,42504591
Avenue U,Brigham Street,Brooklyn,40.60134,-73.935299,42509778/42509781
Avenue U,Brown Street,Brooklyn,40.600643,-73.939967,42534256
Avenue U,Burnett Street,Brooklyn,40.602689,-73.933555,42524489
Avenue U,Coleman Street,Brooklyn,40.608807,-73.924114,42479444
Avenue U,Coney Island Avenue,Brooklyn,40.598309,-73.961184,42489240
Avenue U,Coyle Street,Brooklyn,40.600951,-73.93715,42534898
Avenue U,East 12th Street,Brooklyn,40.59842,-73.960178,42528457
Avenue U,East 13th Street,Brooklyn,40.598632,-73.958258,42506089
Avenue U,East 14th Street,Brooklyn,40.598734,-73.957333,42514116
Avenue U,East 15th Street,Brooklyn,40.598837,-73.956402,42487721
Avenue U,East 16th Street,Brooklyn,40.598938,-73.955476,42534874
Avenue U,East 17th Street,Brooklyn,40.599035,-73.954511,42519063
Avenue U,East 18th Street,Brooklyn,40.599146,-73.953552,42492636
Avenue U,East 19th Street,Brooklyn,40.599257,-73.952609,42465173
Avenue U,East 1st Street,Brooklyn,40.597275,-73.970556,42534847
Avenue U,East 21st Street,Brooklyn,40.599495,-73.950374,42532126
Avenue U,East 22nd Street,Brooklyn,40.599598,-73.949448,42534793
Avenue U,East 23rd Street,Brooklyn,40.599697,-73.948521,42508446
Avenue U,East 24th Street,Brooklyn,40.599801,-73.947595,42489692
Avenue U,East 26th Street,Brooklyn,40.600012,-73.945669,42471377
Avenue U,East 27th Street,Brooklyn,40.600111,-73.944742,42526268
Avenue U,East 28th Street,Brooklyn,40.600217,-73.943817,42502563
Avenue U,East 29th Street,Brooklyn,40.600324,-73.94289,42477042
Avenue U,East 2nd Street,Brooklyn,40.597377,-73.96963,42495306
Avenue U,East 33rd Street,Brooklyn,40.605075,-73.929872,42531283
Avenue U,East 34th Street,Brooklyn,40.605533,-73.929164,42500580
Avenue U,East 35th Street,Brooklyn,40.606001,-73.928442,42473854
Avenue U,East 36th Street,Brooklyn,40.606477,-73.927708,42528242
Avenue U,East 37th Street,Brooklyn,40.606956,-73.926969,42505836
Avenue U,East 38th Street,Brooklyn,40.607419,-73.926254,42513949
Avenue U,East 3rd Street,Brooklyn,40.597479,-73.968703,42516940
Avenue U,East 4th Street,Brooklyn,40.597582,-73.967776,42498745
Avenue U,East 52nd Street,Brooklyn,40.610305,-73.92188,4202932335
Avenue U,East 53rd Place,Brooklyn,40.610754,-73.921165,4202932337
Avenue U,East 54th Street,Brooklyn,40.611216,-73.920463,4202932338
Avenue U,East 55th Street,Brooklyn,40.611607,-73.919706,42513967
Avenue U,East 56th Street,Brooklyn,40.612122,-73.919007,42467687
Avenue U,East 57th Street,Brooklyn,40.613055,-73.917561,42524228
Avenue U,East 58th Street,Brooklyn,40.613538,-73.916807,42500380
Avenue U,East 59th Street,Brooklyn,40.613998,-73.916095,42473377
Avenue U,East 5th Street,Brooklyn,40.597684,-73.96685,42530959
Avenue U,East 60th Street,Brooklyn,40.614457,-73.915388,42530338
Avenue U,East 61st Street,Brooklyn,40.61492,-73.91467,42480164
Avenue U,East 63rd Street,Brooklyn,40.615929,-73.91311,42529318
Avenue U,East 64th Street,Brooklyn,40.61639,-73.912397,42460444
Avenue U,East 65th Street,Brooklyn,40.616851,-73.911682,42522250
Avenue U,East 66th Street,Brooklyn,40.617334,-73.91096,42498358
Avenue U,East 67th Street,Brooklyn,40.617779,-73.910262,42471017
Avenue U,East 68th Street,Brooklyn,40.618375,-73.909692,42511189
Avenue U,East 69th Street,Brooklyn,40.618877,-73.908928,42484420
Avenue U,East 70th Street,Brooklyn,40.619373,-73.908158,42534984
Avenue U,East 71st Street,Brooklyn,40.619835,-73.907446,42490071
Avenue U,East 72nd Street,Brooklyn,40.620296,-73.906731,42472899
Avenue U,East 73rd Street,Brooklyn,40.620758,-73.906017,42534990
Avenue U,East 74th Street,Brooklyn,40.621222,-73.9053,42475863
Avenue U,East 7th Street,Brooklyn,40.597987,-73.96411,42485311
Avenue U,East 8th Street,Brooklyn,40.598106,-73.963034,42534856
Avenue U,East 9th Street,Brooklyn,40.598208,-73.962103,42517198
Avenue U,Flatbush Avenue,Brooklyn,40.609825,-73.922504,42491937/3527276331/4202932333/4202932334
Avenue U,Ford Street,Brooklyn,40.600845,-73.938113,42534287
Avenue U,Gerritsen Avenue,Brooklyn,40.601502,-73.934778,42534899/42534934
Avenue U,Gravesend Neck Road,Brooklyn,40.600512,-73.941167,42529614
Avenue U,Haring Street,Brooklyn,40.600541,-73.940894,42505735
Avenue U,Hendrickson Street,Brooklyn,40.609254,-73.923371,42509873/4202932331
Avenue U,Homecrest Avenue,Brooklyn,40.59853,-73.959185,42475284
Avenue U,Kimball Street,Brooklyn,40.608345,-73.924826,42502087
Avenue U,Lake Street,Brooklyn,40.596886,-73.974082,42467532
Avenue U,Maxie Boulevard,Brooklyn,40.62219,-73.903812,42490507
Avenue U,McDonald Avenue,Brooklyn,40.596979,-73.97324,42502051
Avenue U,Mill Avenue,Brooklyn,40.615432,-73.913877,42512491
Avenue U,Nostrand Avenue,Brooklyn,40.600432,-73.941892,42481822
Avenue U,Ocean Avenue,Brooklyn,40.599388,-73.951415,42512821
Avenue U,Ocean Parkway,Brooklyn,40.597835,-73.965481,42508849/2282434961/2282434963
Avenue U,Ocean Parkway Bike Path,Brooklyn,40.597815,-73.965659,454381327
Avenue U,Pearson Street,Brooklyn,40.61258,-73.918289,42476179
Avenue U,Royce Street,Brooklyn,40.621702,-73.90456,42510798
Avenue U,Ryder Street,Brooklyn,40.607883,-73.925537,42508184
Avenue U,Stillwell Avenue,Brooklyn,40.595677,-73.985062,42503074
Avenue U,Stuart Street,Brooklyn,40.602229,-73.934265,42480408
Avenue U,Van Sicklen Street,Brooklyn,40.596781,-73.975039,42525243
Avenue U,Veterans Avenue,Brooklyn,40.620182,-73.90692,42501052
Avenue U,Village Road North,Brooklyn,40.596802,-73.974847,42508275
Avenue U,West 10th Street,Brooklyn,40.596094,-73.981281,42495131
Avenue U,West 11th Street,Brooklyn,40.595993,-73.982213,42468841
Avenue U,West 12th Street,Brooklyn,40.595892,-73.983139,42525379
Avenue U,West 13th Street,Brooklyn,40.595789,-73.984066,42501489
Avenue U,West 4th Street,Brooklyn,40.59672,-73.975588,42501366
Avenue U,West 5th Street,Brooklyn,40.596618,-73.97651,42509114
Avenue U,West 6th Street,Brooklyn,40.596508,-73.977506,42482602
Avenue U,West 7th Street,Brooklyn,40.596399,-73.978496,42534715
Avenue U,West 8th Street,Brooklyn,40.596296,-73.979429,42514641
Avenue U,West 9th Street,Brooklyn,40.596195,-73.980355,42488383
Avenue U,West Street,Brooklyn,40.597173,-73.971484,42531579
Avenue V,Batchelder Street,Brooklyn,40.598616,-73.93864,42528184
Avenue V,Bedford Avenue,Brooklyn,40.597789,-73.94623,42520498
Avenue V,Bergen Avenue,Brooklyn,40.620563,-73.901989,5387455412
Avenue V,Bragg Street,Brooklyn,40.598932,-73.935806,42504594
Avenue V,Brigham Street,Brooklyn,40.599048,-73.934865,42509784
Avenue V,Brown Street,Brooklyn,40.598514,-73.939563,42534261
Avenue V,Burnett Street,Brooklyn,40.601068,-73.931745,42524492
Avenue V,Coleman Street,Brooklyn,40.607195,-73.922319,42479451
Avenue V,Coney Island Avenue,Brooklyn,40.596163,-73.961027,42489244
Avenue V,Coyle Street,Brooklyn,40.598826,-73.936759,42535210
Avenue V,East 12th Street,Brooklyn,40.596302,-73.959778,42528461
Avenue V,East 13th Street,Brooklyn,40.596514,-73.957854,42506086
Avenue V,East 14th Street,Brooklyn,40.596616,-73.956929,42514120
Avenue V,East 15th Street,Brooklyn,40.596718,-73.956003,42487728
Avenue V,East 16th Street,Brooklyn,40.596819,-73.955079,42535175
Avenue V,East 17th Street,Brooklyn,40.59692,-73.95411,42519068
Avenue V,East 18th Street,Brooklyn,40.597028,-73.95315,42492639
Avenue V,East 19th Street,Brooklyn,40.597131,-73.952204,42465176
Avenue V,East 21st Street,Brooklyn,40.597377,-73.949973,42532129
Avenue V,East 22nd Street,Brooklyn,40.597495,-73.949051,42534795
Avenue V,East 23rd Street,Brooklyn,40.597563,-73.948112,42508454
Avenue V,East 24th Street,Brooklyn,40.597667,-73.947188,42489696
Avenue V,East 26th Street,Brooklyn,40.597894,-73.945265,42471383
Avenue V,East 27th Street,Brooklyn,40.597995,-73.944339,42526275
Avenue V,East 28th Street,Brooklyn,40.598098,-73.943411,42502566
Avenue V,East 29th Street,Brooklyn,40.598201,-73.942484,42477048
Avenue V,East 2nd Street,Brooklyn,40.595256,-73.969228,42495309
Avenue V,East 38th Street,Brooklyn,40.60581,-73.924462,42513951
Avenue V,East 3rd Street,Brooklyn,40.595361,-73.968296,42516942
Avenue V,East 4th Street,Brooklyn,40.595465,-73.967377,42498747
Avenue V,East 5th Street,Brooklyn,40.595567,-73.966449,42530962
Avenue V,East 69th Street,Brooklyn,40.617265,-73.907072,42484421
Avenue V,East 70th Street,Brooklyn,40.61774,-73.906341,42535242
Avenue V,East 71st Street,Brooklyn,40.618203,-73.905627,42490079
Avenue V,East 72nd Street,Brooklyn,40.618664,-73.904915,42472904
Avenue V,East 73rd Street,Brooklyn,40.619126,-73.904202,42535247
Avenue V,East 74th Street,Brooklyn,40.619591,-73.903483,42475866
Avenue V,East 7th Street,Brooklyn,40.59587,-73.963692,42485314
Avenue V,East 8th Street,Brooklyn,40.595987,-73.962633,42535167
Avenue V,East 9th Street,Brooklyn,40.596089,-73.961703,42517201
Avenue V,Flatbush Avenue,Brooklyn,40.608196,-73.920706,42491940/3527276327
Avenue V,Ford Street,Brooklyn,40.59872,-73.937713,42534290
Avenue V,Gerritsen Avenue,Brooklyn,40.600108,-73.933222,42535219
Avenue V,Haring Street,Brooklyn,40.598411,-73.940489,42505737
Avenue V,Hendrickson Street,Brooklyn,40.607658,-73.921603,42509877
Avenue V,Homecrest Avenue,Brooklyn,40.596412,-73.958781,42475286
Avenue V,Kimball Street,Brooklyn,40.606735,-73.923031,42502090
Avenue V,Knapp Street,Brooklyn,40.599634,-73.933957,42524213
Avenue V,Nostrand Avenue,Brooklyn,40.598304,-73.94148,42481831
Avenue V,Ocean Avenue,Brooklyn,40.597268,-73.951006,42512824
Avenue V,Ocean Parkway,Brooklyn,40.595716,-73.965075,2282434957/42508854/2282434959
Avenue V,Ocean Parkway Bike Path,Brooklyn,40.595695,-73.965262,454381332
Avenue V,Royce Street,Brooklyn,40.620068,-73.902744,42510800
Avenue V,Ryder Street,Brooklyn,40.606266,-73.923743,42508189
Avenue V,Stillwell Avenue,Brooklyn,40.593552,-73.98464,42503079
Avenue V,Stuart Street,Brooklyn,40.60061,-73.93245,42480410
Avenue V,Van Sicklen Street,Brooklyn,40.594588,-73.97535,42525257
Avenue V,West 11th Street,Brooklyn,40.59387,-73.981789,42468854
Avenue V,West 12th Street,Brooklyn,40.593764,-73.982735,42525385
Avenue V,West 13th Street,Brooklyn,40.59366,-73.983668,42501491
Avenue V,West 5th Street,Brooklyn,40.594504,-73.976108,42509121
Avenue V,West 6th Street,Brooklyn,40.594395,-73.977105,42482608
Avenue V,West 7th Street,Brooklyn,40.594285,-73.978104,42534723
Avenue V,West 8th Street,Brooklyn,40.594177,-73.979029,42514644
Avenue V,West 9th Street,Brooklyn,40.594074,-73.979956,42488386
Avenue W,Batchelder Street,Brooklyn,40.596235,-73.938192,9322313297/42528186
Avenue W,Bedford Avenue,Brooklyn,40.595398,-73.945775,42520501
Avenue W,Bergen Avenue,Brooklyn,40.618953,-73.900155,42490513/5490127300
Avenue W,Bragg Street,Brooklyn,40.596545,-73.935343,42504598
Avenue W,Brigham Street,Brooklyn,40.596649,-73.934411,42509788
Avenue W,Coney Island Avenue,Brooklyn,40.593744,-73.960846,42489253
Avenue W,East 12th Street,Brooklyn,40.593903,-73.959393,42528465
Avenue W,East 16th Street,Brooklyn,40.594422,-73.954622,42535279
Avenue W,East 17th Street,Brooklyn,40.59453,-73.953659,42519077
Avenue W,East 18th Street,Brooklyn,40.594637,-73.952699,42492646
Avenue W,East 19th Street,Brooklyn,40.594741,-73.951754,42465181
Avenue W,East 1st Street,Brooklyn,40.592773,-73.969706,42535374
Avenue W,East 21st Street,Brooklyn,40.594985,-73.949519,42532134
Avenue W,East 22nd Street,Brooklyn,40.595088,-73.94859,42534796
Avenue W,East 23rd Street,Brooklyn,40.595189,-73.947663,42508460
Avenue W,East 24th Street,Brooklyn,40.595291,-73.946737,42489697
Avenue W,East 26th Street,Brooklyn,40.595503,-73.944813,42471385
Avenue W,East 27th Street,Brooklyn,40.595605,-73.943884,42526279
Avenue W,East 28th Street,Brooklyn,40.595707,-73.942959,42502572
Avenue W,East 29th Street,Brooklyn,40.595809,-73.942032,42477057
Avenue W,East 2nd Street,Brooklyn,40.592875,-73.968777,42495315
Avenue W,East 3rd Street,Brooklyn,40.592976,-73.967847,42516949
Avenue W,East 4th Street,Brooklyn,40.593078,-73.966925,42498750
Avenue W,East 5th Street,Brooklyn,40.593181,-73.965999,42530967
Avenue W,East 69th Street,Brooklyn,40.615633,-73.905269,42484422
Avenue W,East 70th Street,Brooklyn,40.61611,-73.904527,42535334
Avenue W,East 71st Street,Brooklyn,40.616571,-73.903811,42490083
Avenue W,East 72nd Street,Brooklyn,40.617032,-73.903099,42472909
Avenue W,East 73rd Street,Brooklyn,40.617494,-73.902386,42535344
Avenue W,East 74th Street,Brooklyn,40.617958,-73.901663,42475871
Avenue W,East 7th Street,Brooklyn,40.593481,-73.96326,42485320
Avenue W,Gerritsen Avenue,Brooklyn,40.597147,-73.929937,42535318
Avenue W,Gravesend Neck Road,Brooklyn,40.59407,-73.95887,42519464
Avenue W,Knapp Street,Brooklyn,40.59676,-73.933413,42524214
Avenue W,Lake Street,Brooklyn,40.592197,-73.974914,42467539
Avenue W,McDonald Avenue,Brooklyn,40.59231,-73.973891,42502063
Avenue W,Nostrand Avenue,Brooklyn,40.595921,-73.941018,42481836
Avenue W,Ocean Avenue,Brooklyn,40.594878,-73.950554,42512832
Avenue W,Ocean Parkway,Brooklyn,40.59333,-73.964629,42508867/2282434949/2282434951
Avenue W,Ocean Parkway Bike Path,Brooklyn,40.593307,-73.964832,454381339
Avenue W,Plumb 1st Street,Brooklyn,40.59687,-73.932422,42521503
Avenue W,Plumb 2nd Street,Brooklyn,40.596974,-73.931489,42505658
Avenue W,Royce Street,Brooklyn,40.618434,-73.900926,42510802
Avenue W,Sheepshead Bay Road,Brooklyn,40.594011,-73.958836,42519464/2391106068
Avenue W,Stillwell Avenue,Brooklyn,40.591166,-73.984204,42503085
Avenue W,Stryker Street,Brooklyn,40.592444,-73.972678,42531412
Avenue W,Van Sicklen Street,Brooklyn,40.592111,-73.975695,42525266
Avenue W,West 11th Street,Brooklyn,40.591484,-73.981319,42468858
Avenue W,West 12th Street,Brooklyn,40.591378,-73.982279,42525351
Avenue W,West 13th Street,Brooklyn,40.591276,-73.983206,42501497
Avenue W,West 1st Street,Brooklyn,40.592569,-73.97156,42535369
Avenue W,West 6th Street,Brooklyn,40.592005,-73.976655,42482613
Avenue W,West 7th Street,Brooklyn,40.59188,-73.977639,42478752
Avenue W,West Street,Brooklyn,40.59267,-73.97063,42531586
Avenue X,Batchelder Street,Brooklyn,40.594123,-73.937784,42528193
Avenue X,Bedford Avenue,Brooklyn,40.593286,-73.945375,42520504
Avenue X,Bergen Avenue,Brooklyn,40.617252,-73.898475,5490127305/42490514
Avenue X,Boynton Place,Brooklyn,40.589965,-73.975568,1190121554
Avenue X,Bragg Street,Brooklyn,40.594434,-73.934951,42504602
Avenue X,Brigham Street,Brooklyn,40.594532,-73.934007,42509791
Avenue X,Brown Street,Brooklyn,40.594021,-73.938718,42534271
Avenue X,Burnett Street,Brooklyn,40.597803,-73.928134,42524496
Avenue X,Coney Island Avenue,Brooklyn,40.591597,-73.960687,42489258
Avenue X,Coyle Street,Brooklyn,40.594329,-73.935905,42535436
Avenue X,East 11th Street,Brooklyn,40.591709,-73.959677,42473880
Avenue X,East 12th Street,Brooklyn,40.591783,-73.958998,42528470
Avenue X,East 13th Street,Brooklyn,40.592003,-73.957003,42506080
Avenue X,East 14th Street,Brooklyn,40.592105,-73.956078,11332786156
Avenue X,East 15th Street,Brooklyn,40.592207,-73.955148,7964913625
Avenue X,East 16th Street,Brooklyn,40.592316,-73.954223,42535426
Avenue X,East 17th Street,Brooklyn,40.59242,-73.953261,42519086
Avenue X,East 18th Street,Brooklyn,40.592525,-73.952302,11509876333
Avenue X,East 19th Street,Brooklyn,40.592628,-73.95135,11509876324
Avenue X,East 1st Street,Brooklyn,40.59065,-73.969304,42535411
Avenue X,East 21st Street,Brooklyn,40.592872,-73.949122,42532135
Avenue X,East 22nd Street,Brooklyn,40.592975,-73.948191,42534798
Avenue X,East 23rd Street,Brooklyn,40.593077,-73.947265,42508465
Avenue X,East 24th Street,Brooklyn,40.593179,-73.946343,42489701
Avenue X,East 26th Street,Brooklyn,40.593392,-73.944425,42471386
Avenue X,East 27th Street,Brooklyn,40.593495,-73.943493,42526284
Avenue X,East 28th Street,Brooklyn,40.593598,-73.942564,42502575
Avenue X,East 29th Street,Brooklyn,40.5937,-73.941633,42477060
Avenue X,East 2nd Street,Brooklyn,40.590752,-73.968377,42495318
Avenue X,East 3rd Street,Brooklyn,40.590854,-73.967447,42516953
Avenue X,East 4th Street,Brooklyn,40.590956,-73.96652,42498753
Avenue X,East 69th Street,Brooklyn,40.613993,-73.903454,42484423
Avenue X,East 70th Street,Brooklyn,40.614477,-73.902708,42535398
Avenue X,East 71st Street,Brooklyn,40.614938,-73.901994,42490086
Avenue X,East 72nd Street,Brooklyn,40.615399,-73.901279,42472913
Avenue X,East 73rd Street,Brooklyn,40.615859,-73.900566,42535400
Avenue X,East 74th Street,Brooklyn,40.616326,-73.899845,42475874
Avenue X,East 7th Street,Brooklyn,40.59136,-73.962849,42485330
Avenue X,Gerritsen Avenue,Brooklyn,40.596833,-73.929587,42535470
Avenue X,Haring Street,Brooklyn,40.59392,-73.939643,42505739
Avenue X,Hubbard Street,Brooklyn,40.591258,-73.963774,42535415
Avenue X,Knapp Street,Brooklyn,40.594639,-73.933012,42524215
Avenue X,McDonald Avenue,Brooklyn,40.590131,-73.974158,42488082
Avenue X,Nostrand Avenue,Brooklyn,40.593813,-73.940615,5391643301
Avenue X,Ocean Avenue,Brooklyn,40.592758,-73.950154,42512836
Avenue X,Ocean Parkway,Brooklyn,40.591109,-73.965131,2282434938/42508875/2282434940
Avenue X,Ocean Parkway Bike Path,Brooklyn,40.591087,-73.965328,454381348
Avenue X,Royce Street,Brooklyn,40.6168,-73.89911,42510804
Avenue X,Sheepshead Bay Road,Brooklyn,40.591929,-73.957676,42519466
Avenue X,Shell Road,Brooklyn,40.590135,-73.974074,42488082/9109012126
Avenue X,Stillwell Avenue,Brooklyn,40.589042,-73.983803,42503093
Avenue X,Stryker Street,Brooklyn,40.590246,-73.972983,42519346
Avenue X,Stuart Street,Brooklyn,40.59733,-73.928799,42480414
Avenue X,West 11th Street,Brooklyn,40.58937,-73.980927,42468862
Avenue X,West 12th Street,Brooklyn,40.589254,-73.98188,42525354
Avenue X,West 13th Street,Brooklyn,40.589151,-73.982812,42501501
Avenue X,West 1st Street,Brooklyn,40.590447,-73.971157,42535407
Avenue X,West 2nd Street,Brooklyn,40.590345,-73.972083,42466883
Avenue X,West 3rd Street,Brooklyn,40.590246,-73.972983,42519346
Avenue X,West 8th Street,Brooklyn,40.589646,-73.978493,42514673
Avenue X,West Street,Brooklyn,40.590549,-73.970225,42531593
Avenue Y,Batchelder Street,Brooklyn,40.591999,-73.937376,42528201
Avenue Y,Bay 50th Street,Brooklyn,40.586668,-73.985777,42487674
Avenue Y,Bedford Avenue,Brooklyn,40.591163,-73.944973,42520508
Avenue Y,Bergen Avenue,Brooklyn,40.615172,-73.898559,42475878
Avenue Y,Bragg Street,Brooklyn,40.592312,-73.934535,42504604
Avenue Y,Brigham Street,Brooklyn,40.592413,-73.933612,42509798
Avenue Y,Brown Street,Brooklyn,40.591896,-73.938309,42534275
Avenue Y,Coney Island Avenue,Brooklyn,40.589452,-73.96052,42489263
Avenue Y,Coyle Street,Brooklyn,40.592205,-73.935502,42535838
Avenue Y,East 11th Street,Brooklyn,40.589563,-73.959514,42473882
Avenue Y,East 12th Street,Brooklyn,40.589665,-73.958596,42528477
Avenue Y,East 13th Street,Brooklyn,40.589886,-73.956588,42506074
Avenue Y,East 14th Street,Brooklyn,40.589987,-73.955675,42514135
Avenue Y,East 15th Street,Brooklyn,40.590089,-73.954751,42487759
Avenue Y,East 16th Street,Brooklyn,40.59019,-73.953823,42535816
Avenue Y,East 17th Street,Brooklyn,40.590296,-73.952858,42519093
Avenue Y,East 18th Street,Brooklyn,40.590402,-73.951894,42492654
Avenue Y,East 19th Street,Brooklyn,40.590506,-73.950951,42465191
Avenue Y,East 1st Street,Brooklyn,40.58853,-73.968897,42535794
Avenue Y,East 21st Street,Brooklyn,40.590751,-73.948719,42532137
Avenue Y,East 22nd Street,Brooklyn,40.590853,-73.947792,42534801
Avenue Y,East 23rd Street,Brooklyn,40.590955,-73.946864,42508473
Avenue Y,East 24th Street,Brooklyn,40.591057,-73.94594,42489704
Avenue Y,East 26th Street,Brooklyn,40.591268,-73.944013,42471389
Avenue Y,East 27th Street,Brooklyn,40.59137,-73.943085,42526289
Avenue Y,East 28th Street,Brooklyn,40.591471,-73.942167,42502577
Avenue Y,East 29th Street,Brooklyn,40.591573,-73.941241,42477064
Avenue Y,East 2nd Street,Brooklyn,40.588632,-73.96797,42495322
Avenue Y,East 3rd Street,Brooklyn,40.588733,-73.967046,42516961
Avenue Y,East 69th Street,Brooklyn,40.612783,-73.902135,42484425
Avenue Y,East 6th Street,Brooklyn,40.589039,-73.964264,42511848
Avenue Y,East 70th Street,Brooklyn,40.613278,-73.901373,42535772
Avenue Y,East 71st Street,Brooklyn,40.613744,-73.900672,42490090
Avenue Y,East 72nd Street,Brooklyn,40.614211,-73.89996,42472917
Avenue Y,East 73rd Street,Brooklyn,40.614666,-73.899239,42535780
Avenue Y,East 74th Street,Brooklyn,40.615172,-73.898559,42475878
Avenue Y,East 7th Street,Brooklyn,40.589239,-73.962455,42485339
Avenue Y,Haring Street,Brooklyn,40.591794,-73.939239,42505741
Avenue Y,Homecrest Avenue,Brooklyn,40.589782,-73.95753,42475310
Avenue Y,Hubbard Street,Brooklyn,40.589137,-73.963377,42535803
Avenue Y,Knapp Street,Brooklyn,40.592523,-73.932612,1946728281
Avenue Y,Nostrand Avenue,Brooklyn,40.591687,-73.940211,42481842/5391643302
Avenue Y,Ocean Avenue,Brooklyn,40.590637,-73.949753,42512839
Avenue Y,Ocean Parkway,Brooklyn,40.588887,-73.96564,2282434921/2282434923/42508885
Avenue Y,Ocean Parkway Bike Path,Brooklyn,40.588865,-73.965841,454381366
Avenue Y,Sheepshead Bay Road,Brooklyn,40.589886,-73.956588,42506074
Avenue Y,Shell Road,Brooklyn,40.587948,-73.974286,42533992/10767156880
Avenue Y,West 16th Street,Brooklyn,40.586712,-73.985331,42535031
Avenue Y,West 1st Street,Brooklyn,40.588327,-73.97075,42535790
Avenue Y,West 2nd Street,Brooklyn,40.588226,-73.971678,42466887
Avenue Y,West 3rd Street,Brooklyn,40.588123,-73.972611,42519351
Avenue Y,West Street,Brooklyn,40.588429,-73.969823,42531601
Avenue Z,Batchelder Street,Brooklyn,40.589873,-73.936986,11418980544
Avenue Z,Bedford Avenue,Brooklyn,40.589043,-73.944577,42520511
Avenue Z,Brown Street,Brooklyn,40.589774,-73.937911,42534230
Avenue Z,Coney Island Avenue,Brooklyn,40.58731,-73.960354,42489275
Avenue Z,Coyle Street,Brooklyn,40.590076,-73.935098,42535984
Avenue Z,East 11th Street,Brooklyn,40.587421,-73.959348,42473888
Avenue Z,East 12th Street,Brooklyn,40.587548,-73.958196,42528479
Avenue Z,East 13th Street,Brooklyn,40.587769,-73.956193,42506064
Avenue Z,East 14th Street,Brooklyn,40.587871,-73.955269,42514140
Avenue Z,East 15th Street,Brooklyn,40.587973,-73.95434,42487762
Avenue Z,East 16th Street,Brooklyn,40.588074,-73.953424,42535963
Avenue Z,East 17th Street,Brooklyn,40.58818,-73.952463,42519095
Avenue Z,East 18th Street,Brooklyn,40.588285,-73.951497,42492658
Avenue Z,East 19th Street,Brooklyn,40.58839,-73.950542,42465194
Avenue Z,East 1st Street,Brooklyn,40.586411,-73.968499,42535925
Avenue Z,East 21st Street,Brooklyn,40.588636,-73.948317,42532140
Avenue Z,East 22nd Street,Brooklyn,40.588738,-73.947389,42534808
Avenue Z,East 23rd Street,Brooklyn,40.588839,-73.946468,42508479
Avenue Z,East 24th Street,Brooklyn,40.588941,-73.945537,42489706
Avenue Z,East 26th Street,Brooklyn,40.589155,-73.943612,42471393
Avenue Z,East 27th Street,Brooklyn,40.589254,-73.942686,42526293
Avenue Z,East 28th Street,Brooklyn,40.589355,-73.941762,42502586
Avenue Z,East 29th Street,Brooklyn,40.589456,-73.940843,42477065
Avenue Z,East 2nd Street,Brooklyn,40.586514,-73.967566,42495331
Avenue Z,East 6th Street,Brooklyn,40.586923,-73.963865,42511862
Avenue Z,East 7th Street,Brooklyn,40.587122,-73.962056,42485354
Avenue Z,Ford Street,Brooklyn,40.589973,-73.936061,42534297
Avenue Z,Haring Street,Brooklyn,40.589674,-73.938841,42505745
Avenue Z,Homecrest Avenue,Brooklyn,40.587667,-73.957116,42475270
Avenue Z,Hubbard Street,Brooklyn,40.587021,-73.96298,42535935
Avenue Z,Jerome Avenue,Brooklyn,40.588888,-73.946023,7965141331
Avenue Z,Knapp Street,Brooklyn,40.590479,-73.932225,7965084399
Avenue Z,Nostrand Avenue,Brooklyn,40.589571,-73.939799,5391643305/42481844
Avenue Z,Ocean Avenue,Brooklyn,40.58852,-73.949353,42512842
Avenue Z,Ocean Parkway,Brooklyn,40.586671,-73.96615,42508904/2282434908/2282434911
Avenue Z,Ocean Parkway Bike Path,Brooklyn,40.58665,-73.966347,454381377
Avenue Z,Sheepshead Bay Road,Brooklyn,40.587827,-73.95566,42519420
Avenue Z,Shell Road,Brooklyn,40.585757,-73.974412,42534001/10767156881
Avenue Z,Stillwell Avenue,Brooklyn,40.584814,-73.983006,42503114
Avenue Z,West 13th Street,Brooklyn,40.584926,-73.982006,42501463
Avenue Z,West 15th Street,Brooklyn,40.584701,-73.984005,42528881
Avenue Z,West 16th Street,Brooklyn,40.584598,-73.984928,42535035
Avenue Z,West 17th Street,Brooklyn,40.584515,-73.985854,42514897
Avenue Z,West 1st Street,Brooklyn,40.586207,-73.970349,42535920
Avenue Z,West 2nd Street,Brooklyn,40.586105,-73.971279,42466890
Avenue Z,West 3rd Street,Brooklyn,40.586002,-73.972209,42519358
Avenue Z,West Street,Brooklyn,40.586309,-73.969423,42531607
Aviation Road,Flatbush Avenue,Brooklyn,40.581739,-73.891457,7948205416/7948205417/7948205418/7948205415
Aviation Road,Flatbush Avenue Greenway,Brooklyn,40.581833,-73.891299,466530483/2356694551
Bainbridge Street,Howard Avenue,Brooklyn,40.682254,-73.919866,42479174
Bainbridge Street,Lewis Avenue,Brooklyn,40.680565,-73.934572,42466983
Bainbridge Street,Malcolm X Boulevard,Brooklyn,40.681237,-73.928727,42499524
Bainbridge Street,Patchen Avenue,Brooklyn,40.68157,-73.925793,42485057
Bainbridge Street,Ralph Avenue,Brooklyn,40.681939,-73.922535,42493922
Bainbridge Street,Rockaway Avenue,Brooklyn,40.68318,-73.911813,42516669
Bainbridge Street,Saratoga Avenue,Brooklyn,40.682568,-73.917122,42476370
Bainbridge Street,Stuyvesant Avenue,Brooklyn,40.680902,-73.93165,42473300
Bainbridge Street,Thomas S. Boyland Street,Brooklyn,40.682874,-73.914465,42509390
Balfour Place,Empire Boulevard,Brooklyn,40.664184,-73.944883,42481982
Balfour Place,Lefferts Avenue,Brooklyn,40.662715,-73.945022,42472166
Baltic Street,Bond Street,Brooklyn,40.683126,-73.98743,42466496
Baltic Street,Clinton Street,Brooklyn,40.686748,-73.996035,42502674
Baltic Street,Columbia Street,Brooklyn,40.68842,-74.001069,42537098
Baltic Street,Columbia Street Greenway,Brooklyn,40.68845,-74.001175,5853910579
Baltic Street,Court Street,Brooklyn,40.685946,-73.994171,42497651/42497646
Baltic Street,Henry Street,Brooklyn,40.687358,-73.997873,42519250
Baltic Street,Hicks Street,Brooklyn,40.687922,-73.999562,42483426/42483535
Baltic Street,Hoyt Street,Brooklyn,40.683956,-73.989556,42527875
Baltic Street,Nevins Street,Brooklyn,40.682277,-73.985229,42529944
Baltic Street,Park Place,Brooklyn,40.679635,-73.978278,42465250
Baltic Street,Quisenbury Drive,Brooklyn,40.679895,-73.979122,42522888
Baltic Street,Smith Street,Brooklyn,40.684812,-73.991763,42492244
Bancroft Place,Herkimer Street,Brooklyn,40.67802,-73.919991,42515975
Bank Street,Dewitt Avenue,Brooklyn,40.655742,-73.899385,42460406
Bank Street,Foster Avenue,Brooklyn,40.653089,-73.898334,42460410
Banker Street,Banker's Anchor,Brooklyn,40.723225,-73.954512,42488118
Banker Street,Calyer Street,Brooklyn,40.727073,-73.95693,42488139
Banker Street,Franklin Street,Brooklyn,40.727324,-73.957181,2276312211
Banker Street,Meserole Avenue,Brooklyn,40.725988,-73.956069,42488134
Banker Street,Nassau Avenue,Brooklyn,40.722636,-73.954183,42479254
Banker Street,Norman Avenue,Brooklyn,40.72433,-73.955129,42488122
Banker Street,North 15th Street,Brooklyn,40.723225,-73.954512,42488118
Banker Street,Wythe Avenue,Brooklyn,40.72433,-73.955129,42488122
Banker's Anchor,North 15th Street,Brooklyn,40.723225,-73.954512,42488118
Banner 3rd Road,Brighton 3rd Street,Brooklyn,40.581834,-73.965688,42468058
Banner 3rd Terrace,Brighton 3rd Street,Brooklyn,40.581266,-73.965818,42468065
Banner Avenue,Brighton 6th Street,Brooklyn,40.583061,-73.963135,42488182
Banner Avenue,Brighton 7th Street,Brooklyn,40.583182,-73.962241,42488184
Banner Avenue,Brighton 8th Street,Brooklyn,40.583307,-73.961322,42488186
Banner Avenue,Coney Island Avenue,Brooklyn,40.583498,-73.959975,5093729186
Banner Avenue,East 11th Street,Brooklyn,40.583597,-73.959058,42473912
Banner Avenue,East 12th Street,Brooklyn,40.583764,-73.957513,42488204
Banner Avenue,Guider Avenue,Brooklyn,40.583535,-73.960683,598784336
Barberry Court,Highland Boulevard,Brooklyn,40.683408,-73.890934,42503297
Barbey Street,Belmont Avenue,Brooklyn,40.671853,-73.887288,42484891
Barbey Street,Blake Avenue,Brooklyn,40.669058,-73.886574,42499712
Barbey Street,Cozine Avenue,Brooklyn,40.657304,-73.880002,42486461
Barbey Street,Dumont Avenue,Brooklyn,40.667521,-73.886183,42499716
Barbey Street,Flatlands Avenue,Brooklyn,40.655952,-73.879003,1273032276
Barbey Street,Fulton Street,Brooklyn,40.678558,-73.889006,10683957729
Barbey Street,Glenmore Avenue,Brooklyn,40.674384,-73.887938,42499698
Barbey Street,Hegeman Avenue,Brooklyn,40.663095,-73.884302,42474360
Barbey Street,Jamaica Avenue,Brooklyn,40.681795,-73.889783,42475139/6278895438
Barbey Street,Liberty Avenue,Brooklyn,40.67563,-73.888257,42499696
Barbey Street,Linden Boulevard,Brooklyn,40.661877,-73.883409,1942054916
Barbey Street,Livonia Avenue,Brooklyn,40.665994,-73.885795,42477842
Barbey Street,McClancy Place,Brooklyn,40.664205,-73.885131,42499672
Barbey Street,New Lots Avenue,Brooklyn,40.665141,-73.885563,42499721
Barbey Street,Pitkin Avenue,Brooklyn,40.673117,-73.887613,42499701
Barbey Street,Sunnyside Avenue,Brooklyn,40.682484,-73.890283,42499687
Barbey Street,Sutter Avenue,Brooklyn,40.670595,-73.886968,42499705
Barbey Street,Wortman Avenue,Brooklyn,40.658664,-73.881002,42499661
Barlow Drive North,Barlow Drive South,Brooklyn,40.609117,-73.904838,42498966
Barlow Drive North,Bassett Avenue,Brooklyn,40.609117,-73.904838,42498966
Barlow Drive North,East 66th Street,Brooklyn,40.611105,-73.906673,42498427
Barlow Drive South,Bassett Avenue,Brooklyn,40.609117,-73.904838,42498966
Barlow Drive South,East 66th Street,Brooklyn,40.608474,-73.907922,42498441
Barnell Street,Van Dyke Street,Brooklyn,40.677164,-74.016911,489088123
Bartel Pritchard Square,Prospect Park Southwest,Brooklyn,40.660864,-73.979584,42466655
Bartel Pritchard Square,Prospect Park West,Brooklyn,40.661006,-73.979892,42476048/42476137
Bartlett Place,Beacon Court,Brooklyn,40.590758,-73.924026,42468903
Bartlett Place,Canton Court,Brooklyn,40.590562,-73.924332,42468901
Bartlett Place,Dare Court,Brooklyn,40.590368,-73.924635,42468898
Bartlett Place,Eaton Court,Brooklyn,40.590169,-73.924937,42468896
Bartlett Place,Frank Court,Brooklyn,40.589975,-73.925239,42468893
Bartlett Place,Gain Court,Brooklyn,40.589582,-73.92584,42468889
Bartlett Place,Gerritsen Avenue,Brooklyn,40.591214,-73.923314,4729763662
Bartlett Place,Hyman Court,Brooklyn,40.589387,-73.92614,42468886
Bartlett Place,Ivan Court,Brooklyn,40.589192,-73.926442,42468884
Bartlett Place,Just Court,Brooklyn,40.588996,-73.92675,42468883
Bartlett Place,Noel Avenue,Brooklyn,40.589782,-73.925541,42468891
Bartlett Street,Broadway,Brooklyn,40.702316,-73.944636,42505446
Bartlett Street,Flushing Avenue,Brooklyn,40.700006,-73.948133,42504087
Bartlett Street,Harrison Avenue,Brooklyn,40.700464,-73.947486,42516653
Bartlett Street,Throop Avenue,Brooklyn,40.701655,-73.945645,42499144
Bassett Avenue,East 66th Street,Brooklyn,40.60973,-73.90711,2441149061
Bassett Avenue,Gaylord Drive North,Brooklyn,40.609355,-73.905722,42498958
Bassett Avenue,Gaylord Drive South,Brooklyn,40.609355,-73.905722,42498958
Bassett Avenue,Mayfair Drive North,Brooklyn,40.608879,-73.903954,42495582
Bassett Avenue,Mayfair Drive South,Brooklyn,40.608879,-73.903954,42495582
Bassett Avenue,Whitman Drive,Brooklyn,40.608641,-73.903069,42498975
Batchelder Street,Emmons Avenue,Brooklyn,40.584004,-73.935884,42477434/2318552253
Batchelder Street,Gerritsen Avenue,Brooklyn,40.606139,-73.939955,42528168
Batchelder Street,Shore Parkway,Brooklyn,40.586201,-73.936288,42480753/42480246
Batchelder Street,Voorhies Avenue,Brooklyn,40.587626,-73.936557,42524575
Bath Avenue,Bay 10th Street,Brooklyn,40.607593,-74.012288,42480174
Bath Avenue,Bay 11th Street,Brooklyn,40.607154,-74.011569,42522530
Bath Avenue,Bay 13th Street,Brooklyn,40.606204,-74.01,42486206
Bath Avenue,Bay 14th Street,Brooklyn,40.605714,-74.009192,42522537
Bath Avenue,Bay 16th Street,Brooklyn,40.604768,-74.007625,42472022
Bath Avenue,Bay 17th Street,Brooklyn,40.604338,-74.00691,42522541
Bath Avenue,Bay 19th Street,Brooklyn,40.603571,-74.005587,42478678
Bath Avenue,Bay 20th Street,Brooklyn,40.603079,-74.004635,42490009
Bath Avenue,Bay 22nd Street,Brooklyn,40.60226,-74.003067,42467244
Bath Avenue,Bay 23rd Street,Brooklyn,40.601871,-74.002318,5263132682
Bath Avenue,Bay 25th Street,Brooklyn,40.600958,-74.000838,42522550
Bath Avenue,Bay 26th Street,Brooklyn,40.600493,-74.000164,42482848
Bath Avenue,Bay 28th Street,Brooklyn,40.59952,-73.998749,42515384
Bath Avenue,Bay 29th Street,Brooklyn,40.599056,-73.998071,42488731
Bath Avenue,Bay 31st Street,Brooklyn,40.598046,-73.996608,42494788
Bath Avenue,Bay 32nd Street,Brooklyn,40.597583,-73.995928,11527137676
Bath Avenue,Bay 34th Street,Brooklyn,40.596607,-73.994523,42480037
Bath Avenue,Bay 35th Street,Brooklyn,40.596141,-73.993845,42522569
Bath Avenue,Bay 37th Street,Brooklyn,40.595211,-73.992389,42486193
Bath Avenue,Bay 38th Street,Brooklyn,40.59478,-73.991677,42522577
Bath Avenue,Bay 40th Street,Brooklyn,40.593882,-73.99019,42477516
Bath Avenue,Bay 41st Street,Brooklyn,40.593451,-73.989475,42504619
Bath Avenue,Bay 43rd Street,Brooklyn,40.592553,-73.987988,42474640
Bath Avenue,Bay 44th Street,Brooklyn,40.592121,-73.987273,42489955
Bath Avenue,Bay 46th Street,Brooklyn,40.591222,-73.985787,42521362
Bath Avenue,Bay 47th Street,Brooklyn,40.590791,-73.985072,42495599
Bath Avenue,Bay 7th Street,Brooklyn,40.608921,-74.014484,42505668
Bath Avenue,Bay 8th Street,Brooklyn,40.608479,-74.013766,42479544
Bath Avenue,Bay Parkway,Brooklyn,40.598555,-73.99734,42469048
Bath Avenue,Stillwell Avenue,Brooklyn,40.590153,-73.984014,42503088
Battery Avenue,Fort Hamilton Manor,Brooklyn,40.610231,-74.027057,42484124
Battery Avenue,Fort Hill Place,Brooklyn,40.612904,-74.02641,42484111
Battery Avenue,Poly Place,Brooklyn,40.610231,-74.027057,42484124
Battle Avenue,Bay Side Avenue,Brooklyn,40.657462,-73.99319,755897235
Battle Avenue,Border Avenue,Brooklyn,40.657097,-73.990056,755897361
Battle Avenue,Hemlock Avenue,Brooklyn,40.656361,-73.989012,755897426
Battle Avenue,Highland Avenue,Brooklyn,40.657313,-73.992316,755897268
Battle Avenue,Landscape Avenue,Brooklyn,40.657871,-73.994563,755897194
Battle Avenue,Meadow Avenue,Brooklyn,40.655383,-73.988809,755897466
Battle Path,Border Avenue,Brooklyn,40.657136,-73.990002,1975651690
Baughman Place,Flatbush Avenue,Brooklyn,40.620129,-73.934166,42491873
Baughman Place,Troy Avenue,Brooklyn,40.620205,-73.932835,42492532
Bay 10th Street,Benson Avenue,Brooklyn,40.609258,-74.010538,42480170
Bay 10th Street,Cropsey Avenue,Brooklyn,40.606016,-74.01391,42480177
Bay 10th Street,Independence Avenue,Brooklyn,40.603928,-74.016066,42480180
Bay 11th Street,Benson Avenue,Brooklyn,40.608837,-74.009827,42491343
Bay 11th Street,Cropsey Avenue,Brooklyn,40.605622,-74.013156,42493680
Bay 11th Street,Independence Avenue,Brooklyn,40.603707,-74.015167,42495343
Bay 13th Street,Benson Avenue,Brooklyn,40.607881,-74.008252,42486203
Bay 13th Street,Cropsey Avenue,Brooklyn,40.60476,-74.0115,42486209
Bay 13th Street,Shore Parkway,Brooklyn,40.602585,-74.013563,42480339
Bay 14th Street,Benson Avenue,Brooklyn,40.607393,-74.007447,42491347
Bay 14th Street,Cropsey Avenue,Brooklyn,40.604335,-74.010694,42493697/42493692
Bay 14th Street,Shore Parkway,Brooklyn,40.602361,-74.012621,42480343
Bay 16th Street,Benson Avenue,Brooklyn,40.606447,-74.005882,42472018
Bay 16th Street,Cropsey Avenue,Brooklyn,40.60345,-74.008995,42472024
Bay 16th Street,New Utrecht Avenue,Brooklyn,40.610915,-74.001364,42468243
Bay 16th Street,Rutherford Place,Brooklyn,40.605958,-74.006385,42472020
Bay 16th Street,Shore Parkway,Brooklyn,40.601657,-74.010868,42472028
Bay 17th Street,Benson Avenue,Brooklyn,40.606016,-74.005167,42491352
Bay 17th Street,Cropsey Avenue,Brooklyn,40.603056,-74.008244,42493709
Bay 17th Street,Rutherford Place,Brooklyn,40.605537,-74.005686,42517482
Bay 17th Street,Shore Parkway,Brooklyn,40.601218,-74.010129,42480353
Bay 19th Street,Benson Avenue,Brooklyn,40.604728,-74.004304,42478673/42478677
Bay 19th Street,Cropsey Avenue,Brooklyn,40.602291,-74.006781,42478681
Bay 19th Street,Shore Parkway,Brooklyn,40.600357,-74.008714,42478686
Bay 20th Street,Benson Avenue,Brooklyn,40.604265,-74.003414,42490008
Bay 20th Street,Cropsey Avenue,Brooklyn,40.60184,-74.005924,42490010
Bay 20th Street,Shore Parkway,Brooklyn,40.599897,-74.007947,42480360
Bay 22nd Street,Benson Avenue,Brooklyn,40.603431,-74.001846,42467242
Bay 22nd Street,Cropsey Avenue,Brooklyn,40.601022,-74.004354,42467247
Bay 23rd Street,Benson Avenue,Brooklyn,40.603046,-74.001097,42488479
Bay 23rd Street,Cropsey Avenue,Brooklyn,40.600628,-74.003602,42488485
Bay 25th Street,Benson Avenue,Brooklyn,40.602458,-73.999279,42491256
Bay 25th Street,Cropsey Avenue,Brooklyn,40.599719,-74.002122,42493737
Bay 26th Street,Benson Avenue,Brooklyn,40.60203,-73.998566,42482843
Bay 26th Street,Cropsey Avenue,Brooklyn,40.59926,-74.001447,42482854
Bay 28th Street,Benson Avenue,Brooklyn,40.601129,-73.997081,42491264
Bay 28th Street,Cropsey Avenue,Brooklyn,40.598296,-74.000045,42493748
Bay 29th Street,Benson Avenue,Brooklyn,40.600696,-73.996365,42488729
Bay 29th Street,Cropsey Avenue,Brooklyn,40.597822,-73.999363,5943421955/42488735
Bay 31st Street,Benson Avenue,Brooklyn,40.59977,-73.994818,42491271
Bay 31st Street,Cropsey Avenue,Brooklyn,40.596712,-73.998002,4205909331
Bay 32nd Street,Benson Avenue,Brooklyn,40.599333,-73.994107,42477931
Bay 32nd Street,Cropsey Avenue,Brooklyn,40.596196,-73.99741,42477938/7774020087
Bay 34th Street,Benson Avenue,Brooklyn,40.598435,-73.99262,42480032
Bay 34th Street,Cropsey Avenue,Brooklyn,40.595122,-73.99611,42480041/4205909327
Bay 35th Street,Benson Avenue,Brooklyn,40.598004,-73.991906,42491284
Bay 35th Street,Cropsey Avenue,Brooklyn,40.594603,-73.995479,4205909326/42493766
Bay 37th Street,Benson Avenue,Brooklyn,40.597104,-73.990421,42486189
Bay 37th Street,Cropsey Avenue,Brooklyn,40.593599,-73.994293,4205909321/42472449
Bay 37th Street,Harway Avenue,Brooklyn,40.593693,-73.99403,6202075173
Bay 38th Street,Benson Avenue,Brooklyn,40.596671,-73.989705,42491291
Bay 38th Street,Cropsey Avenue,Brooklyn,40.592991,-73.993623,42493786/4205909319
Bay 38th Street,Harway Avenue,Brooklyn,40.593217,-73.993317,42506614
Bay 38th Street,Shore Parkway North,Brooklyn,40.592548,-73.994588,42480288
Bay 40th Street,Benson Avenue,Brooklyn,40.595774,-73.98822,42477514
Bay 40th Street,Cropsey Avenue,Brooklyn,40.591674,-73.992575,42477522/4205909317
Bay 40th Street,Harway Avenue,Brooklyn,40.592313,-73.991822,42477518
Bay 40th Street,Shore Parkway North,Brooklyn,40.591271,-73.993465,42477526
Bay 41st Street,Benson Avenue,Brooklyn,40.595342,-73.987505,42491299
Bay 41st Street,Cropsey Avenue,Brooklyn,40.591054,-73.992063,42493794/4205909316
Bay 41st Street,Harway Avenue,Brooklyn,40.591881,-73.991107,42504627
Bay 41st Street,Shore Parkway,Brooklyn,40.590339,-73.993765,42504607
Bay 41st Street,Shore Parkway North,Brooklyn,40.590631,-73.992986,42480294
Bay 43rd Street,Benson Avenue,Brooklyn,40.594446,-73.986019,42474633
Bay 43rd Street,Cropsey Avenue,Brooklyn,40.589836,-73.991099,4205909314/42474652
Bay 43rd Street,Harway Avenue,Brooklyn,40.590983,-73.98962,42474644
Bay 43rd Street,Shore Parkway,Brooklyn,40.588777,-73.992902,42474617
Bay 43rd Street,Stillwell Avenue,Brooklyn,40.595413,-73.985015,42474631
Bay 44th Street,Cropsey Avenue,Brooklyn,40.589107,-73.990505,4205909313/42489970
Bay 44th Street,Harway Avenue,Brooklyn,40.590551,-73.988905,42489963
Bay 44th Street,Hunter Avenue,Brooklyn,40.586699,-73.995663,42489981
Bay 44th Street,Mill Road,Brooklyn,40.589606,-73.989897,42487167
Bay 44th Street,Shore Parkway,Brooklyn,40.588107,-73.992592,42489979
Bay 44th Street,Shore Parkway North,Brooklyn,40.588482,-73.991866,42480306
Bay 46th Street,Cropsey Avenue,Brooklyn,40.587903,-73.989527,42493804/4205909311
Bay 46th Street,Harway Avenue,Brooklyn,40.589653,-73.987419,42506637
Bay 46th Street,Shore Parkway North,Brooklyn,40.587165,-73.991078,42480315
Bay 46th Street,Stillwell Avenue,Brooklyn,40.592495,-73.984432,42503083
Bay 47th Street,Cropsey Avenue,Brooklyn,40.587241,-73.988995,42493811/4205909310
Bay 47th Street,Harway Avenue,Brooklyn,40.589221,-73.986704,42495601
Bay 47th Street,Stillwell Avenue,Brooklyn,40.591568,-73.984257,42495597
Bay 48th Street,Cropsey Avenue,Brooklyn,40.586538,-73.988535,42469164
Bay 48th Street,Shore Parkway North,Brooklyn,40.585951,-73.989838,42469166
Bay 49th Street,Cropsey Avenue,Brooklyn,40.585918,-73.987924,42493818/4205909308
Bay 49th Street,Harway Avenue,Brooklyn,40.588323,-73.985217,42506644
Bay 49th Street,Shore Parkway North,Brooklyn,40.585461,-73.98909,42480320
Bay 49th Street,Stillwell Avenue,Brooklyn,40.589573,-73.983901,42503090
Bay 50th Street,Cropsey Avenue,Brooklyn,40.585288,-73.987455,42487682/4205909307
Bay 50th Street,Harway Avenue,Brooklyn,40.587892,-73.984503,42487666
Bay 50th Street,Shore Parkway North,Brooklyn,40.585044,-73.988201,42464128
Bay 50th Street,Stillwell Avenue,Brooklyn,40.588619,-73.983723,42487664
Bay 50th Street,West 16th Street,Brooklyn,40.586998,-73.985432,42487670
Bay 50th Street,West 17th Street,Brooklyn,40.586234,-73.986231,42487676
Bay 52nd Street,Cropsey Avenue,Brooklyn,40.583678,-73.986628,42462744
Bay 52nd Street,Shore Parkway,Brooklyn,40.58365,-73.986877,42462744/598784353
Bay 52nd Street,West 22nd Street,Brooklyn,40.583494,-73.988265,598784357
Bay 53rd Street,Canal Avenue,Brooklyn,40.583074,-73.986261,4205909297
Bay 53rd Street,Cropsey Avenue,Brooklyn,40.583023,-73.986341,42493841/4205909297
Bay 53rd Street,West 22nd Street,Brooklyn,40.582822,-73.988745,42485437
Bay 54th Street,Cropsey Avenue,Brooklyn,40.582279,-73.986118,4205909295/42466343
Bay 7th Street,Benson Avenue,Brooklyn,40.610589,-74.012739,42491333
Bay 7th Street,Cropsey Avenue,Brooklyn,40.607241,-74.01623,42493668
Bay 8th Street,Benson Avenue,Brooklyn,40.610156,-74.012024,42479542
Bay 8th Street,Cropsey Avenue,Brooklyn,40.606842,-74.015499,42479545
Bay 8th Street,Independence Avenue,Brooklyn,40.605149,-74.017286,42479555
Bay 8th Street,Shore Parkway,Brooklyn,40.604218,-74.018178,42479565
Bay Avenue,East 17th Street,Brooklyn,40.619605,-73.958405,10261530982
Bay Avenue,East 18th Street,Brooklyn,40.618721,-73.957259,42472661
Bay Avenue,East 19th Street,Brooklyn,40.617897,-73.956137,42465143
Bay Avenue,East 21st Street,Brooklyn,40.615908,-73.953482,42472666
Bay Avenue,East 22nd Street,Brooklyn,40.615104,-73.952387,42472669
Bay Avenue,East 23rd Street,Brooklyn,40.614295,-73.951286,42472673
Bay Avenue,Elm Avenue,Brooklyn,40.618721,-73.957259,42472661
Bay Avenue,Ocean Avenue,Brooklyn,40.616835,-73.954711,42472652
Bay Court,East 16th Street,Brooklyn,40.584159,-73.952678,42514613
Bay Court,Shore Parkway,Brooklyn,40.584314,-73.951329,42480683
Bay Parkway,Bay Ridge Avenue,Brooklyn,40.611568,-73.983809,42468978
Bay Parkway,Bay Ridge Parkway,Brooklyn,40.608131,-73.987391,42469007
Bay Parkway,Benson Avenue,Brooklyn,40.600233,-73.995594,42469047
Bay Parkway,Cropsey Avenue,Brooklyn,40.597279,-73.998656,7770674782
Bay Parkway,East 2nd Street,Brooklyn,40.622004,-73.974279,42468921
Bay Parkway,East 3rd Street,Brooklyn,40.622911,-73.973425,42468918
Bay Parkway,East 4th Street,Brooklyn,40.623636,-73.97276,42468917
Bay Parkway,East 5th Street,Brooklyn,40.624545,-73.971946,42468914
Bay Parkway,Kings Highway,Brooklyn,40.606453,-73.98913,42469020
Bay Parkway,McDonald Avenue,Brooklyn,40.620886,-73.975285,42468925
Bay Parkway,Ocean Parkway,Brooklyn,40.625955,-73.970987,1942053104/42468913/2375744263
Bay Parkway,Ocean Parkway Bike Path,Brooklyn,40.626032,-73.971014,1472599571
Bay Parkway,Shore Parkway,Brooklyn,40.595715,-74.000295,42463992/6375243314
Bay Parkway,Stillwell Avenue,Brooklyn,40.608131,-73.987391,42469007
Bay Parkway,West 10th Street,Brooklyn,40.611182,-73.984214,42468981
Bay Parkway,West 11th Street,Brooklyn,40.610415,-73.984998,42468814
Bay Parkway,West 12th Street,Brooklyn,40.609685,-73.985751,2063042719
Bay Parkway,West 7th Street,Brooklyn,40.613517,-73.981756,42468965
Bay Parkway,West 8th Street,Brooklyn,40.612693,-73.982642,42468969
Bay Parkway,West 9th Street,Brooklyn,40.612027,-73.983332,42468971
Bay Ridge Avenue,Bay Ridge Place,Brooklyn,40.636309,-74.027888,42499067
Bay Ridge Avenue,Bliss Terrace,Brooklyn,40.637614,-74.03209,42512921
Bay Ridge Avenue,Colonial Road,Brooklyn,40.637357,-74.031268,42512923
Bay Ridge Avenue,Fort Hamilton Parkway,Brooklyn,40.628684,-74.012142,42460999
Bay Ridge Avenue,Narrows Avenue,Brooklyn,40.638167,-74.03388,42488802
Bay Ridge Avenue,New Utrecht Avenue,Brooklyn,40.620502,-73.998595,42468186
Bay Ridge Avenue,Owls Head Court,Brooklyn,40.638467,-74.034856,42512918
Bay Ridge Avenue,Ridge Boulevard,Brooklyn,40.636546,-74.028658,42508006
Bay Ridge Avenue,Shore Road,Brooklyn,40.638807,-74.035953,2548137068
Bay Ridge Avenue,Shore Road Greenway,Brooklyn,40.63892,-74.036318,452236091/2548137068
Bay Ridge Avenue,Vista Place,Brooklyn,40.632885,-74.019736,42485902
Bay Ridge Parkway,Colonial Road,Brooklyn,40.632735,-74.033155,42509512
Bay Ridge Parkway,Fort Hamilton Parkway,Brooklyn,40.62577,-74.016481,42461020
Bay Ridge Parkway,Narrows Avenue,Brooklyn,40.63337,-74.035836,42488830
Bay Ridge Parkway,New Utrecht Avenue,Brooklyn,40.615783,-73.999943,42468217
Bay Ridge Parkway,Ridge Boulevard,Brooklyn,40.632099,-74.030473,42508027
Bay Ridge Parkway,Shore Road,Brooklyn,40.633644,-74.036923,42470601
Bay Ridge Parkway,Stillwell Avenue,Brooklyn,40.608131,-73.987391,42469007
Bay Ridge Place,Ovington Avenue,Brooklyn,40.635255,-74.028313,42499069
Bay Side Avenue,Sycamore Avenue,Brooklyn,40.655695,-73.994572,757468399
Bay Street,Columbia Street,Brooklyn,40.673297,-74.008337,42472290
Bay Street,Court Street,Brooklyn,40.67131,-74.001216,42472296
Bay Street,Henry Street,Brooklyn,40.672368,-74.005085,42472294
Bay Street,Hicks Street,Brooklyn,40.672802,-74.006638,42472292
Bay Street,Otsego Street,Brooklyn,40.673845,-74.010239,42472288
Bay Street,Smith Street,Brooklyn,40.670979,-73.999963,42472298
Bay-Side Avenue,Central Avenue,Brooklyn,40.65518,-73.9949,2377576612
Bay-Side Avenue,Sycamore Avenue,Brooklyn,40.655717,-73.994743,758697803
Bayard Street,Graham Avenue,Brooklyn,40.720159,-73.946041,42467912
Bayard Street,Humboldt Street,Brooklyn,40.721001,-73.944675,42502922
Bayard Street,Leonard Street,Brooklyn,40.719168,-73.948532,42491220
Bayard Street,Lorimer Street,Brooklyn,40.719006,-73.950184,42512058
Bayard Street,Manhattan Avenue,Brooklyn,40.719584,-73.946989,42512070
Bayard Street,McGuinness Boulevard South,Brooklyn,40.720801,-73.944946,2987758900/2987758901
Bayard Street,Roebling Street,Brooklyn,40.718782,-73.952397,42512055
Bayard Street,Union Avenue,Brooklyn,40.718782,-73.952397,42512055
Bayview Avenue,Neptune Avenue,Brooklyn,40.577568,-73.997868,42478881/5624099195/3546001692
Bayview Avenue,Seagate Avenue,Brooklyn,40.580747,-74.006254,42473194
Bayview Avenue,West 31st Street,Brooklyn,40.577495,-73.997883,3546001692
Bayview Avenue,West 33rd Street,Brooklyn,40.58106,-74.000704,42525408
Bayview Avenue,West 35th Street,Brooklyn,40.581064,-74.001817,42468757
Bayview Avenue,West 36th Street,Brooklyn,40.580949,-74.002907,42525010
Bayview Avenue,West 37th Street,Brooklyn,40.580899,-74.004,3639409450/42501389
Bayview Place,East 88th Street,Brooklyn,40.641675,-73.910128,42460200
Bayview Place,East 89th Street,Brooklyn,40.642169,-73.909448,42522108
Bayview Place,East 92nd Street,Brooklyn,40.643554,-73.907475,42468707
Bayview Place,Remsen Avenue,Brooklyn,40.642675,-73.908689,42468647
Beach 38th Street,Surf Avenue,Brooklyn,40.574125,-74.004076,42486575
Beach 40th Street,Surf Avenue,Brooklyn,40.574745,-74.005911,42503517
Beach 42nd Street,Highland Avenue,Brooklyn,40.575413,-74.007887,42503520
Beach 42nd Street,Surf Avenue,Brooklyn,40.575413,-74.007887,42503520
Beach 46th Street,Surf Avenue,Brooklyn,40.576543,-74.010409,1909423719
Beach 47th Street,Surf Avenue,Brooklyn,40.577054,-74.010727,1909424063
Beach 48th Street,Surf Avenue,Brooklyn,40.577614,-74.010858,1909424172
Beach 49th Street,Beach Reservation,Brooklyn,40.578244,-74.011558,3739218279
Beach 49th Street,Surf Avenue,Brooklyn,40.578167,-74.010844,1909424331
Beach 50th Street,Surf Avenue,Brooklyn,40.578716,-74.010647,1909424339
Beach 51st Street,Ocean View Avenue,Brooklyn,40.579838,-74.010458,1909424361
Beach 51st Street,Surf Avenue,Brooklyn,40.579476,-74.010127,1909424359
Beach Place,East 87th Street,Brooklyn,40.634176,-73.903007,42491032
Beach Place,East 88th Street,Brooklyn,40.634638,-73.902293,42460129
Beach Walk,Brighton Beach Avenue,Brooklyn,40.576301,-73.967357,7588112475
Beacon Court,Cyrus Avenue,Brooklyn,40.589847,-73.923014,42497211
Beacon Court,Lois Avenue,Brooklyn,40.587522,-73.920434,42497196
Beacon Court,Seba Avenue,Brooklyn,40.58863,-73.921664,42466596
Beadel Street,Debevoise Avenue,Brooklyn,40.721096,-73.940003,42500190
Beadel Street,Kingsland Avenue,Brooklyn,40.72089,-73.940865,42495878
Beadel Street,Morgan Avenue,Brooklyn,40.721505,-73.938436,42490472
Beadel Street,Porter Avenue,Brooklyn,40.722318,-73.935284,42500197
Beadel Street,Vandervoort Avenue,Brooklyn,40.721926,-73.936806,42500194
Beard Street,Conover Street,Brooklyn,40.67603,-74.016652,42475810
Beard Street,Dwight Street,Brooklyn,40.673146,-74.012447,42475794
Beard Street,Halleck Street,Brooklyn,40.672232,-74.011007,42475790
Beard Street,Otsego Street,Brooklyn,40.672232,-74.011007,42475790
Beard Street,Richards Street,Brooklyn,40.674128,-74.013855,42475801
Beard Street,Van Brunt Street,Brooklyn,40.675199,-74.015425,42475807
Beaumont Street,Hampton Avenue,Brooklyn,40.579476,-73.951455,42490986
Beaumont Street,Oriental Boulevard,Brooklyn,40.57709,-73.951011,42464368/1167643922
Beaumont Street,Shore Boulevard,Brooklyn,40.581909,-73.951907,42486943
Beaver Place,Bergen Street,Brooklyn,40.674784,-73.925886,42504787
Beaver Street,Belvidere Street,Brooklyn,40.699409,-73.936216,42494831
Beaver Street,Bushwick Avenue,Brooklyn,40.699081,-73.935452,42504531
Beaver Street,Ellery Street,Brooklyn,40.70068,-73.938484,42529638
Beaver Street,Fayette Street,Brooklyn,40.701102,-73.939244,42515613
Beaver Street,Flushing Avenue,Brooklyn,40.701293,-73.939456,42504106
Beaver Street,Locust Street,Brooklyn,40.699833,-73.936963,42471953
Beaver Street,Park Street,Brooklyn,40.700249,-73.937728,42508233
Bedell Lane,East 87th Street,Brooklyn,40.642494,-73.912267,42491082
Bedell Lane,East 88th Street,Brooklyn,40.642997,-73.911601,42460192
Bedell Lane,East 89th Street,Brooklyn,40.643498,-73.910927,42514531
Bedell Lane,East 92nd Street,Brooklyn,40.644898,-73.909056,42513338
Bedell Lane,Remsen Avenue,Brooklyn,40.644038,-73.910206,42468643
Bedford Avenue,Bergen Street,Brooklyn,40.676258,-73.95305,42520292
Bedford Avenue,Beverley Road,Brooklyn,40.644771,-73.954731,42520347
Bedford Avenue,Brevoort Place,Brooklyn,40.6802,-73.953282,42520280
Bedford Avenue,Broadway,Brooklyn,40.710308,-73.963872,9990599496/9990599495
Bedford Avenue,Campus Road,Brooklyn,40.632147,-73.95273,42507824
Bedford Avenue,Carroll Street,Brooklyn,40.66748,-73.956223,42471085
Bedford Avenue,Caton Avenue,Brooklyn,40.652318,-73.956009,42484796
Bedford Avenue,Church Avenue,Brooklyn,40.65053,-73.955825,42497359
Bedford Avenue,Clarendon Road,Brooklyn,40.642887,-73.954525,42520351
Bedford Avenue,Clarkson Avenue,Brooklyn,40.655049,-73.9563,42494660
Bedford Avenue,Clifton Place,Brooklyn,40.688711,-73.954975,42520251
Bedford Avenue,Clymer Street,Brooklyn,40.706487,-73.963754,42520210
Bedford Avenue,Cortelyou Road,Brooklyn,40.644197,-73.954665,42479740
Bedford Avenue,Crown Street,Brooklyn,40.666597,-73.956542,42509047
Bedford Avenue,DeKalb Avenue,Brooklyn,40.690908,-73.95541,42520242
Bedford Avenue,Dean Street,Brooklyn,40.677034,-73.95277,42520289
Bedford Avenue,Division Avenue,Brooklyn,40.707494,-73.96465,42477972/42477974
Bedford Avenue,Eastern Parkway,Brooklyn,40.670139,-73.955261,42474811
Bedford Avenue,Eastern Parkway Service Road,Brooklyn,40.670115,-73.955273,1259822833/541999506
Bedford Avenue,Eastern Parkway South Mall,Brooklyn,40.669992,-73.955317,1698012300
Bedford Avenue,Emmons Avenue,Brooklyn,40.583658,-73.943561,2318552168/42477388
Bedford Avenue,Empire Boulevard,Brooklyn,40.663517,-73.95721,42481965
Bedford Avenue,Erasmus Street,Brooklyn,40.649523,-73.955791,42520341
Bedford Avenue,Farragut Road,Brooklyn,40.635826,-73.953425,9258589420
Bedford Avenue,Fenimore Street,Brooklyn,40.658306,-73.956649,42493632
Bedford Avenue,Flatbush Avenue,Brooklyn,40.638878,-73.954043,42491649
Bedford Avenue,Flushing Avenue,Brooklyn,40.698974,-73.95702,42504068
Bedford Avenue,Foster Avenue,Brooklyn,40.638478,-73.953937,9258570206
Bedford Avenue,Fulton Street,Brooklyn,40.680637,-73.953368,42464967
Bedford Avenue,Gates Avenue,Brooklyn,40.68578,-73.954393,42520262
Bedford Avenue,Glenwood Road,Brooklyn,40.633428,-73.952974,42515750
Bedford Avenue,Grand Street,Brooklyn,40.714498,-73.961277,42520404
Bedford Avenue,Gravesend Neck Road,Brooklyn,40.598406,-73.946347,42520495
Bedford Avenue,Greene Avenue,Brooklyn,40.687978,-73.954829,42501253
Bedford Avenue,Halsey Street,Brooklyn,40.681382,-73.95352,42506680
Bedford Avenue,Hancock Street,Brooklyn,40.682116,-73.953662,42520273
Bedford Avenue,Hawthorne Street,Brooklyn,40.657454,-73.956558,42511665
Bedford Avenue,Herkimer Street,Brooklyn,40.67983,-73.953205,42515936
Bedford Avenue,Hewes Street,Brooklyn,40.702528,-73.959333,42490956
Bedford Avenue,Heyward Street,Brooklyn,40.700834,-73.95744,42477575
Bedford Avenue,Jefferson Avenue,Brooklyn,40.682848,-73.953809,42520269
Bedford Avenue,Keap Street,Brooklyn,40.703658,-73.960591,42488328
Bedford Avenue,Kings Highway,Brooklyn,40.613079,-73.94912,2279612168/2279612170/42520476
Bedford Avenue,Kosciuszko Street,Brooklyn,40.690175,-73.955266,42520244
Bedford Avenue,Lafayette Avenue,Brooklyn,40.689452,-73.955127,42520247
Bedford Avenue,Lefferts Avenue,Brooklyn,40.661965,-73.957044,42472141
Bedford Avenue,Lenox Road,Brooklyn,40.653777,-73.956164,42467294
Bedford Avenue,Lexington Avenue,Brooklyn,40.687245,-73.954684,42520258
Bedford Avenue,Lincoln Place,Brooklyn,40.670987,-73.954957,42518566
Bedford Avenue,Lincoln Road,Brooklyn,40.66118,-73.956958,42490212
Bedford Avenue,Linden Boulevard,Brooklyn,40.652318,-73.956009,42484796
Bedford Avenue,Lorimer Street,Brooklyn,40.723488,-73.951643,42479277
Bedford Avenue,Lynch Street,Brooklyn,40.699999,-73.957229,42520238
Bedford Avenue,Madison Street,Brooklyn,40.684313,-73.954101,42486644
Bedford Avenue,Manhattan Avenue,Brooklyn,40.724097,-73.950978,42520377
Bedford Avenue,Maple Street,Brooklyn,40.660438,-73.956874,42485081
Bedford Avenue,Martense Street,Brooklyn,40.65137,-73.9559,42489725
Bedford Avenue,Metropolitan Avenue,Brooklyn,40.715306,-73.960436,42484171
Bedford Avenue,Midwood Street,Brooklyn,40.65973,-73.956801,42467077
Bedford Avenue,Monroe Street,Brooklyn,40.685049,-73.954246,42495188
Bedford Avenue,Montgomery Street,Brooklyn,40.66572,-73.956859,42479610
Bedford Avenue,Morton Street,Brooklyn,40.707056,-73.964393,42487630
Bedford Avenue,Myrtle Avenue,Brooklyn,40.694579,-73.956143,42517047
Bedford Avenue,Nassau Avenue,Brooklyn,40.723538,-73.951494,42479277/6980674614
Bedford Avenue,Newkirk Avenue,Brooklyn,40.639631,-73.954177,9258570213
Bedford Avenue,North 10th Street,Brooklyn,40.719493,-73.955942,42482465
Bedford Avenue,North 11th Street,Brooklyn,40.720049,-73.955348,42520383
Bedford Avenue,North 12th Street,Brooklyn,40.720601,-73.954754,42514554
Bedford Avenue,North 1st Street,Brooklyn,40.714892,-73.960881,42489010
Bedford Avenue,North 3rd Street,Brooklyn,40.715583,-73.960139,42520398
Bedford Avenue,North 4th Street,Brooklyn,40.716179,-73.959504,42473952
Bedford Avenue,North 5th Street,Brooklyn,40.716728,-73.958913,42520393
Bedford Avenue,North 6th Street,Brooklyn,40.71728,-73.958319,42506177
Bedford Avenue,North 7th Street,Brooklyn,40.717835,-73.957725,42480066
Bedford Avenue,North 8th Street,Brooklyn,40.718388,-73.957131,42518976
Bedford Avenue,North 9th Street,Brooklyn,40.718941,-73.956535,42492544
Bedford Avenue,Pacific Street,Brooklyn,40.677842,-73.952808,42520286
Bedford Avenue,Park Avenue,Brooklyn,40.696784,-73.956581,42471841
Bedford Avenue,Park Place,Brooklyn,40.673628,-73.954003,42520301
Bedford Avenue,Parkside Avenue,Brooklyn,40.655875,-73.956388,42499253
Bedford Avenue,Penn Street,Brooklyn,40.701953,-73.958689,42482037
Bedford Avenue,President Street,Brooklyn,40.66836,-73.955907,42515010
Bedford Avenue,Prospect Place,Brooklyn,40.674502,-73.95369,42473615
Bedford Avenue,Putnam Avenue,Brooklyn,40.683588,-73.953955,42489044
Bedford Avenue,Quentin Road,Brooklyn,40.609339,-73.948415,42470916
Bedford Avenue,Quincy Street,Brooklyn,40.686512,-73.954538,42498838
Bedford Avenue,Rodney Street,Brooklyn,40.704211,-73.961207,42520216
Bedford Avenue,Ross Street,Brooklyn,40.704786,-73.961854,42506827
Bedford Avenue,Rutland Road,Brooklyn,40.659017,-73.956725,42497508
Bedford Avenue,Rutledge Street,Brooklyn,40.701398,-73.958071,42520236
Bedford Avenue,Saint Johns Place,Brooklyn,40.671865,-73.95464,42520304
Bedford Avenue,Saint Marks Avenue,Brooklyn,40.675386,-73.953363,42520296
Bedford Avenue,Shore Parkway,Brooklyn,40.585003,-73.94381,42480709/42480238
Bedford Avenue,Snyder Avenue,Brooklyn,40.648643,-73.955763,42502797
Bedford Avenue,South 10th Street,Brooklyn,40.708015,-73.964329,42520083
Bedford Avenue,South 1st Street,Brooklyn,40.713901,-73.96168,42504282
Bedford Avenue,South 2nd Street,Brooklyn,40.713269,-73.962081,42520409
Bedford Avenue,South 3rd Street,Brooklyn,40.712526,-73.962552,42474121
Bedford Avenue,South 4th Street,Brooklyn,40.711905,-73.962942,42520415
Bedford Avenue,South 5th Street,Brooklyn,40.711212,-73.96338,8842464605/42514918
Bedford Avenue,South 6th Street,Brooklyn,40.710477,-73.963839,42468744
Bedford Avenue,South 8th Street,Brooklyn,40.709534,-73.964027,42501314
Bedford Avenue,South 9th Street,Brooklyn,40.70872,-73.964185,42474666
Bedford Avenue,Stephens Court,Brooklyn,40.639161,-73.954126,42520359
Bedford Avenue,Sterling Place,Brooklyn,40.672745,-73.954322,42474976
Bedford Avenue,Sterling Street,Brooklyn,40.662737,-73.957122,42520322
Bedford Avenue,Sullivan Place,Brooklyn,40.664303,-73.957292,42520315
Bedford Avenue,Taylor Street,Brooklyn,40.705908,-73.963105,42514850
Bedford Avenue,Tilden Avenue,Brooklyn,40.64663,-73.955643,42520344
Bedford Avenue,Union Street,Brooklyn,40.669233,-73.955592,42486231
Bedford Avenue,Voorhies Avenue,Brooklyn,40.586791,-73.944149,42520512
Bedford Avenue,Wallabout Street,Brooklyn,40.699708,-73.957167,42492059
Bedford Avenue,Williamsburg Street East,Brooklyn,40.703032,-73.959889,42504253
Bedford Avenue,Williamsburg Street West,Brooklyn,40.703437,-73.960341,42508120
Bedford Avenue,Willoughby Avenue,Brooklyn,40.692993,-73.955826,42492320
Bedford Avenue,Wilson Street,Brooklyn,40.705352,-73.962485,42475761
Bedford Avenue,Winthrop Street,Brooklyn,40.656711,-73.956478,42520333
Bedford Place,Brevoort Place,Brooklyn,40.680075,-73.954368,42501511
Beech Avenue,Cypress Avenue,Brooklyn,40.652021,-73.984389,758811699
Beech Avenue,Sassafras Avenue,Brooklyn,40.650327,-73.981594,756246812
Beekman Place,Flatbush Avenue,Brooklyn,40.660027,-73.960597,42491660
Bell Point Drive,Clear Water Road,Brooklyn,40.610771,-73.915173,42514219
Bell Point Drive,Harbor Drive,Brooklyn,40.61023,-73.914463,42490569
Bell Point Drive,Strickland Avenue,Brooklyn,40.609845,-73.913766,1916425971
Bell Slip,Commercial Street,Brooklyn,40.736396,-73.958315,5481915324
Belmont Avenue,Berriman Street,Brooklyn,40.672985,-73.879567,42484919
Belmont Avenue,Bradford Street,Brooklyn,40.671178,-73.8918,42468367
Belmont Avenue,Chestnut Street,Brooklyn,40.673907,-73.873111,42484940
Belmont Avenue,Christopher Avenue,Brooklyn,40.669116,-73.905707,42484988
Belmont Avenue,Cleveland Street,Brooklyn,40.672355,-73.883895,42484902
Belmont Avenue,Conduit Boulevard,Brooklyn,40.675218,-73.862881,598633358
Belmont Avenue,Crescent Street,Brooklyn,40.674401,-73.86975,42472534
Belmont Avenue,Crystal Street,Brooklyn,40.673788,-73.87404,42484934
Belmont Avenue,Doscher Street,Brooklyn,40.674023,-73.872356,42474078
Belmont Avenue,Drew Street,Brooklyn,40.675295,-73.862348,42484998
Belmont Avenue,Elton Street,Brooklyn,40.672478,-73.883075,42484905
Belmont Avenue,Essex Street,Brooklyn,40.672718,-73.881393,42484910
Belmont Avenue,Euclid Avenue,Brooklyn,40.674138,-73.871603,42484942
Belmont Avenue,Fountain Avenue,Brooklyn,40.673654,-73.874959,42484932
Belmont Avenue,Georgia Avenue,Brooklyn,40.670336,-73.897419,42484868
Belmont Avenue,Grant Avenue,Brooklyn,40.675062,-73.865138,42484968
Belmont Avenue,Hemlock Street,Brooklyn,40.674531,-73.868828,42484954
Belmont Avenue,Hendrix Street,Brooklyn,40.671584,-73.889099,42484887
Belmont Avenue,Hinsdale Street,Brooklyn,40.669933,-73.900182,42484859
Belmont Avenue,Jerome Street,Brooklyn,40.671986,-73.886409,42484893
Belmont Avenue,Junius Street,Brooklyn,40.66953,-73.902946,42484992
Belmont Avenue,Lincoln Avenue,Brooklyn,40.674808,-73.866991,42484963
Belmont Avenue,Linwood Street,Brooklyn,40.672599,-73.882262,42470228
Belmont Avenue,Logan Street,Brooklyn,40.673523,-73.875887,42484930
Belmont Avenue,Milford Street,Brooklyn,40.67339,-73.876791,42484928
Belmont Avenue,Miller Avenue,Brooklyn,40.671315,-73.890888,42467160
Belmont Avenue,Montauk Avenue,Brooklyn,40.673253,-73.877726,42468510
Belmont Avenue,Mother Gaston Boulevard,Brooklyn,40.668974,-73.906673,42471639
Belmont Avenue,New Jersey Avenue,Brooklyn,40.670777,-73.894569,42484876
Belmont Avenue,Osborn Street,Brooklyn,40.668695,-73.908556,42484985
Belmont Avenue,Pennsylvania Avenue,Brooklyn,40.670628,-73.89556,42484873
Belmont Avenue,Pine Street,Brooklyn,40.674269,-73.870679,42484948
Belmont Avenue,Powell Street,Brooklyn,40.669387,-73.903884,42484991
Belmont Avenue,Rockaway Avenue,Brooklyn,40.668415,-73.910416,42484982
Belmont Avenue,Sackman Street,Brooklyn,40.669254,-73.904791,42484989
Belmont Avenue,Schenck Avenue,Brooklyn,40.671718,-73.888195,42484889
Belmont Avenue,Sheffield Avenue,Brooklyn,40.670468,-73.896515,42484870
Belmont Avenue,Shepherd Avenue,Brooklyn,40.672853,-73.880488,42484914
Belmont Avenue,Sheridan Avenue,Brooklyn,40.674928,-73.866069,42482708
Belmont Avenue,Snediker Avenue,Brooklyn,40.669798,-73.901104,42469272
Belmont Avenue,South Conduit Boulevard,Brooklyn,40.675153,-73.864538,598629594
Belmont Avenue,Thatford Avenue,Brooklyn,40.668561,-73.909475,42484984
Belmont Avenue,Van Siclen Avenue,Brooklyn,40.67145,-73.889987,42472363
Belmont Avenue,Van Sinderen Avenue,Brooklyn,40.66967,-73.901982,42484854
Belmont Avenue,Vermont Street,Brooklyn,40.67091,-73.893641,42484879
Belmont Avenue,Warwick Street,Brooklyn,40.672113,-73.885518,42484896
Belmont Avenue,Watkins Street,Brooklyn,40.668832,-73.907638,42484987
Belmont Avenue,Williams Avenue,Brooklyn,40.670067,-73.899261,42484862
Belmont Avenue,Wyona Street,Brooklyn,40.67104,-73.892712,42478547
Belt Parkway,Brooklyn-Queens Expressway,Brooklyn,40.645465,-74.017021,449025263
Belt Parkway,Gowanus Expressway,Brooklyn,40.645145,-74.017224,449025477/449025263
Belt Parkway Bike Path,Shore Parkway Bike Path,Brooklyn,40.61081,-74.036592,454394674
Belt Parkway Bike Path,Shore Road Greenway,Brooklyn,40.61081,-74.036592,454394674
Belvidere Street,Broadway,Brooklyn,40.698186,-73.937391,42494830
Benson Avenue,Rutherford Place,Brooklyn,40.605075,-74.004934,42491314
Benson Avenue,Stillwell Avenue,Brooklyn,40.593659,-73.984678,42491304
Bergen Avenue,Bergen Court,Brooklyn,40.626022,-73.909928,9534351402/9534351405
Bergen Avenue,Cove Lane,Brooklyn,40.625238,-73.908258,2419455647
Bergen Avenue,East 74th Street,Brooklyn,40.615172,-73.898559,42475878
Bergen Avenue,Maxie Boulevard,Brooklyn,40.62219,-73.903812,42490507
Bergen Avenue,Ralph Avenue,Brooklyn,40.629739,-73.918349,11899662283
Bergen Avenue,Royce Place,Brooklyn,40.625657,-73.909142,42490539
Bergen Avenue,Royce Street,Brooklyn,40.616265,-73.898538,42490517
Bergen Court,East 72nd Street,Brooklyn,40.624511,-73.911442,42472954
Bergen Cove,East 73rd Street,Brooklyn,40.623333,-73.908883,2419418251
Bergen Cove,Royce Street,Brooklyn,40.623782,-73.90821,2419455648
Bergen Place,Wakeman Place,Brooklyn,40.639902,-74.027712,42492154
Bergen Street,Boerum Place,Brooklyn,40.687311,-73.991933,42515844
Bergen Street,Bond Street,Brooklyn,40.685025,-73.986115,42466491
Bergen Street,Brooklyn Avenue,Brooklyn,40.67579,-73.944377,42533000
Bergen Street,Buffalo Avenue,Brooklyn,40.674737,-73.925003,42469115
Bergen Street,Carlton Avenue,Brooklyn,40.680082,-73.971403,42470387
Bergen Street,Classon Avenue,Brooklyn,40.677513,-73.959107,42501896
Bergen Street,Court Street,Brooklyn,40.687828,-73.99326,42497624
Bergen Street,East New York Avenue,Brooklyn,40.67378,-73.907435,42514803
Bergen Street,Eastern Parkway,Brooklyn,40.673941,-73.910115,1260335284/42474919
Bergen Street,Flatbush Avenue,Brooklyn,40.680834,-73.975112,42491627
Bergen Street,Franklin Avenue,Brooklyn,40.676806,-73.955732,42524173
Bergen Street,Grand Avenue,Brooklyn,40.678166,-73.962231,42499403
Bergen Street,Howard Avenue,Brooklyn,40.674438,-73.919455,42479227
Bergen Street,Hoyt Street,Brooklyn,40.685871,-73.98828,42527868
Bergen Street,Kingsborough 1st Walk,Brooklyn,40.67486,-73.927272,42531918
Bergen Street,Kingsborough 2nd Walk,Brooklyn,40.674807,-73.926298,42472205
Bergen Street,Kingsborough 3rd Walk,Brooklyn,40.674759,-73.925395,42501346
Bergen Street,Kingsborough 4th Walk,Brooklyn,40.674737,-73.925003,42469115
Bergen Street,Kingsborough 5th Walk,Brooklyn,40.674664,-73.923669,42490566
Bergen Street,Kingsborough 6th Walk,Brooklyn,40.674638,-73.923196,42492790
Bergen Street,Kingston Avenue,Brooklyn,40.675642,-73.941604,42467443
Bergen Street,Mother Gaston Boulevard,Brooklyn,40.673837,-73.908378,42517500
Bergen Street,Nevins Street,Brooklyn,40.684176,-73.983951,42529939
Bergen Street,New York Avenue,Brooklyn,40.675939,-73.947147,42496504
Bergen Street,Nostrand Avenue,Brooklyn,40.676088,-73.949917,42481619
Bergen Street,Ralph Avenue,Brooklyn,40.674574,-73.922049,42494050
Bergen Street,Revere Place,Brooklyn,40.675609,-73.940999,42517542
Bergen Street,Rochester Avenue,Brooklyn,40.674886,-73.927764,42533011
Bergen Street,Rockaway Avenue,Brooklyn,40.673991,-73.911148,42516693
Bergen Street,Rogers Avenue,Brooklyn,40.676237,-73.95269,42526045
Bergen Street,Saratoga Avenue,Brooklyn,40.674291,-73.916685,42476344
Bergen Street,Schenectady Avenue,Brooklyn,40.67519,-73.933313,42516365
Bergen Street,Smith Street,Brooklyn,40.686724,-73.990459,42492239
Bergen Street,Thomas S. Boyland Street,Brooklyn,40.674135,-73.913918,42509423
Bergen Street,Troy Avenue,Brooklyn,40.675331,-73.936061,42493232
Bergen Street,Underhill Avenue,Brooklyn,40.678815,-73.965346,42526333
Bergen Street,Utica Avenue,Brooklyn,40.675039,-73.930545,42520923
Bergen Street,Vanderbilt Avenue,Brooklyn,40.67942,-73.968229,42469640
Bergen Street,Washington Avenue,Brooklyn,40.678516,-73.96391,42478436
Berkeley Place,Plaza Street West,Brooklyn,40.673716,-73.971443,42474753
Berkeley Place,Sackett Street,Brooklyn,40.67705,-73.980034,42465262
Berriman Street,Blake Avenue,Brooklyn,40.670195,-73.878871,42502247
Berriman Street,Cozine Avenue,Brooklyn,40.660448,-73.87264,42486488
Berriman Street,Dumont Avenue,Brooklyn,40.668655,-73.878489,42502251
Berriman Street,Flatlands Avenue,Brooklyn,40.659067,-73.87162,42502264/1273032289
Berriman Street,Glenmore Avenue,Brooklyn,40.675525,-73.880199,42502233
Berriman Street,Hegeman Avenue,Brooklyn,40.666259,-73.876953,42474500
Berriman Street,Liberty Avenue,Brooklyn,40.676766,-73.880505,42502230
Berriman Street,Linden Boulevard,Brooklyn,40.6649,-73.875944,1942055058/1942055039
Berriman Street,New Lots Avenue,Brooklyn,40.668234,-73.878378,42502253
Berriman Street,Pitkin Avenue,Brooklyn,40.674255,-73.879882,42502238
Berriman Street,Schroeders Avenue,Brooklyn,40.656348,-73.869601,3551018100
Berriman Street,Stanley Avenue,Brooklyn,40.663295,-73.874752,42502256
Berriman Street,Sutter Avenue,Brooklyn,40.671732,-73.879254,42502243
Berriman Street,Vandalia Avenue,Brooklyn,40.657081,-73.870142,7888207048/7888207053
Berriman Street,Wortman Avenue,Brooklyn,40.661809,-73.873652,42502260
Berry Street,Broadway,Brooklyn,40.710489,-73.965489,42505380/4207788765
Berry Street,Division Avenue,Brooklyn,40.707252,-73.965936,42477970
Berry Street,Grand Street,Brooklyn,40.715105,-73.962784,42537987
Berry Street,Metropolitan Avenue,Brooklyn,40.71593,-73.961912,42484167
Berry Street,Nassau Avenue,Brooklyn,40.722452,-73.954764,42479249
Berry Street,North 10th Street,Brooklyn,40.720293,-73.957225,42482461
Berry Street,North 11th Street,Brooklyn,40.720846,-73.95663,42534485
Berry Street,North 12th Street,Brooklyn,40.721397,-73.956038,42514549
Berry Street,North 13th Street,Brooklyn,40.721949,-73.955445,42488169
Berry Street,North 14th Street,Brooklyn,40.722452,-73.954764,42479249
Berry Street,North 1st Street,Brooklyn,40.71558,-73.962289,42489006
Berry Street,North 3rd Street,Brooklyn,40.716384,-73.961423,42536642
Berry Street,North 4th Street,Brooklyn,40.716985,-73.960778,42473951
Berry Street,North 5th Street,Brooklyn,40.717528,-73.960196,42528570
Berry Street,North 6th Street,Brooklyn,40.71808,-73.959606,42506174
Berry Street,North 7th Street,Brooklyn,40.718636,-73.959009,42480062
Berry Street,North 8th Street,Brooklyn,40.719189,-73.958416,42518972
Berry Street,North 9th Street,Brooklyn,40.71974,-73.95782,42492540
Berry Street,South 10th Street,Brooklyn,40.708197,-73.965938,42520080
Berry Street,South 11th Street,Brooklyn,40.70749,-73.966011,42494567
Berry Street,South 1st Street,Brooklyn,40.714455,-73.963202,42504281
Berry Street,South 2nd Street,Brooklyn,40.713823,-73.963602,42531870
Berry Street,South 3rd Street,Brooklyn,40.713079,-73.964071,42474104
Berry Street,South 4th Street,Brooklyn,40.712459,-73.964462,42535041
Berry Street,South 5th Street,Brooklyn,40.711678,-73.964958,42514914
Berry Street,South 6th Street,Brooklyn,40.711006,-73.965367,42468741
Berry Street,South 8th Street,Brooklyn,40.709717,-73.965641,42501312
Berry Street,South 9th Street,Brooklyn,40.708902,-73.965801,42474664
Bethel Loop,Vandalia Avenue,Brooklyn,40.652083,-73.882448,42524520/42524529
Beverley Road,Brooklyn Avenue,Brooklyn,40.64549,-73.943198,42525170
Beverley Road,Coney Island Avenue,Brooklyn,40.643743,-73.970088,42489119
Beverley Road,East 16th Street,Brooklyn,40.644403,-73.964086,42525206
Beverley Road,East 17th Street,Brooklyn,40.644509,-73.963125,42519108
Beverley Road,East 18th Street,Brooklyn,40.644615,-73.962166,42492572
Beverley Road,East 19th Street,Brooklyn,40.64472,-73.961213,42465099
Beverley Road,East 21st Street,Brooklyn,40.644966,-73.958979,42525217
Beverley Road,East 22nd Street,Brooklyn,40.644657,-73.956634,42525154
Beverley Road,East 23rd Street,Brooklyn,40.644715,-73.955697,42508331
Beverley Road,East 28th Street,Brooklyn,40.645014,-73.950867,42502482
Beverley Road,East 29th Street,Brooklyn,40.645072,-73.949933,42476959
Beverley Road,East 2nd Street,Brooklyn,40.642839,-73.97825,42495232
Beverley Road,East 31st Street,Brooklyn,40.645192,-73.947993,42483740
Beverley Road,East 32nd Street,Brooklyn,40.64525,-73.947059,42464452
Beverley Road,East 34th Street,Brooklyn,40.645372,-73.945103,42500511
Beverley Road,East 35th Street,Brooklyn,40.64543,-73.94417,42473686
Beverley Road,East 3rd Street,Brooklyn,40.642943,-73.977322,42516889
Beverley Road,East 48th Street,Brooklyn,40.6462,-73.931743,42489571
Beverley Road,East 49th Street,Brooklyn,40.646258,-73.930806,42510809
Beverley Road,East 4th Street,Brooklyn,40.643048,-73.976396,42498764
Beverley Road,East 51st Street,Brooklyn,40.646392,-73.928799,42503278
Beverley Road,East 52nd Street,Brooklyn,40.64645,-73.927864,42510818
Beverley Road,East 53rd Street,Brooklyn,40.64651,-73.926892,42473164
Beverley Road,East 54th Street,Brooklyn,40.646571,-73.925923,42510823
Beverley Road,East 55th Street,Brooklyn,40.646618,-73.924988,42510825
Beverley Road,East 56th Street,Brooklyn,40.646678,-73.924019,42467711
Beverley Road,East 57th Street,Brooklyn,40.646738,-73.92305,42510834
Beverley Road,East 58th Street,Brooklyn,40.646796,-73.922117,42500421
Beverley Road,East 59th Street,Brooklyn,40.646854,-73.921182,42473393
Beverley Road,East 5th Street,Brooklyn,40.64315,-73.975467,42525184
Beverley Road,East 7th Street,Brooklyn,40.643461,-73.972722,42485385
Beverley Road,East 8th Street,Brooklyn,40.643581,-73.971647,42525192
Beverley Road,East 9th Street,Brooklyn,40.643674,-73.970716,42517208
Beverley Road,Flatbush Avenue,Brooklyn,40.644822,-73.957994,42491720/42491717
Beverley Road,Kings Highway,Brooklyn,40.646643,-73.924598,42510827/2317413070/2317413071
Beverley Road,Lott Street,Brooklyn,40.644816,-73.953996,42502194
Beverley Road,Marlborough Road,Brooklyn,40.644301,-73.965012,42492436
Beverley Road,New York Avenue,Brooklyn,40.645312,-73.946073,42496581
Beverley Road,Nostrand Avenue,Brooklyn,40.645132,-73.948964,42481722
Beverley Road,Ocean Avenue,Brooklyn,40.644852,-73.960018,42512745
Beverley Road,Ocean Parkway,Brooklyn,40.643309,-73.974095,42508744/42508608/42508677
Beverley Road,Ocean Parkway Bike Path,Brooklyn,40.64329,-73.974265,454381189
Beverley Road,Ralph Avenue,Brooklyn,40.647013,-73.920185,42493949
Beverley Road,Rogers Avenue,Brooklyn,40.644952,-73.951854,42525161
Beverley Road,Rugby Road,Brooklyn,40.644199,-73.965941,42490027
Beverley Road,Schenectady Avenue,Brooklyn,40.64614,-73.932711,42510807
Beverley Road,Stratford Road,Brooklyn,40.643893,-73.96872,42475834
Beverley Road,Utica Avenue,Brooklyn,40.64632,-73.929803,42510813
Beverley Road,Veronica Place,Brooklyn,40.644908,-73.952556,42525158
Beverley Road,Westminster Road,Brooklyn,40.643995,-73.967792,42501759
Bevy Court,Bijou Avenue,Brooklyn,40.595482,-73.929504,42492817
Bevy Court,Channel Avenue,Brooklyn,40.594522,-73.928436,42474713
Bevy Court,Devon Avenue,Brooklyn,40.593562,-73.927368,42492813
Bevy Court,Everett Avenue,Brooklyn,40.592604,-73.926302,42492810
Bevy Court,Florence Avenue,Brooklyn,40.591651,-73.925242,42492809
Bijou Avenue,Celest Court,Brooklyn,40.59524,-73.929875,42494598
Bijou Avenue,Dictum Court,Brooklyn,40.595001,-73.930243,42494601
Bijou Avenue,Ebony Court,Brooklyn,40.594762,-73.93062,42494605
Bijou Avenue,Gerritsen Avenue,Brooklyn,40.596021,-73.928669,4203227200
Billings Place,East 2nd Street,Brooklyn,40.603518,-73.970793,42492134
Billings Place,McDonald Avenue,Brooklyn,40.603348,-73.972352,42492132
Bills Place,Fort Hamilton Parkway,Brooklyn,40.646633,-73.983078,42460864
Bills Place,Minna Street,Brooklyn,40.645945,-73.982611,42490646
Blake Avenue,Bradford Street,Brooklyn,40.668397,-73.891081,42468371
Blake Avenue,Bristol Street,Brooklyn,40.665351,-73.911559,42504495
Blake Avenue,Chester Street,Brooklyn,40.665489,-73.910624,42500874
Blake Avenue,Cleveland Street,Brooklyn,40.669563,-73.883175,42513084
Blake Avenue,Crescent Street,Brooklyn,40.671608,-73.869064,42472542
Blake Avenue,Drew Street,Brooklyn,40.672669,-73.861691,42503922
Blake Avenue,East 98th Street,Brooklyn,40.663843,-73.921655,42475560
Blake Avenue,Eldert Lane,Brooklyn,40.672409,-73.863551,42513137
Blake Avenue,Elton Street,Brooklyn,40.669684,-73.882361,42497128
Blake Avenue,Essex Street,Brooklyn,40.66993,-73.880697,42512437
Blake Avenue,Euclid Avenue,Brooklyn,40.671335,-73.870943,42488237
Blake Avenue,Forbell Street,Brooklyn,40.672542,-73.862603,42513140
Blake Avenue,Fountain Avenue,Brooklyn,40.670863,-73.874231,42505094
Blake Avenue,Georgia Avenue,Brooklyn,40.667555,-73.896704,42503733
Blake Avenue,Grafton Street,Brooklyn,40.664373,-73.918141,42513022
Blake Avenue,Hemlock Street,Brooklyn,40.671738,-73.86814,42513129
Blake Avenue,Hendrix Street,Brooklyn,40.66879,-73.888381,42513071
Blake Avenue,Herzl Street,Brooklyn,40.66493,-73.914391,42493612
Blake Avenue,Hinsdale Street,Brooklyn,40.667145,-73.899472,42500028
Blake Avenue,Howard Avenue,Brooklyn,40.66423,-73.919097,42479201
Blake Avenue,Jerome Street,Brooklyn,40.669189,-73.88569,42504350
Blake Avenue,Junius Street,Brooklyn,40.666736,-73.902232,42491387
Blake Avenue,Legion Street,Brooklyn,40.66451,-73.917221,42513025
Blake Avenue,Lincoln Avenue,Brooklyn,40.67201,-73.866275,42513134
Blake Avenue,Linwood Street,Brooklyn,40.669804,-73.881545,42470234
Blake Avenue,Logan Street,Brooklyn,40.670724,-73.87518,42513104
Blake Avenue,Milford Street,Brooklyn,40.670591,-73.876106,42513099
Blake Avenue,Miller Avenue,Brooklyn,40.668529,-73.89016,42467164
Blake Avenue,Montauk Avenue,Brooklyn,40.67046,-73.877027,42468525
Blake Avenue,Mother Gaston Boulevard,Brooklyn,40.666185,-73.905974,3564478996/42471647
Blake Avenue,New Jersey Avenue,Brooklyn,40.66798,-73.893839,42495800
Blake Avenue,Pennsylvania Avenue,Brooklyn,40.667833,-73.894831,42495636
Blake Avenue,Pine Street,Brooklyn,40.671474,-73.869985,42513123
Blake Avenue,Powell Street,Brooklyn,40.666592,-73.90319,42503978
Blake Avenue,Rockaway Avenue,Brooklyn,40.665628,-73.909699,42513041
Blake Avenue,Saratoga Avenue,Brooklyn,40.664654,-73.916267,42476294
Blake Avenue,Schenck Avenue,Brooklyn,40.668925,-73.887477,42513073
Blake Avenue,Sheffield Avenue,Brooklyn,40.667688,-73.895805,42511304
Blake Avenue,Shepherd Avenue,Brooklyn,40.670061,-73.879793,42513090
Blake Avenue,Snediker Avenue,Brooklyn,40.66701,-73.90039,42469278
Blake Avenue,Strauss Street,Brooklyn,40.664794,-73.91531,42513030
Blake Avenue,Tapscott Street,Brooklyn,40.664123,-73.91983,42460701/42460717
Blake Avenue,Thomas S. Boyland Street,Brooklyn,40.665209,-73.912516,42509481
Blake Avenue,Union Street,Brooklyn,40.66396,-73.920972,42486294
Blake Avenue,Van Siclen Avenue,Brooklyn,40.668657,-73.889283,42472355
Blake Avenue,Van Sinderen Avenue,Brooklyn,40.66688,-73.901266,42513056
Blake Avenue,Vermont Street,Brooklyn,40.668118,-73.892918,42511406
Blake Avenue,Warwick Street,Brooklyn,40.669322,-73.884801,42485164
Blake Avenue,Williams Avenue,Brooklyn,40.667283,-73.898552,42500262
Blake Avenue,Wyona Street,Brooklyn,40.668254,-73.892,42478553
Blake Court,East 11th Street,Brooklyn,40.584305,-73.959112,42472973
Blake Court,East 12th Street,Brooklyn,40.584457,-73.957638,42472976
Bleecker Street,Bushwick Avenue,Brooklyn,40.692626,-73.923672,42513771
Bleecker Street,Central Avenue,Brooklyn,40.695587,-73.920767,42486759
Bleecker Street,Evergreen Avenue,Brooklyn,40.693573,-73.922748,42499838
Bleecker Street,Irving Avenue,Brooklyn,40.700124,-73.916314,42511953
Bleecker Street,Knickerbocker Avenue,Brooklyn,40.698537,-73.917872,42518733
Bleecker Street,Myrtle Avenue,Brooklyn,40.698898,-73.917523,42517097
Bleecker Street,Saint Nicholas Avenue,Brooklyn,40.702799,-73.913644,42518739
Bleecker Street,Wilson Avenue,Brooklyn,40.697061,-73.919321,42496692
Bleecker Street,Wyckoff Avenue,Brooklyn,40.701617,-73.91485,42512120
Blue Slip,Commercial Street,Brooklyn,40.736067,-73.958922,6578689034
Boerum Place,Dean Street,Brooklyn,40.687959,-73.991509,42515840
Boerum Place,Fulton Mall,Brooklyn,40.692096,-73.98895,278630368
Boerum Place,Joralemon Street,Brooklyn,40.692133,-73.989038,278630368/42464823
Boerum Place,Livingston Street,Brooklyn,40.691017,-73.989321,42496432/278630910
Boerum Place,Pacific Street,Brooklyn,40.688576,-73.99109,42515835
Boerum Place,Red Hook Lane,Brooklyn,40.691099,-73.989199,6933321234
Boerum Place,Schermerhorn Street,Brooklyn,40.690363,-73.989746,42515825/278631323
Boerum Place,State Street,Brooklyn,40.689729,-73.990152,278631321/42515829
Boerum Street,Bogart Street,Brooklyn,40.707081,-73.933796,42476829
Boerum Street,Broadway,Brooklyn,40.705222,-73.949835,42476777
Boerum Street,Bushwick Avenue,Brooklyn,40.70621,-73.939598,42476793
Boerum Street,Bushwick Place,Brooklyn,40.706265,-73.939037,42476805
Boerum Street,Graham Avenue,Brooklyn,40.705888,-73.942966,42467823
Boerum Street,Humboldt Street,Brooklyn,40.706049,-73.941282,42476791
Boerum Street,Leonard Street,Brooklyn,40.705604,-73.946261,42476783
Boerum Street,Lorimer Street,Brooklyn,40.705456,-73.947983,42476779
Boerum Street,Manhattan Avenue,Brooklyn,40.70574,-73.944684,42476785
Boerum Street,White Street,Brooklyn,40.706648,-73.935687,42476825/42476811
Bogart Street,Cook Street,Brooklyn,40.703577,-73.932815,42518762
Bogart Street,Flushing Avenue,Brooklyn,40.703171,-73.932698,42504116
Bogart Street,Grattan Street,Brooklyn,40.705393,-73.933321,42490911
Bogart Street,Harrison Place,Brooklyn,40.706095,-73.933512,42518787
Bogart Street,Ingraham Street,Brooklyn,40.706792,-73.933711,42487173
Bogart Street,Johnson Avenue,Brooklyn,40.707489,-73.933925,42496377
Bogart Street,McKibbin Street,Brooklyn,40.706371,-73.933594,42501152
Bogart Street,Meadow Street,Brooklyn,40.710936,-73.935468,42502444
Bogart Street,Meserole Street,Brooklyn,40.708907,-73.934572,42518747
Bogart Street,Moore Street,Brooklyn,40.704971,-73.933201,42518776
Bogart Street,Rock Street,Brooklyn,40.703994,-73.932935,42518767
Bogart Street,Scholes Street,Brooklyn,40.709593,-73.934875,42511131
Bogart Street,Seigel Street,Brooklyn,40.705669,-73.9334,42518781
Bogart Street,Stagg Street,Brooklyn,40.710278,-73.935177,42518750
Bogart Street,Ten Eyck Street,Brooklyn,40.711693,-73.935808,42496923
Bogart Street,Thames Street,Brooklyn,40.704701,-73.933125,42518773
Bogart Street,Varet Street,Brooklyn,40.704277,-73.933011,42509039
Bokee Court,Colby Court,Brooklyn,40.584412,-73.973281,42501435
Bokee Court,West 3rd Street,Brooklyn,40.584565,-73.971937,42519361
Bond Street,Butler Street,Brooklyn,40.682494,-73.987856,42466499
Bond Street,Carroll Street,Brooklyn,40.678681,-73.990425,42466510
Bond Street,DeKalb Avenue,Brooklyn,40.689968,-73.982764,597844735
Bond Street,Dean Street,Brooklyn,40.68566,-73.985689,42466481
Bond Street,Degraw Street,Brooklyn,40.681217,-73.988699,42466502
Bond Street,Douglass Street,Brooklyn,40.681859,-73.988277,42466500
Bond Street,Fulton Mall,Brooklyn,40.689701,-73.982951,42464844
Bond Street,Livingston Street,Brooklyn,40.688784,-73.983572,42466438
Bond Street,Pacific Street,Brooklyn,40.686294,-73.985259,42466468
Bond Street,President Street,Brooklyn,40.679314,-73.989985,42466508
Bond Street,Sackett Street,Brooklyn,40.680581,-73.989129,5996196764
Bond Street,Schermerhorn Street,Brooklyn,40.68817,-73.983978,42466440
Bond Street,State Street,Brooklyn,40.687564,-73.9844,42466447
Bond Street,Union Street,Brooklyn,40.679946,-73.989559,5996258523
Bond Street,Warren Street,Brooklyn,40.683765,-73.986996,42466495
Bond Street,Wyckoff Street,Brooklyn,40.684389,-73.986564,42466492
Border Avenue,Cypress Avenue,Brooklyn,40.653263,-73.982116,3866225048
Border Avenue,Dale Avenue,Brooklyn,40.645331,-73.988776,756246969
Border Avenue,Garland Avenue,Brooklyn,40.657595,-73.989365,755897551
Border Avenue,Grape Avenue,Brooklyn,40.645832,-73.985802,756246961
Border Avenue,Ocean Avenue,Brooklyn,40.654981,-73.983424,755897665
Border Avenue,Orchard Avenue,Brooklyn,40.647704,-73.99364,756247165
Border Avenue,Summit Avenue,Brooklyn,40.647704,-73.99364,756247165
Border Avenue,Vine Avenue,Brooklyn,40.647483,-73.982596,756246990
Borinquen Place,Grand Street,Brooklyn,40.71093,-73.951596,42520579/8842579327
Borinquen Place,Havemeyer Street,Brooklyn,40.710259,-73.958404,4726244595/42463268/1893285374
Borinquen Place,Hooper Street,Brooklyn,40.710889,-73.951672,42491478
Borinquen Place,Keap Street,Brooklyn,40.710722,-73.953581,9967927275/42488301
Borinquen Place,Marcy Avenue,Brooklyn,40.710522,-73.956576,42463272/1893285378
Borinquen Place,Rodney Street,Brooklyn,40.710578,-73.955093,4593135560/4209420712
Borinquen Place,South 1st Street,Brooklyn,40.710774,-73.952803,4202609198
Borinquen Place,South 2nd Street,Brooklyn,40.710636,-73.954472,8842568889/8842568890
Borinquen Place,South 3rd Street,Brooklyn,40.710436,-73.956789,479847987/4593135559
Borinquen Place,South 4th Street,Brooklyn,40.710224,-73.958362,1692483446/4726244594/1692483461/7711430782
Borinquen Place,Union Avenue,Brooklyn,40.710961,-73.951119,42520579
Bouck Court,Shell Road,Brooklyn,40.58871,-73.974155,42521351
Bouck Court,West 3rd Street,Brooklyn,40.588871,-73.972757,42519347
Bowery Street,Henderson Walk,Brooklyn,40.5748,-73.980562,1167460755
Bowery Street,Jones Walk,Brooklyn,40.57472,-73.978885,42510978
Bowery Street,Schweikerts Walk,Brooklyn,40.574814,-73.981583,42460751
Bowery Street,Stillwell Avenue,Brooklyn,40.574814,-73.981078,42503158
Bowery Street,West 12th Street,Brooklyn,40.574773,-73.979663,42510980
Bowery Street,West 15th Street,Brooklyn,40.574794,-73.982139,42510989
Bowne Street,Commercial Wharf,Brooklyn,40.682941,-74.008534,3853853836
Bowne Street,Hamilton Avenue,Brooklyn,40.680843,-74.005423,598229092
Bowne Street,Imlay Street,Brooklyn,40.682575,-74.007929,42464576
Bowne Street,Richards Street,Brooklyn,40.681105,-74.005807,598229089
Bowne Street,Van Brunt Street,Brooklyn,40.682123,-74.007303,42529893
Box Street,Commercial Street,Brooklyn,40.737142,-73.95693,42472251
Box Street,Manhattan Avenue,Brooklyn,40.737296,-73.955427,42472255
Box Street,McGuinness Boulevard,Brooklyn,40.737505,-73.953204,42472259
Box Street,Paidge Avenue,Brooklyn,40.737524,-73.952951,2358056459
Boynton Place,West 7th Street,Brooklyn,40.591136,-73.977514,42478760
Bradford Street,Dumont Avenue,Brooklyn,40.666852,-73.890694,42468372
Bradford Street,Fulton Street,Brooklyn,40.677762,-73.893484,42464679
Bradford Street,Glenmore Avenue,Brooklyn,40.673715,-73.892447,42468365
Bradford Street,Hegeman Avenue,Brooklyn,40.661338,-73.888385,42468379
Bradford Street,Jamaica Avenue,Brooklyn,40.679767,-73.893995,42468338
Bradford Street,Liberty Avenue,Brooklyn,40.674953,-73.892765,42468359
Bradford Street,Linden Boulevard,Brooklyn,40.660118,-73.887487,1942054859
Bradford Street,Livonia Avenue,Brooklyn,40.665312,-73.890299,42468373
Bradford Street,New Lots Avenue,Brooklyn,40.663295,-73.889787,42468377
Bradford Street,Pitkin Avenue,Brooklyn,40.672449,-73.892124,42468366
Bradford Street,Riverdale Avenue,Brooklyn,40.663789,-73.889909,42468375
Bradford Street,Sutter Avenue,Brooklyn,40.669926,-73.891481,42468368
Bragg Street,Emmons Avenue,Brooklyn,40.584123,-73.932991,2318552298/2318552278
Bragg Street,Gerritsen Avenue,Brooklyn,40.602919,-73.936373,42504587
Bragg Street,Shore Parkway,Brooklyn,40.586249,-73.933386,42480256/7979227445
Bragg Street,Voorhies Avenue,Brooklyn,40.587939,-73.933707,42504560
Branton Street,Coventry Road,Brooklyn,40.646272,-73.919905,42514061
Branton Street,Ditmas Avenue,Brooklyn,40.645398,-73.918924,42529115
Brevoort Place,Franklin Avenue,Brooklyn,40.679958,-73.955437,42524154
Bridge Park Drive,Columbia Street Greenway,Brooklyn,40.691893,-74.000677,2342949844
Bridge Plaza Court,Concord Street,Brooklyn,40.697657,-73.986015,42482553
Bridge Plaza Court,Nassau Street,Brooklyn,40.698472,-73.986146,42530490
Bridge Street,Concord Street,Brooklyn,40.697617,-73.984972,42482561
Bridge Street,Flatbush Avenue Extension,Brooklyn,40.697215,-73.985008,42491540
Bridge Street,Front Street,Brooklyn,40.702351,-73.984705,7707712197
Bridge Street,Fulton Mall,Brooklyn,40.690663,-73.985353,42464832
Bridge Street,John Street,Brooklyn,40.704345,-73.984583,42479465
Bridge Street,Myrtle Avenue,Brooklyn,40.69366,-73.985206,5009155048
Bridge Street,Nassau Street,Brooklyn,40.698442,-73.984913,42532184
Bridge Street,Plymouth Street,Brooklyn,40.703696,-73.984623,7707712196
Bridge Street,Prospect Street,Brooklyn,40.700573,-73.984803,42519833
Bridge Street,Tech Place,Brooklyn,40.694885,-73.985143,42481896
Bridge Street,Tillary Street,Brooklyn,40.69598,-73.985112,42532193
Bridge Street,Water Street,Brooklyn,40.703038,-73.984663,7707712195
Bridge Street,Willoughby Street,Brooklyn,40.692159,-73.985278,42494920
Bridge Street,York Street,Brooklyn,40.701448,-73.98476,42503949
Bridgewater Street,Meeker Avenue,Brooklyn,40.726826,-73.934146,8896031641
Bridgewater Street,Norman Avenue,Brooklyn,40.7281,-73.938189,42466856
Bridgewater Street,Stewart Avenue,Brooklyn,40.726826,-73.934146,8896031641
Bridgewater Street,Van Dam Street,Brooklyn,40.727794,-73.937243,42526793
Bridgewater Street,Varick Street,Brooklyn,40.727493,-73.936254,42502778
Brigham Street,Emmons Avenue,Brooklyn,40.584236,-73.932068,2318552296/42477497
Brigham Street,Shore Parkway,Brooklyn,40.586062,-73.932416,42480265/42480766
Brigham Street,Shore Parkway Greenway,Brooklyn,40.584022,-73.932019,466530167
Brigham Street,Voorhies Avenue,Brooklyn,40.588035,-73.932826,42509808
Brighton 10th Court,Brighton 10th Street,Brooklyn,40.581613,-73.957668,42472227
Brighton 10th Court,Coney Island Avenue,Brooklyn,40.581513,-73.95991,42472215
Brighton 10th Court,Fay Court,Brooklyn,40.581555,-73.958963,8421896045
Brighton 10th Lane,Brighton 10th Street,Brooklyn,40.580546,-73.95843,42516758
Brighton 10th Lane,Coney Island Avenue,Brooklyn,40.580483,-73.959832,42489318
Brighton 10th Path,Brighton 10th Street,Brooklyn,40.581259,-73.957919,42515853
Brighton 10th Path,Coney Island Avenue,Brooklyn,40.581171,-73.959885,42489310
Brighton 10th Street,Brighton 10th Terrace,Brooklyn,40.5809,-73.958176,42490199
Brighton 10th Street,Coney Island Avenue,Brooklyn,40.579369,-73.959746,42489324
Brighton 10th Street,Neptune Avenue,Brooklyn,40.582516,-73.957333,2552945344
Brighton 10th Street,Oceanview Avenue,Brooklyn,40.580154,-73.958709,42516763
Brighton 10th Terrace,Coney Island Avenue,Brooklyn,40.580825,-73.95986,42489313
Brighton 11th Street,Brighton Beach Avenue,Brooklyn,40.578145,-73.958903,42492767
Brighton 11th Street,Cass Place,Brooklyn,40.582409,-73.955953,42514503
Brighton 11th Street,Neptune Avenue,Brooklyn,40.582723,-73.956156,42504890
Brighton 11th Street,Oceanview Avenue,Brooklyn,40.580222,-73.957523,42522369
Brighton 12th Street,Brighton Beach Avenue,Brooklyn,40.578269,-73.95781,42492771
Brighton 12th Street,Corbin Place,Brooklyn,40.581624,-73.955051,42476149
Brighton 12th Street,Oceanview Avenue,Brooklyn,40.579865,-73.956671,42498299
Brighton 13th Street,Brighton Beach Avenue,Brooklyn,40.578028,-73.956913,42470483
Brighton 13th Street,Corbin Place,Brooklyn,40.580622,-73.954713,42470465
Brighton 13th Street,Oceanview Avenue,Brooklyn,40.57952,-73.955849,42470477
Brighton 14th Street,Brighton 15th Street,Brooklyn,40.576133,-73.955191,42502427/42529691
Brighton 14th Street,Brighton Beach Avenue,Brooklyn,40.577718,-73.955896,42492774/42492775
Brighton 14th Street,Corbin Place,Brooklyn,40.5796,-73.954438,42476152
Brighton 14th Street,Oceanview Avenue,Brooklyn,40.579193,-73.95505,42526118
Brighton 15th Street,Brighton Beach Avenue,Brooklyn,40.577445,-73.955031,42492777/42490710
Brighton 15th Street,Brightwater Avenue,Brooklyn,40.575681,-73.955167,9333550126
Brighton 15th Street,Corbin Place,Brooklyn,40.578426,-73.954206,42476155
Brighton 15th Street,Riegelmann Boardwalk,Brooklyn,40.575681,-73.955167,9333550126
Brighton 1st Place,Brighton 1st Walk,Brooklyn,40.577948,-73.966442,3658668792
Brighton 1st Place,Brighton Beach Avenue,Brooklyn,40.576653,-73.965897,42492753/9514009882
Brighton 1st Place,Brightwater Court,Brooklyn,40.575526,-73.965648,42500793
Brighton 1st Road,Brighton Beach Avenue,Brooklyn,40.57655,-73.96638,42492749/9515390495
Brighton 1st Road,Brightwater Court,Brooklyn,40.575504,-73.966616,42500790
Brighton 1st Street,Brighton 1st Walk,Brooklyn,40.577997,-73.966814,42467653
Brighton 1st Street,Brighton 2nd Lane,Brooklyn,40.579037,-73.966572,42488465
Brighton 1st Street,Brighton Beach Avenue,Brooklyn,40.576385,-73.967206,42492744/9514009883
Brighton 1st Street,Neptune Avenue,Brooklyn,40.580633,-73.966239,42499109
Brighton 1st Street,Oceanview Avenue,Brooklyn,40.578637,-73.966665,42499114
Brighton 2nd Lane,Brighton 2nd Place,Brooklyn,40.579153,-73.966038,42488468
Brighton 2nd Lane,Brighton 3rd Street,Brooklyn,40.579364,-73.965046,42468022
Brighton 2nd Place,Brighton 3rd Street,Brooklyn,40.580171,-73.965346,42468019
Brighton 2nd Street,Brighton Beach Avenue,Brooklyn,40.576826,-73.965106,9514009881/42481501
Brighton 2nd Street,Brightwater Court,Brooklyn,40.575543,-73.964863,42481505
Brighton 2nd Street,Oceanview Avenue,Brooklyn,40.578817,-73.965818,42481485
Brighton 3rd Road,Brighton 3rd Street,Brooklyn,40.582068,-73.965635,42468041
Brighton 3rd Street,Brighton Beach Avenue,Brooklyn,40.577027,-73.964192,9514009880/42468028
Brighton 3rd Street,Brightwater Court,Brooklyn,40.575631,-73.96394,42468031
Brighton 3rd Street,Neptune Avenue,Brooklyn,40.580735,-73.965752,42468018/42468067
Brighton 3rd Street,Oceanview Avenue,Brooklyn,40.579009,-73.964917,42468024
Brighton 3rd Street,Shore Parkway,Brooklyn,40.583332,-73.965348,598784326/598784319
Brighton 4th Place,Oceanview Avenue,Brooklyn,40.579296,-73.963564,42523306
Brighton 4th Road,Brighton 4th Street,Brooklyn,40.582412,-73.964244,42484370
Brighton 4th Road,Brighton 6th Street,Brooklyn,40.582666,-73.963062,42494075
Brighton 4th Street,Brighton 4th Terrace,Brooklyn,40.581776,-73.964392,42484376
Brighton 4th Street,Brighton Beach Avenue,Brooklyn,40.577227,-73.96329,42484397/9514009879
Brighton 4th Street,Brightwater Court,Brooklyn,40.575716,-73.963008,42484402
Brighton 4th Street,Neptune Avenue,Brooklyn,40.58098,-73.964588,42484382
Brighton 4th Street,Oceanview Avenue,Brooklyn,40.5792,-73.964019,42484390
Brighton 4th Terrace,Brighton 6th Street,Brooklyn,40.582074,-73.962957,42488894
Brighton 5th Place,Oceanview Avenue,Brooklyn,40.579487,-73.962665,42495091
Brighton 5th Street,Brighton Beach Avenue,Brooklyn,40.577415,-73.962374,42492762/9514009878
Brighton 5th Street,Brightwater Court,Brooklyn,40.575762,-73.962078,42500800
Brighton 5th Street,Neptune Avenue,Brooklyn,40.581155,-73.963759,42504933
Brighton 5th Street,Oceanview Avenue,Brooklyn,40.579393,-73.96311,42533612
Brighton 6th Street,Brighton Beach Avenue,Brooklyn,40.577602,-73.961467,42492764/9514009877
Brighton 6th Street,Brightwater Court,Brooklyn,40.575803,-73.961136,42500803
Brighton 6th Street,Neptune Avenue,Brooklyn,40.581351,-73.962826,42504927
Brighton 6th Street,Oceanview Avenue,Brooklyn,40.579585,-73.962206,42516520
Brighton 6th Street,Shore Parkway,Brooklyn,40.584053,-73.963309,2552916676
Brighton 7th Street,Brighton 8th Street,Brooklyn,40.578316,-73.96078,42489390
Brighton 7th Street,Brighton Beach Avenue,Brooklyn,40.577785,-73.960584,42489393/9514009876
Brighton 7th Street,Brightwater Court,Brooklyn,40.575838,-73.960388,42489395
Brighton 7th Street,Neptune Avenue,Brooklyn,40.581538,-73.96194,42489378
Brighton 7th Street,Oceanview Avenue,Brooklyn,40.579776,-73.961309,42489387
Brighton 7th Street,Shore Parkway,Brooklyn,40.58416,-73.962431,42480619
Brighton 8th Court,Brighton 8th Street,Brooklyn,40.582503,-73.961173,42504276
Brighton 8th Court,Coney Island Avenue,Brooklyn,40.582634,-73.959993,42489305
Brighton 8th Street,Guider Avenue,Brooklyn,40.583916,-73.961422,42499766
Brighton 8th Street,Neptune Avenue,Brooklyn,40.58174,-73.960981,5272349217
Brighton 8th Street,Oceanview Avenue,Brooklyn,40.579893,-73.960755,7967435137/7967435138
Brighton Beach Avenue,Coney Island Avenue,Brooklyn,40.577993,-73.959633,42489331
Brighton Beach Avenue,Corbin Place,Brooklyn,40.577427,-73.953868,1167649141/7968758135
Brighton Beach Avenue,Ocean Parkway,Brooklyn,40.576319,-73.968394,9514009885/42508933/9514009886/2287653903
Brighton Beach Avenue,Oceana Terrace,Brooklyn,40.578277,-73.958199,42492768
Brighton Beach Avenue,Seacoast Terrace,Brooklyn,40.577948,-73.956653,42492773
Brighton Beach Avenue,West Brighton Avenue,Brooklyn,40.576322,-73.968536,42508933/9514009886
Brighton Court,East 2nd Street,Brooklyn,40.587234,-73.967702,42495328
Brighton Court,East 6th Street,Brooklyn,40.587642,-73.964,42511857
Brighton Court,Ocean Parkway,Brooklyn,40.587427,-73.965978,2282434913/2282434915
Brightwater Avenue,Riegelmann Boardwalk,Brooklyn,40.575681,-73.955167,9333550126
Brightwater Avenue,Seacoast Terrace,Brooklyn,40.575626,-73.956618,42498491
Brightwater Court,Coney Island Avenue,Brooklyn,40.575876,-73.959492,42489336
Bristol Street,Ditmas Avenue,Brooklyn,40.652312,-73.908216,42504523
Bristol Street,Dumont Avenue,Brooklyn,40.663814,-73.911166,42504504
Bristol Street,East New York Avenue,Brooklyn,40.67131,-73.913086,42504475
Bristol Street,Hegeman Avenue,Brooklyn,40.655995,-73.909177,42474543
Bristol Street,Linden Boulevard,Brooklyn,40.654293,-73.908729,1942054018
Bristol Street,Livonia Avenue,Brooklyn,40.662278,-73.910776,42477764
Bristol Street,Lott Avenue,Brooklyn,40.657666,-73.909595,42504519
Bristol Street,Newport Street,Brooklyn,40.659203,-73.909987,42504515
Bristol Street,Park Place,Brooklyn,40.67131,-73.913086,42504475
Bristol Street,Pitkin Avenue,Brooklyn,40.669404,-73.912603,42504480
Bristol Street,Riverdale Avenue,Brooklyn,40.660739,-73.91038,42496227
Bristol Street,Sutter Avenue,Brooklyn,40.666887,-73.911954,42504488
Broadway,Chauncey Street,Brooklyn,40.682684,-73.910067,42505581
Broadway,Conway Street,Brooklyn,40.679218,-73.90406,42498331
Broadway,Cook Street,Brooklyn,40.702166,-73.944368,42505449
Broadway,Cooper Street,Brooklyn,40.68351,-73.911525,42505576
Broadway,Cornelia Street,Brooklyn,40.687357,-73.918294,42478997
Broadway,Covert Street,Brooklyn,40.6848,-73.913798,42505568
Broadway,De Sales Place,Brooklyn,40.680507,-73.906282,42482865
Broadway,DeKalb Avenue,Brooklyn,40.693864,-73.929702,42505492
Broadway,Debevoise Street,Brooklyn,40.701442,-73.943089,42467507
Broadway,Decatur Street,Brooklyn,40.68393,-73.912299,42505573
Broadway,Ditmars Street,Brooklyn,40.696184,-73.933828,42498583
Broadway,Division Avenue,Brooklyn,40.706921,-73.954127,42478031
Broadway,Dodworth Street,Brooklyn,40.694317,-73.930512,42495992
Broadway,Driggs Avenue,Brooklyn,40.709913,-73.962278,42505389
Broadway,Dunham Place,Brooklyn,40.710731,-73.967656,4207788769/42494823
Broadway,Eastern Parkway,Brooklyn,40.680045,-73.905479,1260335278/42474935
Broadway,Eldert Street,Brooklyn,40.685227,-73.91454,42505567
Broadway,Ellery Street,Brooklyn,40.699469,-73.939674,42505465
Broadway,Fayette Street,Brooklyn,40.699874,-73.94042,42505462
Broadway,Flushing Avenue,Brooklyn,40.700725,-73.941931,42504102
Broadway,Furman Avenue,Brooklyn,40.681378,-73.907773,42485893
Broadway,Gates Avenue,Brooklyn,40.689526,-73.922106,42505530
Broadway,Gerry Street,Brooklyn,40.70277,-73.945447,42505442
Broadway,Graham Avenue,Brooklyn,40.700906,-73.942231,2568052329/9752127035
Broadway,Granite Street,Brooklyn,40.681804,-73.908517,42505595
Broadway,Greene Avenue,Brooklyn,40.691426,-73.925441,42501277/42501294
Broadway,Grove Street,Brooklyn,40.690401,-73.923642,42505523
Broadway,Halsey Street,Brooklyn,40.6857,-73.915387,42505560/42505563
Broadway,Hancock Street,Brooklyn,40.686432,-73.916681,42505552/42505556
Broadway,Hart Street,Brooklyn,40.695071,-73.931851,42477912/42477921
Broadway,Havemeyer Street,Brooklyn,40.708886,-73.959263,42480086
Broadway,Hewes Street,Brooklyn,40.706639,-73.952708,42490968/42490941
Broadway,Heyward Street,Brooklyn,40.705437,-73.950218,42477588
Broadway,Hooper Street,Brooklyn,40.707004,-73.954074,42491450/42478031
Broadway,Hull Street,Brooklyn,40.680141,-73.905659,42477962
Broadway,Jamaica Avenue,Brooklyn,40.677098,-73.89978,588465833
Broadway,Jefferson Avenue,Brooklyn,40.686985,-73.917622,42505549
Broadway,Jefferson Street,Brooklyn,40.696985,-73.935293,42505482
Broadway,Johnson Avenue,Brooklyn,40.7058,-73.950863,6291247293
Broadway,Keap Street,Brooklyn,40.707608,-73.955537,42488278
Broadway,Kent Avenue,Brooklyn,40.710824,-73.968497,9450686171/42469454
Broadway,Kosciuszko Street,Brooklyn,40.693267,-73.928683,42505497/10159312358/42505494
Broadway,Kossuth Place,Brooklyn,40.692788,-73.927828,42505500
Broadway,Lafayette Avenue,Brooklyn,40.692475,-73.927289,42505507/42505503
Broadway,Lawton Street,Brooklyn,40.694675,-73.931144,42470002
Broadway,Lewis Avenue,Brooklyn,40.698509,-73.937954,42466921/42467004
Broadway,Lexington Avenue,Brooklyn,40.690829,-73.924394,42505519
Broadway,Linden Street,Brooklyn,40.689925,-73.922806,42505527
Broadway,Locust Street,Brooklyn,40.698612,-73.938135,42466921
Broadway,Lorimer Street,Brooklyn,40.704209,-73.948017,42505433/42501132
Broadway,Lynch Street,Brooklyn,40.70502,-73.94947,42505420
Broadway,MacDonough Street,Brooklyn,40.684514,-73.913307,42502392
Broadway,MacDougal Street,Brooklyn,40.680757,-73.90671,42482516
Broadway,Madison Street,Brooklyn,40.688266,-73.919906,2564942589/42486683/9658355125
Broadway,Malcolm X Boulevard,Brooklyn,40.694839,-73.93144,3552722301
Broadway,Manhattan Avenue,Brooklyn,40.701974,-73.944026,42505452
Broadway,Marcus Garvey Boulevard,Brooklyn,40.700281,-73.941149,42499079
Broadway,Marcy Avenue,Brooklyn,40.708417,-73.957896,42482433
Broadway,Marion Street,Brooklyn,40.682105,-73.909055,42460636
Broadway,Melrose Street,Brooklyn,40.697397,-73.936026,42505479
Broadway,Moffat Street,Brooklyn,40.683092,-73.910769,42488741
Broadway,Montrose Avenue,Brooklyn,40.706417,-73.952097,42482048/42505412
Broadway,Moore Street,Brooklyn,40.703215,-73.946243,42492008
Broadway,Mother Gaston Boulevard,Brooklyn,40.681937,-73.908755,9812496820/42505589
Broadway,Palmetto Street,Brooklyn,40.689072,-73.921306,42498796
Broadway,Park Avenue,Brooklyn,40.698897,-73.938647,42471879
Broadway,Park Street,Brooklyn,40.699037,-73.938902,42505468
Broadway,Penn Street,Brooklyn,40.706341,-73.951904,42482048
Broadway,Pilling Street,Brooklyn,40.682235,-73.909275,42505584
Broadway,Pulaski Street,Brooklyn,40.694675,-73.931144,42470002
Broadway,Putnam Avenue,Brooklyn,40.687701,-73.918913,9236464504/42489083/42489078
Broadway,Quincy Street,Brooklyn,40.69019,-73.923276,42498914/9733370572
Broadway,Ralph Avenue,Brooklyn,40.690735,-73.924227,42493898
Broadway,Rockaway Avenue,Brooklyn,40.68351,-73.911525,42505576
Broadway,Rodney Street,Brooklyn,40.708017,-73.956728,42505402
Broadway,Roebling Street,Brooklyn,40.709391,-73.960744,42505393
Broadway,Rutledge Street,Brooklyn,40.705919,-73.951075,42505415
Broadway,Saratoga Avenue,Brooklyn,40.687213,-73.918046,42476406
Broadway,Schaefer Street,Brooklyn,40.684367,-73.913038,42505571
Broadway,Somers Street,Brooklyn,40.679514,-73.904565,42475941
Broadway,South 8th Street,Brooklyn,40.709173,-73.960111,5606446477
Broadway,South 9th Street,Brooklyn,40.707829,-73.956186,42474684
Broadway,Stewart Street,Brooklyn,40.679641,-73.904791,42505618
Broadway,Stockton Street,Brooklyn,40.69768,-73.936484,42505475
Broadway,Stuyvesant Avenue,Brooklyn,40.696702,-73.93478,42473203
Broadway,Sumner Place,Brooklyn,40.700281,-73.941149,42499079
Broadway,Suydam Street,Brooklyn,40.695363,-73.93237,42505487
Broadway,Thomas S. Boyland Street,Brooklyn,40.685317,-73.914701,42505566
Broadway,Thornton Street,Brooklyn,40.701442,-73.943089,42467507
Broadway,Throop Avenue,Brooklyn,40.704794,-73.949069,42499129
Broadway,Union Avenue,Brooklyn,40.705437,-73.950218,42477588
Broadway,Van Buren Street,Brooklyn,40.692003,-73.926454,42505515/10248087798/42505511
Broadway,Van Sinderen Avenue,Brooklyn,40.678945,-73.903579,42468791
Broadway,Vernon Avenue,Brooklyn,40.696345,-73.934137,42505484
Broadway,Wallabout Street,Brooklyn,40.703215,-73.946243,42492008
Broadway,Walton Street,Brooklyn,40.703667,-73.947049,42475336
Broadway,Weirfield Street,Brooklyn,40.686072,-73.916046,42490679
Broadway,Whipple Street,Brooklyn,40.701877,-73.943853,42505456
Broadway,Williamsburg Bridge Plaza,Brooklyn,40.709178,-73.960117,42505393/2307230978
Broadway,Willoughby Avenue,Brooklyn,40.695795,-73.933138,42492357
Broadway,Woodbine Street,Brooklyn,40.688641,-73.92055,42499285
Broadway,Wythe Avenue,Brooklyn,40.710633,-73.966767,42505376/4207788767
Brooklyn Avenue,Carroll Street,Brooklyn,40.66688,-73.945214,42471103
Brooklyn Avenue,Church Avenue,Brooklyn,40.651117,-73.943803,42497387
Brooklyn Avenue,Clarendon Road,Brooklyn,40.643604,-73.942996,42535117
Brooklyn Avenue,Cortelyou Road,Brooklyn,40.644637,-73.943107,42479856
Brooklyn Avenue,Crown Street,Brooklyn,40.665988,-73.945301,42509064
Brooklyn Avenue,Dean Street,Brooklyn,40.676572,-73.944303,42524917
Brooklyn Avenue,East New York Avenue,Brooklyn,40.661881,-73.945566,42514755
Brooklyn Avenue,Eastern Parkway,Brooklyn,40.669572,-73.94496,42474825
Brooklyn Avenue,Eastern Parkway Service Road,Brooklyn,40.669559,-73.944961,541999373/1259822870
Brooklyn Avenue,Eastern Parkway South Mall,Brooklyn,40.669422,-73.944974,1698012632
Brooklyn Avenue,Empire Boulevard,Brooklyn,40.664225,-73.945463,42481979
Brooklyn Avenue,Farragut Road,Brooklyn,40.636636,-73.942257,9258580607
Brooklyn Avenue,Fenimore Street,Brooklyn,40.659011,-73.94526,42493640
Brooklyn Avenue,Flatbush Avenue,Brooklyn,40.626715,-73.941199,42491819
Brooklyn Avenue,Foster Avenue,Brooklyn,40.638965,-73.942503,42532344
Brooklyn Avenue,Fulton Street,Brooklyn,40.680088,-73.943973,42464985
Brooklyn Avenue,Glenwood Road,Brooklyn,40.634364,-73.94201,42515769
Brooklyn Avenue,Hawthorne Street,Brooklyn,40.658187,-73.945172,42511680
Brooklyn Avenue,Herkimer Street,Brooklyn,40.679333,-73.944048,42515938
Brooklyn Avenue,Lefferts Avenue,Brooklyn,40.662675,-73.945625,42472162
Brooklyn Avenue,Lenox Road,Brooklyn,40.654528,-73.944163,42467307
Brooklyn Avenue,Lincoln Place,Brooklyn,40.670504,-73.944872,42518580
Brooklyn Avenue,Linden Boulevard,Brooklyn,40.652973,-73.944002,42510369
Brooklyn Avenue,Maple Street,Brooklyn,40.661149,-73.945488,42485098
Brooklyn Avenue,Midwood Street,Brooklyn,40.660437,-73.945413,42467095
Brooklyn Avenue,Montgomery Street,Brooklyn,40.665099,-73.945381,42479634
Brooklyn Avenue,Newkirk Avenue,Brooklyn,40.640344,-73.942651,42485874
Brooklyn Avenue,Pacific Street,Brooklyn,40.677351,-73.94423,42535067
Brooklyn Avenue,Park Place,Brooklyn,40.67312,-73.944628,42535075
Brooklyn Avenue,President Street,Brooklyn,40.667772,-73.945129,42515014
Brooklyn Avenue,Prospect Place,Brooklyn,40.674005,-73.944544,42473637
Brooklyn Avenue,Rutland Road,Brooklyn,40.659718,-73.945336,42497520
Brooklyn Avenue,Saint Johns Place,Brooklyn,40.671338,-73.944795,42533546
Brooklyn Avenue,Saint Marks Avenue,Brooklyn,40.674907,-73.944462,42522977
Brooklyn Avenue,Snyder Avenue,Brooklyn,40.64928,-73.943604,42502826
Brooklyn Avenue,Sterling Place,Brooklyn,40.672228,-73.94471,42474990
Brooklyn Avenue,Sterling Street,Brooklyn,40.663449,-73.945538,42520769
Brooklyn Avenue,Tilden Avenue,Brooklyn,40.647115,-73.943374,42521088
Brooklyn Avenue,Union Street,Brooklyn,40.668615,-73.945046,42486250
Brooklyn Avenue,Winthrop Street,Brooklyn,40.657434,-73.945094,42522023
Brooklyn Bridge,Tillary Street,Brooklyn,40.696298,-73.988755,2350521000/598043793/598043782/598043783
Brooklyn Bridge Bicycle Path,Brooklyn Bridge Promenade,Brooklyn,40.698273,-73.988609,5180983999
Brooklyn Bridge Park Greenway,Columbia Street Greenway,Brooklyn,40.691902,-74.000788,2342949845
Brooklyn Bridge Promenade,Tillary Street,Brooklyn,40.696351,-73.988734,4726782723
Brooklyn Road,East 34th Street,Brooklyn,40.637601,-73.944261,42500490
Brooklyn Road,East 35th Street,Brooklyn,40.637668,-73.943341,42473664
Broome Street,Graham Avenue,Brooklyn,40.722144,-73.947234,42467929
Broome Street,Humboldt Street,Brooklyn,40.722365,-73.9449,42502926
Broome Street,McGuinness Boulevard South,Brooklyn,40.722213,-73.946496,2987758894/2987758895
Brown Street,Emmons Avenue,Brooklyn,40.584031,-73.936829,42477418
Brown Street,Gerritsen Avenue,Brooklyn,40.607138,-73.941054,42534244
Brown Street,Shore Parkway,Brooklyn,40.586036,-73.937201,42480745/42480244
Brown Street,Voorhies Avenue,Brooklyn,40.587525,-73.93748,42524569
Bryant Street,Clinton Street,Brooklyn,40.669276,-74.004484,42467940
Bryant Street,Court Street,Brooklyn,40.66882,-74.002921,42467946/42467942
Buckingham Road,Church Avenue,Brooklyn,40.648721,-73.964903,42497336
Buckingham Road,East 16th Street,Brooklyn,40.648721,-73.964903,42497336
Buffalo Avenue,East New York Avenue,Brooklyn,40.665816,-73.925692,42503884/42503878
Buffalo Avenue,Eastern Parkway,Brooklyn,40.668496,-73.925598,42474834
Buffalo Avenue,Eastern Parkway Service Road,Brooklyn,40.668502,-73.925598,1259822852/541999215
Buffalo Avenue,Eastern Parkway South Mall,Brooklyn,40.668371,-73.925614,2358056454
Buffalo Avenue,Fulton Street,Brooklyn,40.679032,-73.924593,42465033
Buffalo Avenue,Herkimer Street,Brooklyn,40.678276,-73.924662,42503847
Buffalo Avenue,Lincoln Place,Brooklyn,40.669435,-73.925491,42503869
Buffalo Avenue,Pacific Street,Brooklyn,40.676293,-73.924831,42469114
Buffalo Avenue,Park Place,Brooklyn,40.672062,-73.925245,42503861
Buffalo Avenue,Prospect Place,Brooklyn,40.672954,-73.925161,42473546
Buffalo Avenue,Rockaway Parkway,Brooklyn,40.665916,-73.925463,42503884
Buffalo Avenue,Saint Johns Place,Brooklyn,40.670279,-73.925413,42503867
Buffalo Avenue,Saint Marks Avenue,Brooklyn,40.673844,-73.925082,42503852
Buffalo Avenue,Sterling Place,Brooklyn,40.671169,-73.925328,42475031
Bulwer Place,Crosby Avenue,Brooklyn,40.682763,-73.893732,42485188
Bulwer Place,Highland Boulevard,Brooklyn,40.682077,-73.893258,42485187
Bulwer Place,Jackie Robinson Parkway,Brooklyn,40.684287,-73.894758,42485181
Burnett Street,Fillmore Avenue,Brooklyn,40.607602,-73.939015,42479060
Burnett Street,Nostrand Avenue,Brooklyn,40.612011,-73.944055,42481797
Burnett Street,Quentin Road,Brooklyn,40.610857,-73.942652,42470822
Burnett Street,Whitney Avenue,Brooklyn,40.599437,-73.929922,42515244
Bush Street,Clinton Street,Brooklyn,40.673816,-74.0023,42490899
Bush Street,Columbia Street,Brooklyn,40.675229,-74.00742,42490895
Bush Street,Court Street,Brooklyn,40.673265,-74.00029,42490900
Bush Street,Dwight Street,Brooklyn,40.675777,-74.00933,3789327965
Bush Street,Hamilton Avenue,Brooklyn,40.672986,-73.999324,42478187/42478292
Bush Street,Henry Street,Brooklyn,40.674326,-74.004138,42490898
Bush Street,Hicks Street,Brooklyn,40.674813,-74.005718,42483616
Bush Street,Otsego Street,Brooklyn,40.675777,-74.00933,3789327965
Bush Street,Smith Street,Brooklyn,40.672824,-73.998694,6558268286
Bushwick Avenue,Cedar Street,Brooklyn,40.69584,-73.929584,42513719
Bushwick Avenue,Chauncey Street,Brooklyn,40.684086,-73.908629,42513819
Bushwick Avenue,Conway Street,Brooklyn,40.680677,-73.902643,42498334
Bushwick Avenue,Cook Street,Brooklyn,40.702709,-73.937322,42513684
Bushwick Avenue,Cooper Street,Brooklyn,40.684939,-73.910132,42513816
Bushwick Avenue,Cornelia Street,Brooklyn,40.68879,-73.916899,42478999
Bushwick Avenue,Covert Street,Brooklyn,40.686224,-73.912389,42513805
Bushwick Avenue,De Sales Place,Brooklyn,40.681947,-73.904876,42482869
Bushwick Avenue,DeKalb Avenue,Brooklyn,40.695158,-73.928345,42513723/42513726
Bushwick Avenue,Decatur Street,Brooklyn,40.685369,-73.910887,42513813
Bushwick Avenue,Devoe Street,Brooklyn,40.714006,-73.94171,7722378711
Bushwick Avenue,Dodworth Street,Brooklyn,40.695648,-73.929243,42495994
Bushwick Avenue,Eastern Parkway,Brooklyn,40.681478,-73.904075,1260335171/42474941
Bushwick Avenue,Eldert Street,Brooklyn,40.686652,-73.91314,42513800
Bushwick Avenue,Fanchon Place,Brooklyn,40.678739,-73.898872,42513851
Bushwick Avenue,Flushing Avenue,Brooklyn,40.701908,-73.936988,42504109
Bushwick Avenue,Forrest Street,Brooklyn,40.700645,-73.936457,42513688
Bushwick Avenue,Furman Avenue,Brooklyn,40.682802,-73.906376,42485894
Bushwick Avenue,Garden Street,Brooklyn,40.700645,-73.936457,42513688
Bushwick Avenue,Gates Avenue,Brooklyn,40.690927,-73.920657,42513780
Bushwick Avenue,Grand Street,Brooklyn,40.711962,-73.940688,42513634
Bushwick Avenue,Granite Street,Brooklyn,40.68323,-73.907126,42513826
Bushwick Avenue,Greene Avenue,Brooklyn,40.692971,-73.924312,42501160/42501299
Bushwick Avenue,Grove Street,Brooklyn,40.691823,-73.92223,42513775
Bushwick Avenue,Halsey Street,Brooklyn,40.687079,-73.913892,42506743
Bushwick Avenue,Hancock Street,Brooklyn,40.687936,-73.915395,42513791
Bushwick Avenue,Harman Street,Brooklyn,40.693455,-73.925206,42471578
Bushwick Avenue,Hart Street,Brooklyn,40.696301,-73.930433,42477923/42477885
Bushwick Avenue,Highland Boulevard,Brooklyn,40.67957,-73.900542,42462873/42513844
Bushwick Avenue,Himrod Street,Brooklyn,40.693866,-73.925972,42509628
Bushwick Avenue,Jamaica Avenue,Brooklyn,40.678141,-73.897592,7722419300/597773093
Bushwick Avenue,Jefferson Avenue,Brooklyn,40.688361,-73.916147,42513788
Bushwick Avenue,Jefferson Street,Brooklyn,40.698275,-73.933995,42513699
Bushwick Avenue,Johnson Avenue,Brooklyn,40.706918,-73.939715,42496361
Bushwick Avenue,Kosciuszko Street,Brooklyn,40.694548,-73.927227,42513732
Bushwick Avenue,Kossuth Place,Brooklyn,40.694146,-73.926492,42512274
Bushwick Avenue,Lafayette Avenue,Brooklyn,40.693724,-73.925715,42513748
Bushwick Avenue,Lawton Street,Brooklyn,40.696008,-73.929901,42470004
Bushwick Avenue,Linden Street,Brooklyn,40.691353,-73.921411,42513778
Bushwick Avenue,Madison Street,Brooklyn,40.689646,-73.9184,42486686
Bushwick Avenue,Marginal Street West,Brooklyn,40.678291,-73.897969,7722419296
Bushwick Avenue,Maujer Street,Brooklyn,40.711218,-73.940423,42513647
Bushwick Avenue,McKibbin Street,Brooklyn,40.705261,-73.939438,7722378719
Bushwick Avenue,Melrose Street,Brooklyn,40.698708,-73.934775,42513694
Bushwick Avenue,Menahan Street,Brooklyn,40.692213,-73.922919,42477541
Bushwick Avenue,Meserole Street,Brooklyn,40.70839,-73.939958,42513654
Bushwick Avenue,Metropolitan Avenue,Brooklyn,40.714735,-73.942072,7722378707
Bushwick Avenue,Moffat Street,Brooklyn,40.684513,-73.909382,42488743
Bushwick Avenue,Montieth Street,Brooklyn,40.701302,-73.936733,42513686
Bushwick Avenue,Montrose Avenue,Brooklyn,40.707654,-73.939838,42513657
Bushwick Avenue,Moore Street,Brooklyn,40.704101,-73.938646,4660922280/7722378721
Bushwick Avenue,Myrtle Avenue,Brooklyn,40.697315,-73.932267,42513709
Bushwick Avenue,Noll Street,Brooklyn,40.700038,-73.936085,42479500
Bushwick Avenue,Palmetto Street,Brooklyn,40.690499,-73.919906,42498799
Bushwick Avenue,Pennsylvania Avenue,Brooklyn,40.678101,-73.897465,7722419300
Bushwick Avenue,Pilling Street,Brooklyn,40.683657,-73.907878,42513823
Bushwick Avenue,Powers Street,Brooklyn,40.712666,-73.941041,42513628
Bushwick Avenue,Putnam Avenue,Brooklyn,40.689218,-73.917649,42489085
Bushwick Avenue,Schaefer Street,Brooklyn,40.685796,-73.911637,42513809
Bushwick Avenue,Scholes Street,Brooklyn,40.709102,-73.940076,42511123
Bushwick Avenue,Seigel Street,Brooklyn,40.704651,-73.939219,7722378720/7722378714/42513666
Bushwick Avenue,Stagg Street,Brooklyn,40.709807,-73.940183,7618802676
Bushwick Avenue,Stanhope Street,Brooklyn,40.69428,-73.926736,42513737
Bushwick Avenue,Stanwix Street,Brooklyn,40.698107,-73.933693,42500473
Bushwick Avenue,Stewart Street,Brooklyn,40.681092,-73.903371,42513839
Bushwick Avenue,Stockholm Street,Brooklyn,40.694697,-73.927497,42513729
Bushwick Avenue,Suydam Street,Brooklyn,40.696662,-73.931088,42506580
Bushwick Avenue,Troutman Street,Brooklyn,40.69785,-73.93323,42513705
Bushwick Avenue,Van Buren Street,Brooklyn,40.693315,-73.924951,42513757
Bushwick Avenue,Vanderveer Street,Brooklyn,40.681509,-73.904128,1260335171
Bushwick Avenue,Varet Street,Brooklyn,40.703372,-73.937648,42509036
Bushwick Avenue,Weirfield Street,Brooklyn,40.687507,-73.914642,42490681
Bushwick Avenue,Willoughby Avenue,Brooklyn,40.697081,-73.931846,42492360
Bushwick Avenue,Woodbine Street,Brooklyn,40.690076,-73.919153,42499288
Bushwick Avenue,Woodpoint Road,Brooklyn,40.714735,-73.942072,7722378707
Bushwick Place,Johnson Avenue,Brooklyn,40.707015,-73.938714,42496367
Bushwick Place,Meserole Street,Brooklyn,40.708495,-73.938864,42529171
Bushwick Place,Montrose Avenue,Brooklyn,40.707782,-73.938528,42523550
Butler Place,Plaza Street East,Brooklyn,40.674713,-73.968988,42507970
Butler Place,Sterling Place,Brooklyn,40.675486,-73.967494,42474966
Butler Street,Court Street,Brooklyn,40.6851,-73.994579,42468449
Butler Street,Hoyt Street,Brooklyn,40.683319,-73.989992,42468453
Butler Street,Nevins Street,Brooklyn,40.681642,-73.985672,42468459
Butler Street,Quisenbury Drive,Brooklyn,40.679275,-73.979548,42468464
Butler Street,Smith Street,Brooklyn,40.684178,-73.992192,42468450
Cadman Plaza East,Johnson Street,Brooklyn,40.695061,-73.990116,42530379
Cadman Plaza East,Prospect Street,Brooklyn,40.700741,-73.989732,42519812
Cadman Plaza East,Red Cross Place,Brooklyn,40.699523,-73.989806,42525712
Cadman Plaza East,Tillary Street,Brooklyn,40.696306,-73.990048,42530376/598043772/598043773/11707551823
Cadman Plaza East,Washington Street,Brooklyn,40.700741,-73.989732,42519812
Cadman Plaza West,Clark Street,Brooklyn,40.697041,-73.991364,42517603/3026465379
Cadman Plaza West,Clinton Street,Brooklyn,40.696198,-73.991219,9907586242
Cadman Plaza West,Court Street,Brooklyn,40.693756,-73.990425,42485646
Cadman Plaza West,Johnson Street,Brooklyn,40.695001,-73.990797,9907586240/42533974
Cadman Plaza West,Middagh Street,Brooklyn,40.699846,-73.991034,42461394/2842884234
Cadman Plaza West,Montague Street,Brooklyn,40.693756,-73.990425,42485646
Cadman Plaza West,Old Fulton Street,Brooklyn,40.700791,-73.990983,42519809/5649546987
Cadman Plaza West,Pierrepont Street,Brooklyn,40.69461,-73.990676,9907586241/42476732
Cadman Plaza West,Prospect Street,Brooklyn,40.700791,-73.990983,42519809/5649546987
Cadman Plaza West,Tillary Street,Brooklyn,40.696261,-73.991182,598043776/9907586242/2842882700/598043775
Calder Place,Prospect Avenue,Brooklyn,40.66213,-73.987221,42499864
Calhoun Street,Vandervoort Avenue,Brooklyn,40.715844,-73.934097,42471039
Calyer Street,Clifford Place,Brooklyn,40.727305,-73.955816,42496848
Calyer Street,Diamond Street,Brooklyn,40.729518,-73.949083,42478909
Calyer Street,Eckford Street,Brooklyn,40.728698,-73.951572,7725544401
Calyer Street,Franklin Street,Brooklyn,40.727044,-73.957223,42496839
Calyer Street,Guernsey Street,Brooklyn,40.727571,-73.954983,7725544398
Calyer Street,Humboldt Street,Brooklyn,40.730488,-73.946241,7725544396
Calyer Street,Jewel Street,Brooklyn,40.729791,-73.948255,42496874
Calyer Street,Leonard Street,Brooklyn,40.728421,-73.952426,7725544402
Calyer Street,Lorimer Street,Brooklyn,40.727857,-73.954136,7725544403
Calyer Street,Manhattan Avenue,Brooklyn,40.728138,-73.953277,7725544399
Calyer Street,McGuinness Boulevard,Brooklyn,40.728999,-73.950654,7725544400/7725544404
Calyer Street,Moultrie Street,Brooklyn,40.730064,-73.947427,42496878
Calyer Street,Newel Street,Brooklyn,40.729244,-73.949911,42496869
Calyer Street,Russell Street,Brooklyn,40.730601,-73.945319,42472698
Calyer Street,West Street,Brooklyn,40.726891,-73.958765,42496837
Cambridge Place,Fulton Street,Brooklyn,40.682594,-73.962644,42464945
Cambridge Place,Gates Avenue,Brooklyn,40.68478,-73.963072,42536300
Cambridge Place,Greene Avenue,Brooklyn,40.686975,-73.963509,42501239
Campus Place,Crescent Street,Brooklyn,40.684271,-73.872376,42472608
Campus Place,Hemlock Street,Brooklyn,40.684418,-73.8713,42528998
Campus Road,East 21st Street,Brooklyn,40.631186,-73.956365,42507780
Campus Road,East 22nd Street,Brooklyn,40.631434,-73.955472,42507812
Campus Road,East 23rd Street,Brooklyn,40.631747,-73.954596,42507929/42507814
Campus Road,East 26th Street,Brooklyn,40.632251,-73.951767,42471364
Campus Road,East 27th Street,Brooklyn,40.632354,-73.950838,42507835
Campus Road,Hillel Place,Brooklyn,40.632021,-73.948761,42488176
Canal Avenue,Cropsey Avenue,Brooklyn,40.583074,-73.986261,4205909297
Canal Avenue,West 17th Street,Brooklyn,40.583194,-73.985589,42504304
Canal Avenue,West 36th Street,Brooklyn,40.579018,-74.002545,42504312
Canal Avenue,West 37th Street,Brooklyn,40.578901,-74.003606,42501396
Canarsie Lane,Cortelyou Road,Brooklyn,40.645238,-73.932625,7359964661
Canarsie Lane,East 48th Street,Brooklyn,40.645372,-73.931653,2571515621
Canarsie Lane,East 83rd Street,Brooklyn,40.644162,-73.919139,42469934
Canarsie Lane,Ralph Avenue,Brooklyn,40.64433,-73.919907,42493957
Canarsie Lane,Schenectady Avenue,Brooklyn,40.645238,-73.932625,7359964661
Canarsie Road,East 92nd Street,Brooklyn,40.634791,-73.896961,42513298
Canarsie Road,East 93rd Street,Brooklyn,40.632955,-73.894072,42500136
Canarsie Road,East 94th Street,Brooklyn,40.632251,-73.89221,42470145
Canarsie Road,Kaufman Place,Brooklyn,40.633877,-73.895497,42525436
Canarsie Road,Matthews Place,Brooklyn,40.634102,-73.895873,42511725
Canarsie Road,Rost Place,Brooklyn,40.634321,-73.896209,42479673
Canarsie Road,Saint Jude Place,Brooklyn,40.631488,-73.890275,42472242
Canarsie Road,Schenck Place,Brooklyn,40.634481,-73.896467,42490637
Canarsie Road,Schenck Street,Brooklyn,40.630535,-73.888389,42530025
Canarsie Road,Seaview Avenue,Brooklyn,40.632216,-73.892156,42470145/1257569815
Canarsie Road,Seaview Court,Brooklyn,40.630946,-73.889233,42479591
Canarsie Road,Shore Parkway Service Road,Brooklyn,40.630102,-73.88748,661821901
Canarsie Road,Skidmore Avenue,Brooklyn,40.631488,-73.890275,42472242
Canarsie West Connector Greenway,Jamaica Bay Greenway,Brooklyn,40.625385,-73.893274,3123034164
Canarsie West Connector Greenway,Paerdegat Avenue North,Brooklyn,40.626221,-73.900687,2630496623
Canarsie West Connector Greenway,Pond Path,Brooklyn,40.624847,-73.898359,2630496596/2631271444
Canarsie West Connector Greenway,Seaview Avenue,Brooklyn,40.626221,-73.900687,2630496623
Canton Court,Cyrus Avenue,Brooklyn,40.589649,-73.923318,42486867
Canton Court,Lois Avenue,Brooklyn,40.587324,-73.920735,42486862
Canton Court,Seba Avenue,Brooklyn,40.588435,-73.921969,42466593
Carlton Avenue,DeKalb Avenue,Brooklyn,40.689582,-73.972136,42470369
Carlton Avenue,Dean Street,Brooklyn,40.68085,-73.971119,42470385
Carlton Avenue,Flatbush Avenue,Brooklyn,40.677173,-73.972453,42470396
Carlton Avenue,Flushing Avenue,Brooklyn,40.698001,-73.973767,10757548351/42470343
Carlton Avenue,Fulton Street,Brooklyn,40.685023,-73.971234,42464923
Carlton Avenue,Greene Avenue,Brooklyn,40.686064,-73.971433,42470376
Carlton Avenue,Lafayette Avenue,Brooklyn,40.687528,-73.971727,42470373
Carlton Avenue,Myrtle Avenue,Brooklyn,40.693254,-73.973083,42470360/42517036
Carlton Avenue,Pacific Street,Brooklyn,40.681619,-73.970847,42470382
Carlton Avenue,Park Avenue,Brooklyn,40.696029,-73.973459,42470354/42470346/2148166693
Carlton Avenue,Park Place,Brooklyn,40.677457,-73.972348,42470393
Carlton Avenue,Prospect Place,Brooklyn,40.678328,-73.972027,42470391
Carlton Avenue,Saint Marks Avenue,Brooklyn,40.679206,-73.97171,42470389
Carlton Avenue,Willoughby Avenue,Brooklyn,40.69168,-73.972553,42470365
Carroll Street,Clinton Street,Brooklyn,40.681607,-73.998509,42471052
Carroll Street,Columbia Street,Brooklyn,40.683045,-74.003649,42471133
Carroll Street,Court Street,Brooklyn,40.681057,-73.996524,42471056
Carroll Street,Denton Place,Brooklyn,40.676488,-73.984765,42471173
Carroll Street,Fiske Place,Brooklyn,40.672551,-73.97467,42471195
Carroll Street,Ford Street,Brooklyn,40.666021,-73.929461,42471120
Carroll Street,Franklin Avenue,Brooklyn,40.668021,-73.958927,42471079
Carroll Street,Henry Street,Brooklyn,40.682133,-74.000371,42471048
Carroll Street,Hicks Street,Brooklyn,40.682613,-74.002104,42471136/42471046
Carroll Street,Hoyt Street,Brooklyn,40.679379,-73.992684,42471156/42471148
Carroll Street,Kingston Avenue,Brooklyn,40.666727,-73.942444,42467472
Carroll Street,Nevins Street,Brooklyn,40.677834,-73.988254,42471166
Carroll Street,New York Avenue,Brooklyn,40.667031,-73.947984,42471098
Carroll Street,Nostrand Avenue,Brooklyn,40.667181,-73.950752,42471092
Carroll Street,Polhemus Place,Brooklyn,40.672871,-73.975487,42471191
Carroll Street,Prospect Park West,Brooklyn,40.671248,-73.971339,42471201
Carroll Street,Prospect Park West Bike Path,Brooklyn,40.671214,-73.971262,1335094694
Carroll Street,Rochester Avenue,Brooklyn,40.66597,-73.928598,42471122
Carroll Street,Rogers Avenue,Brooklyn,40.667333,-73.953521,42471089
Carroll Street,Schenectady Avenue,Brooklyn,40.666276,-73.934138,42471113
Carroll Street,Smith Street,Brooklyn,40.68037,-73.994771,42471145/42471058
Carroll Street,Troy Avenue,Brooklyn,40.666426,-73.936907,42471111
Carroll Street,Utica Avenue,Brooklyn,40.666126,-73.931381,42471117
Carroll Street,Van Brunt Street,Brooklyn,40.683659,-74.005805,3853853838
Carroll Street,Washington Avenue,Brooklyn,40.668663,-73.961996,42471068
Carroll Street,Whitwell Place,Brooklyn,40.676775,-73.985511,42471170
Cary Court,Coney Island Avenue,Brooklyn,40.623569,-73.964946,42489168
Cary Court,East 12th Street,Brooklyn,40.623678,-73.963945,42526484
Cass Place,Corbin Place,Brooklyn,40.581974,-73.954912,5391529448/42476148
Cass Place,Neptune Avenue,Brooklyn,40.582749,-73.956017,5391529447
Cass Place,Shore Boulevard,Brooklyn,40.58175,-73.953834,42520773
Cass Place,West End Avenue,Brooklyn,40.58175,-73.953834,42520773
Cathedral Place,Flatbush Avenue Extension,Brooklyn,40.696757,-73.984976,4205224101
Cathedral Place,Jay Street,Brooklyn,40.696844,-73.987064,42492524
Catherine Street,Devoe Street,Brooklyn,40.713828,-73.937342,42464415
Catherine Street,Grand Street,Brooklyn,40.712794,-73.937253,42464409
Catherine Street,Metropolitan Avenue,Brooklyn,40.714537,-73.937294,42464419
Catherine Street,Powers Street,Brooklyn,40.713174,-73.937398,42464411
Caton Avenue,Coney Island Avenue,Brooklyn,40.648258,-73.971396,42484744
Caton Avenue,Dahill Road,Brooklyn,40.647187,-73.98134,42484686
Caton Avenue,East 10th Street,Brooklyn,40.648486,-73.970721,42484747
Caton Avenue,East 16th Street,Brooklyn,40.650642,-73.965262,42484762
Caton Avenue,East 17th Street,Brooklyn,40.651005,-73.964355,42484770
Caton Avenue,East 18th Street,Brooklyn,40.651364,-73.963442,42484773
Caton Avenue,East 21st Street,Brooklyn,40.652556,-73.960423,42484786
Caton Avenue,East 2nd Street,Brooklyn,40.647433,-73.97912,42484695
Caton Avenue,East 3rd Street,Brooklyn,40.647534,-73.978191,42484698
Caton Avenue,East 4th Street,Brooklyn,40.647637,-73.977266,42484700
Caton Avenue,East 5th Street,Brooklyn,40.647742,-73.976341,42484702
Caton Avenue,East 7th Street,Brooklyn,40.647612,-73.973507,42484722
Caton Avenue,East 8th Street,Brooklyn,40.647819,-73.97262,3664938569/42484739
Caton Avenue,Flatbush Avenue,Brooklyn,40.652931,-73.95933,42484790
Caton Avenue,Fort Hamilton Parkway,Brooklyn,40.647037,-73.982043,42460854
Caton Avenue,Linden Boulevard,Brooklyn,40.652295,-73.956222,552188616/42484796
Caton Avenue,Marlborough Road,Brooklyn,40.650296,-73.966143,42484759
Caton Avenue,McDonald Avenue,Brooklyn,40.647303,-73.980292,42484689
Caton Avenue,Ocean Avenue,Brooklyn,40.652169,-73.961394,42484782
Caton Avenue,Ocean Parkway,Brooklyn,40.647795,-73.97489,42484705/1942053178/42484719
Caton Avenue,Parade Place,Brooklyn,40.650887,-73.964654,42484766
Caton Avenue,Rugby Road,Brooklyn,40.649948,-73.967028,42484757
Caton Avenue,Saint Pauls Place,Brooklyn,40.651531,-73.963021,42484776
Caton Avenue,Stratford Road,Brooklyn,40.648888,-73.969697,42475818
Caton Avenue,Westminster Road,Brooklyn,40.649246,-73.968802,42484753
Caton Place,Coney Island Avenue,Brooklyn,40.650055,-73.97192,1701116536
Caton Place,East 8th Street,Brooklyn,40.649482,-73.973353,42513586
Caton Place,Ocean Parkway,Brooklyn,40.648873,-73.974888,42508691
Cedar Street,Central Avenue,Brooklyn,40.69831,-73.925564,42486735
Cedar Street,East 16th Street,Brooklyn,40.617419,-73.958976,42522512
Cedar Street,East 17th Street,Brooklyn,40.61768,-73.958045,42519028
Cedar Street,Evergreen Avenue,Brooklyn,40.696671,-73.928229,42499829
Cedar Street,Myrtle Avenue,Brooklyn,40.69801,-73.926033,42517070
Celest Court,Channel Avenue,Brooklyn,40.594281,-73.928807,42474709
Celest Court,Devon Avenue,Brooklyn,40.593323,-73.927741,42525851
Celest Court,Everett Avenue,Brooklyn,40.592364,-73.926673,42535381
Celest Court,Florence Avenue,Brooklyn,40.591411,-73.925612,42501537
Center Drive,Prospect Park Southwest,Brooklyn,40.657464,-73.974076,1691133730
Center Market Street,East 83rd Street,Brooklyn,40.642807,-73.917611,42469581
Center Market Street,East 84th Street,Brooklyn,40.643424,-73.916652,42469583
Center Market Street,East 86th Street,Brooklyn,40.64404,-73.915698,42469587
Center Market Street,East 87th Street,Brooklyn,40.644634,-73.914778,42469590
Central Avenue,Chauncey Street,Brooklyn,40.68704,-73.905738,42486825
Central Avenue,Cooper Street,Brooklyn,40.687895,-73.907234,42486817
Central Avenue,Cornelia Street,Brooklyn,40.691737,-73.914002,42479004
Central Avenue,Covert Street,Brooklyn,40.689171,-73.909494,42486802
Central Avenue,DeKalb Avenue,Brooklyn,40.698165,-73.925274,42486739
Central Avenue,Decatur Street,Brooklyn,40.688318,-73.907989,42486813
Central Avenue,Dell Avenue,Brooklyn,40.653926,-73.989525,757468102
Central Avenue,Eldert Street,Brooklyn,40.689601,-73.910244,42486798
Central Avenue,Flushing Avenue,Brooklyn,40.702849,-73.933523,42486705
Central Avenue,Forrest Street,Brooklyn,40.702431,-73.932792,42486707
Central Avenue,Gates Avenue,Brooklyn,40.693877,-73.917761,42486774
Central Avenue,George Street,Brooklyn,40.701585,-73.931303,42484345
Central Avenue,Greene Avenue,Brooklyn,40.696015,-73.92152,42486754
Central Avenue,Grove Street,Brooklyn,40.694731,-73.919271,42486764
Central Avenue,Halsey Street,Brooklyn,40.690027,-73.910996,42486796
Central Avenue,Hancock Street,Brooklyn,40.690883,-73.9125,42486791
Central Avenue,Harman Street,Brooklyn,40.696443,-73.922271,42471586
Central Avenue,Hart Street,Brooklyn,40.698659,-73.926164,42477894/42477862
Central Avenue,Himrod Street,Brooklyn,40.696871,-73.923025,42486749
Central Avenue,Jefferson Avenue,Brooklyn,40.69131,-73.91325,42486789
Central Avenue,Jefferson Street,Brooklyn,40.700718,-73.929787,42486715
Central Avenue,Landscape Avenue,Brooklyn,40.655879,-73.99568,756246872
Central Avenue,Linden Street,Brooklyn,40.694304,-73.918512,42486769
Central Avenue,Madison Street,Brooklyn,40.692594,-73.915505,42486693
Central Avenue,Melrose Street,Brooklyn,40.701141,-73.930543,42486712
Central Avenue,Menahan Street,Brooklyn,40.695157,-73.920011,42477543
Central Avenue,Moffat Street,Brooklyn,40.687461,-73.906486,42486822
Central Avenue,Noll Street,Brooklyn,40.702002,-73.932044,42479515
Central Avenue,Oakwood Avenue,Brooklyn,40.653464,-73.98868,757488244
Central Avenue,Palmetto Street,Brooklyn,40.693449,-73.917009,42486778
Central Avenue,Pilling Street,Brooklyn,40.6866,-73.904969,42486834
Central Avenue,Pine Avenue,Brooklyn,40.654007,-73.991183,757468094
Central Avenue,Putnam Avenue,Brooklyn,40.692166,-73.914754,42486785
Central Avenue,Schaefer Street,Brooklyn,40.688745,-73.908742,42486806
Central Avenue,Stanhope Street,Brooklyn,40.697299,-73.923776,42486746
Central Avenue,Starr Street,Brooklyn,40.699861,-73.928283,42486718
Central Avenue,Stockholm Street,Brooklyn,40.697731,-73.924535,42486743
Central Avenue,Suydam Street,Brooklyn,40.699087,-73.926916,42486728/42486727
Central Avenue,Sycamore Avenue,Brooklyn,40.653992,-73.992029,757468083
Central Avenue,Troutman Street,Brooklyn,40.70029,-73.929035,42486716
Central Avenue,Weirfield Street,Brooklyn,40.690456,-73.911748,42486793
Central Avenue,Willoughby Avenue,Brooklyn,40.699512,-73.927664,42486722/42486724
Central Avenue,Woodbine Street,Brooklyn,40.693022,-73.916257,42486781
Centre Mall,Henry Street,Brooklyn,40.674976,-74.003803,42471033/10729985950
Centre Mall,Hicks Street,Brooklyn,40.675507,-74.005379,42471028
Centre Street,Clinton Street,Brooklyn,40.674475,-74.001989,42471035/5511361876
Centre Street,Court Street,Brooklyn,40.673914,-73.999977,42497699
Centre Street,Hamilton Avenue,Brooklyn,40.673883,-73.999875,42478290/42478180
Centre Street,Smith Street,Brooklyn,40.673471,-73.998388,42492283
Channel Avenue,Dictum Court,Brooklyn,40.594039,-73.929179,42474707
Channel Avenue,Ebony Court,Brooklyn,40.593802,-73.929543,42474705
Channel Avenue,Gerritsen Avenue,Brooklyn,40.595059,-73.927611,4203227199
Chapel Street,Flatbush Avenue Extension,Brooklyn,40.697212,-73.985194,2406325294
Chapel Street,Jay Street,Brooklyn,40.69728,-73.98704,42497734
Charles Place,Myrtle Avenue,Brooklyn,40.697433,-73.931221,9654474962
Chase Court,East 83rd Street,Brooklyn,40.643139,-73.917985,42469948
Chase Court,Ralph Avenue,Brooklyn,40.642104,-73.919662,42493960
Chauncey Street,Evergreen Avenue,Brooklyn,40.685561,-73.907183,42499856
Chauncey Street,Howard Avenue,Brooklyn,40.681519,-73.91972,42479176
Chauncey Street,Lewis Avenue,Brooklyn,40.679835,-73.934395,42466986
Chauncey Street,Malcolm X Boulevard,Brooklyn,40.680507,-73.928568,42499527
Chauncey Street,Patchen Avenue,Brooklyn,40.680846,-73.925637,42485061
Chauncey Street,Ralph Avenue,Brooklyn,40.681217,-73.922403,42493927
Chauncey Street,Rockaway Avenue,Brooklyn,40.682446,-73.911664,42516672
Chauncey Street,Saratoga Avenue,Brooklyn,40.681834,-73.916977,42476367
Chauncey Street,Stuyvesant Avenue,Brooklyn,40.680169,-73.931504,42473307
Chauncey Street,Thomas S. Boyland Street,Brooklyn,40.68214,-73.914319,42509396
Cheever Place,Degraw Street,Brooklyn,40.685029,-73.999861,42490579
Cheever Place,Kane Street,Brooklyn,40.686943,-73.998935,42490577
Cherry Street,Gardner Avenue,Brooklyn,40.72558,-73.931477,6760897313
Cherry Street,Meeker Avenue,Brooklyn,40.723793,-73.937507,42473313
Cherry Street,Porter Avenue,Brooklyn,40.724051,-73.936068,42505315
Cherry Street,Scott Avenue,Brooklyn,40.725997,-73.929932,4456513140
Cherry Street,Stewart Avenue,Brooklyn,40.724787,-73.932885,42505320
Cherry Street,Vandervoort Avenue,Brooklyn,40.723793,-73.937507,42473313
Cherry Street,Varick Avenue,Brooklyn,40.724408,-73.934468,42505318
Chester Avenue,Church Avenue,Brooklyn,40.641544,-73.982452,42497265
Chester Avenue,Clara Street,Brooklyn,40.643176,-73.983548,42522790
Chester Avenue,Fort Hamilton Parkway,Brooklyn,40.645769,-73.985286,42460867
Chester Avenue,Louisa Street,Brooklyn,40.64254,-73.983119,42495076
Chester Avenue,Minna Street,Brooklyn,40.645084,-73.984829,42490650
Chester Avenue,Tehama Street,Brooklyn,40.643812,-73.983976,42516026
Chester Court,Flatbush Avenue,Brooklyn,40.658403,-73.960461,42491675
Chester Street,Ditmas Avenue,Brooklyn,40.652844,-73.9074,42500896
Chester Street,Dumont Avenue,Brooklyn,40.66395,-73.910244,42500877
Chester Street,East New York Avenue,Brooklyn,40.671687,-73.912218,42500863
Chester Street,Hegeman Avenue,Brooklyn,40.656133,-73.908245,42474546
Chester Street,Linden Boulevard,Brooklyn,40.654431,-73.907815,1942054117
Chester Street,Livonia Avenue,Brooklyn,40.662412,-73.909857,42477766
Chester Street,Lott Avenue,Brooklyn,40.657803,-73.908674,42500887
Chester Street,Newport Street,Brooklyn,40.659339,-73.909066,42500884
Chester Street,Pitkin Avenue,Brooklyn,40.669547,-73.911662,42500866
Chester Street,Riverdale Avenue,Brooklyn,40.660876,-73.909461,42496231
Chester Street,Sutter Avenue,Brooklyn,40.667027,-73.911018,42500870
Chestnut Avenue,Coney Island Avenue,Brooklyn,40.617301,-73.963757,42489181
Chestnut Avenue,East 12th Street,Brooklyn,40.617622,-73.9628,8413815107
Chestnut Avenue,East 14th Street,Brooklyn,40.618206,-73.961022,42506456
Chestnut Avenue,East 15th Street,Brooklyn,40.618501,-73.960131,42487792
Chestnut Avenue,East 17th Street,Brooklyn,40.619105,-73.95831,42506481
Chestnut Street,Dinsmore Place,Brooklyn,40.681485,-73.875044,42488961
Chestnut Street,Etna Street,Brooklyn,40.686192,-73.876214,42488953
Chestnut Street,Fulton Street,Brooklyn,40.682749,-73.875361,42464802
Chestnut Street,Glenmore Avenue,Brooklyn,40.676454,-73.87374,42488976
Chestnut Street,Jamaica Avenue,Brooklyn,40.688085,-73.876686,42475209
Chestnut Street,Liberty Avenue,Brooklyn,40.677699,-73.874035,42488973
Chestnut Street,Pitkin Avenue,Brooklyn,40.675195,-73.873429,42488979
Chestnut Street,Ridgewood Avenue,Brooklyn,40.684639,-73.875831,42478950
Chestnut Street,Sutter Avenue,Brooklyn,40.672659,-73.872808,42488981
Christopher Avenue,East New York Avenue,Brooklyn,40.673978,-73.906954,42509318
Christopher Avenue,Glenmore Avenue,Brooklyn,40.671659,-73.906361,42504636
Christopher Avenue,Hegeman Avenue,Brooklyn,40.656952,-73.902665,42474576
Christopher Avenue,Liberty Avenue,Brooklyn,40.672891,-73.906675,42509320
Christopher Avenue,Linden Boulevard,Brooklyn,40.655928,-73.902381,4618670318
Christopher Avenue,Livonia Avenue,Brooklyn,40.663245,-73.904211,42477777
Christopher Avenue,Lott Avenue,Brooklyn,40.658641,-73.903028,42509305
Christopher Avenue,New Lots Avenue,Brooklyn,40.657539,-73.902748,42509309
Christopher Avenue,Newport Street,Brooklyn,40.660178,-73.903421,42509302
Christopher Avenue,Pitkin Avenue,Brooklyn,40.670384,-73.906031,42509335
Christopher Avenue,Riverdale Avenue,Brooklyn,40.661714,-73.903813,42496258
Christopher Avenue,Sutter Avenue,Brooklyn,40.667849,-73.905384,42509350
Church Avenue,Coney Island Avenue,Brooklyn,40.646378,-73.970841,42489113
Church Avenue,Dahill Road,Brooklyn,40.642385,-73.98042,42497272
Church Avenue,East 10th Street,Brooklyn,40.646598,-73.970323,42497321
Church Avenue,East 16th Street,Brooklyn,40.648721,-73.964903,42497336
Church Avenue,East 17th Street,Brooklyn,40.649085,-73.963984,42497339
Church Avenue,East 18th Street,Brooklyn,40.649441,-73.963075,42492557
Church Avenue,East 19th Street,Brooklyn,40.649785,-73.96219,42465221
Church Avenue,East 21st Street,Brooklyn,40.650209,-73.959976,42497356
Church Avenue,East 2nd Street,Brooklyn,40.643268,-73.978327,42495230
Church Avenue,East 31st Street,Brooklyn,40.650855,-73.948591,42483729
Church Avenue,East 32nd Street,Brooklyn,40.650899,-73.947656,42464442
Church Avenue,East 34th Street,Brooklyn,40.651006,-73.945706,42497383
Church Avenue,East 35th Street,Brooklyn,40.651074,-73.944773,42473675
Church Avenue,East 37th Street,Brooklyn,40.651116,-73.942827,42497392
Church Avenue,East 38th Street,Brooklyn,40.651169,-73.941891,42497398
Church Avenue,East 39th Street,Brooklyn,40.651229,-73.940957,42487273
Church Avenue,East 3rd Street,Brooklyn,40.643636,-73.977453,42497281
Church Avenue,East 40th Street,Brooklyn,40.651276,-73.940025,42460582
Church Avenue,East 42nd Street,Brooklyn,40.651376,-73.938081,42476251
Church Avenue,East 43rd Street,Brooklyn,40.651421,-73.937146,42497411
Church Avenue,East 45th Street,Brooklyn,40.651514,-73.935204,42484486
Church Avenue,East 46th Street,Brooklyn,40.651563,-73.934268,42497420
Church Avenue,East 48th Street,Brooklyn,40.651658,-73.932327,42489558
Church Avenue,East 49th Street,Brooklyn,40.651698,-73.931395,42497432
Church Avenue,East 4th Street,Brooklyn,40.644,-73.976576,42497287
Church Avenue,East 51st Street,Brooklyn,40.651947,-73.929393,42497460
Church Avenue,East 52nd Street,Brooklyn,40.652188,-73.928481,42497464
Church Avenue,East 53rd Street,Brooklyn,40.652329,-73.927516,42473153
Church Avenue,East 54th Street,Brooklyn,40.652401,-73.926544,42497469
Church Avenue,East 55th Street,Brooklyn,40.652454,-73.925613,42497472
Church Avenue,East 56th Street,Brooklyn,40.652507,-73.924643,42467790
Church Avenue,East 57th Street,Brooklyn,40.652544,-73.923665,42497475
Church Avenue,East 59th Street,Brooklyn,40.652498,-73.921786,42473385
Church Avenue,East 5th Street,Brooklyn,40.644379,-73.975699,42497297
Church Avenue,East 7th Street,Brooklyn,40.64545,-73.973097,42485383
Church Avenue,East 8th Street,Brooklyn,40.645933,-73.971915,42497316/42497311
Church Avenue,East 91st Street,Brooklyn,40.653289,-73.919185,42497234
Church Avenue,East 92nd Street,Brooklyn,40.653745,-73.918473,42497237
Church Avenue,East 94th Street,Brooklyn,40.654676,-73.917041,42497249
Church Avenue,East 95th Street,Brooklyn,40.655132,-73.916332,42497251
Church Avenue,East 96th Street,Brooklyn,40.655712,-73.915454,42494095
Church Avenue,East 98th Street,Brooklyn,40.656783,-73.91378,42475608
Church Avenue,Fairview Place,Brooklyn,40.650855,-73.948591,42483729
Church Avenue,Flatbush Avenue,Brooklyn,40.650382,-73.958706,42491704
Church Avenue,Kings Highway,Brooklyn,40.652463,-73.922857,1942053801/42497476/1942053799
Church Avenue,Linden Boulevard,Brooklyn,40.654311,-73.917595,1942053995/1942053943/42497246/1942054127
Church Avenue,Lloyd Street,Brooklyn,40.650716,-73.951378,42497373
Church Avenue,Marlborough Road,Brooklyn,40.648376,-73.965784,42492433
Church Avenue,McDonald Avenue,Brooklyn,40.642796,-73.979442,42497275
Church Avenue,New York Avenue,Brooklyn,40.650948,-73.946674,42496570
Church Avenue,Nostrand Avenue,Brooklyn,40.650807,-73.949571,42481708
Church Avenue,Ocean Avenue,Brooklyn,40.650082,-73.961008,42497353
Church Avenue,Ocean Parkway,Brooklyn,40.644908,-73.974403,42497305/1942053146/42497307/42497303
Church Avenue,Ocean Parkway Bike Path,Brooklyn,40.64483,-73.974587,1942053143
Church Avenue,Old New Utrecht Road,Brooklyn,40.641201,-73.9833,42488096
Church Avenue,Prospect Expressway,Brooklyn,40.644905,-73.974407,42497305/1942053146
Church Avenue,Raleigh Place,Brooklyn,40.650899,-73.947656,42464442
Church Avenue,Ralph Avenue,Brooklyn,40.652411,-73.920759,42493945/42493946
Church Avenue,Remsen Avenue,Brooklyn,40.652789,-73.919962,42468615
Church Avenue,Rockaway Parkway,Brooklyn,40.656214,-73.914659,42497255
Church Avenue,Rogers Avenue,Brooklyn,40.65067,-73.952469,42497366
Church Avenue,Rugby Road,Brooklyn,40.648029,-73.966665,42490015
Church Avenue,Saint Pauls Place,Brooklyn,40.649785,-73.96219,42465221
Church Avenue,Schenectady Avenue,Brooklyn,40.651606,-73.933296,42497425
Church Avenue,Story Street,Brooklyn,40.642054,-73.981237,42497270
Church Avenue,Stratford Road,Brooklyn,40.646991,-73.969307,42475820
Church Avenue,Troy Avenue,Brooklyn,40.651469,-73.936175,42493158
Church Avenue,Utica Avenue,Brooklyn,40.651741,-73.930386,42497456
Church Avenue,Veronica Place,Brooklyn,40.650655,-73.952951,42497362
Church Avenue,Westminster Road,Brooklyn,40.647335,-73.968428,42497326
Church Avenue,Woods Place,Brooklyn,40.65057,-73.9548,42497361
Church Lane,East 83rd Street,Brooklyn,40.634643,-73.908533,42469972
Church Lane,East 87th Street,Brooklyn,40.636662,-73.905766,42491063
Church Lane,East 88th Street,Brooklyn,40.637149,-73.905097,42460209
Church Lane,East 89th Street,Brooklyn,40.637647,-73.904416,42495953
Church Lane,East 91st Street,Brooklyn,40.638708,-73.902953,42495959
Church Lane,East 92nd Street,Brooklyn,40.639136,-73.902338,42495966
Church Lane,Remsen Avenue,Brooklyn,40.638179,-73.903686,7964117723
Clara Street,Dahill Road,Brooklyn,40.644257,-73.980773,42515311
Clarendon Road,Ditmas Avenue,Brooklyn,40.645074,-73.919437,42463222
Clarendon Road,East 22nd Street,Brooklyn,40.642771,-73.956425,42534766
Clarendon Road,East 23rd Street,Brooklyn,40.642827,-73.955494,42508335
Clarendon Road,East 25th Street,Brooklyn,40.642947,-73.953555,42537028
Clarendon Road,East 26th Street,Brooklyn,40.643006,-73.952622,42471327
Clarendon Road,East 28th Street,Brooklyn,40.643127,-73.950665,42502489
Clarendon Road,East 29th Street,Brooklyn,40.643184,-73.949725,4991413635
Clarendon Road,East 31st Street,Brooklyn,40.643305,-73.94779,42483745
Clarendon Road,East 32nd Street,Brooklyn,40.643362,-73.946856,42464457
Clarendon Road,East 34th Street,Brooklyn,40.643484,-73.944901,42500512
Clarendon Road,East 35th Street,Brooklyn,40.643542,-73.943969,42473693
Clarendon Road,East 37th Street,Brooklyn,40.643664,-73.942029,42505799
Clarendon Road,East 38th Street,Brooklyn,40.64372,-73.941092,42513897
Clarendon Road,East 39th Street,Brooklyn,40.643779,-73.940162,2571516523
Clarendon Road,East 40th Street,Brooklyn,40.643838,-73.939226,42460599
Clarendon Road,East 42nd Street,Brooklyn,40.643958,-73.937284,42476219
Clarendon Road,East 43rd Street,Brooklyn,40.644017,-73.936349,42537046
Clarendon Road,East 45th Street,Brooklyn,40.644134,-73.93441,42484498
Clarendon Road,East 46th Street,Brooklyn,40.644192,-73.933478,42536267
Clarendon Road,East 48th Street,Brooklyn,40.644313,-73.931539,42489575
Clarendon Road,East 49th Street,Brooklyn,40.644371,-73.930605,42537057
Clarendon Road,East 51st Street,Brooklyn,40.644494,-73.928594,42503283
Clarendon Road,East 52nd Street,Brooklyn,40.644553,-73.92766,42531108
Clarendon Road,East 53rd Street,Brooklyn,40.644614,-73.926689,42473172
Clarendon Road,East 54th Street,Brooklyn,40.644686,-73.925723,42533882
Clarendon Road,East 56th Street,Brooklyn,40.644804,-73.92382,42467718
Clarendon Road,East 57th Street,Brooklyn,40.644861,-73.92285,42524233
Clarendon Road,East 58th Street,Brooklyn,40.644916,-73.92191,42500423
Clarendon Road,East 59th Street,Brooklyn,40.644971,-73.920984,42473397
Clarendon Road,Flatbush Avenue,Brooklyn,40.642689,-73.957637,42491724
Clarendon Road,Kings Highway,Brooklyn,40.644739,-73.924932,2317413066/2317413067/42514050
Clarendon Road,New York Avenue,Brooklyn,40.643424,-73.945869,42496585
Clarendon Road,Nostrand Avenue,Brooklyn,40.643243,-73.948761,6542861984
Clarendon Road,Ralph Avenue,Brooklyn,40.64503,-73.919976,42463221
Clarendon Road,Rogers Avenue,Brooklyn,40.643066,-73.951652,42526066
Clarendon Road,Schenectady Avenue,Brooklyn,40.644252,-73.932509,42516418
Clarendon Road,Troy Avenue,Brooklyn,40.644075,-73.935383,42493079
Clarendon Road,Utica Avenue,Brooklyn,40.644433,-73.929599,42520980
Clark Street,Columbia Heights,Brooklyn,40.698364,-73.996327,42517594
Clark Street,Henry Street,Brooklyn,40.697459,-73.993018,42517597
Clark Street,Hicks Street,Brooklyn,40.697892,-73.994599,42483468
Clark Street,Monroe Place,Brooklyn,40.697218,-73.992127,42517600
Clark Street,Willow Street,Brooklyn,40.698128,-73.995463,42513270
Clarkson Avenue,East 37th Street,Brooklyn,40.655829,-73.943354,42494675
Clarkson Avenue,East 38th Street,Brooklyn,40.655885,-73.942401,42494679
Clarkson Avenue,East 39th Street,Brooklyn,40.655944,-73.941462,42487270
Clarkson Avenue,East 40th Street,Brooklyn,40.656002,-73.940532,42460574
Clarkson Avenue,East 42nd Street,Brooklyn,40.656123,-73.938593,42476244
Clarkson Avenue,East 43rd Street,Brooklyn,40.656184,-73.937659,42494687
Clarkson Avenue,East 45th Street,Brooklyn,40.656303,-73.935718,42484483
Clarkson Avenue,East 46th Street,Brooklyn,40.656361,-73.934784,42494693
Clarkson Avenue,East 48th Street,Brooklyn,40.656478,-73.932847,42489551
Clarkson Avenue,East 49th Street,Brooklyn,40.656548,-73.931909,42494701
Clarkson Avenue,East 51st Street,Brooklyn,40.656694,-73.9299,42494709
Clarkson Avenue,East 52nd Street,Brooklyn,40.65675,-73.928965,42494712
Clarkson Avenue,East 53rd Street,Brooklyn,40.656812,-73.928,42473147
Clarkson Avenue,East 54th Street,Brooklyn,40.656862,-73.927024,42494716
Clarkson Avenue,East 55th Street,Brooklyn,40.656929,-73.926091,42494719
Clarkson Avenue,East 56th Street,Brooklyn,40.65698,-73.925141,42467777
Clarkson Avenue,East 91st Street,Brooklyn,40.658192,-73.924653,42494627
Clarkson Avenue,East 92nd Street,Brooklyn,40.658645,-73.923926,42494633
Clarkson Avenue,East 93rd Street,Brooklyn,40.659108,-73.923217,42494635
Clarkson Avenue,East 94th Street,Brooklyn,40.659573,-73.922503,42494639
Clarkson Avenue,East 95th Street,Brooklyn,40.660036,-73.921793,42494641
Clarkson Avenue,East 96th Street,Brooklyn,40.660607,-73.920918,42494087
Clarkson Avenue,Flatbush Avenue,Brooklyn,40.654842,-73.959697,42491690
Clarkson Avenue,Kings Highway,Brooklyn,40.661338,-73.91983,2806745703
Clarkson Avenue,New York Avenue,Brooklyn,40.655594,-73.947159,42494669
Clarkson Avenue,Nostrand Avenue,Brooklyn,40.655423,-73.950066,42481693
Clarkson Avenue,Remsen Avenue,Brooklyn,40.657378,-73.925068,42468577/42468579
Clarkson Avenue,Rockaway Parkway,Brooklyn,40.661125,-73.920136,9898516619/42494644
Clarkson Avenue,Rogers Avenue,Brooklyn,40.65525,-73.952959,42494664
Clarkson Avenue,Schenectady Avenue,Brooklyn,40.656423,-73.93381,42494695
Clarkson Avenue,Troy Avenue,Brooklyn,40.656242,-73.936685,42493149
Clarkson Avenue,Utica Avenue,Brooklyn,40.656629,-73.93091,42494706
Clarkson Avenue,Woodruff Avenue,Brooklyn,40.654842,-73.959697,42491690
Classon Avenue,Clifton Place,Brooklyn,40.688148,-73.959859,42501882
Classon Avenue,DeKalb Avenue,Brooklyn,40.690346,-73.960293,42501872
Classon Avenue,Dean Street,Brooklyn,40.678282,-73.958845,42501895
Classon Avenue,Eastern Parkway,Brooklyn,40.671377,-73.961332,42474797
Classon Avenue,Eastern Parkway Service Road,Brooklyn,40.67137,-73.961334,541999488/1259822820
Classon Avenue,Eastern Parkway South Mall,Brooklyn,40.671246,-73.96138,438015785
Classon Avenue,Emerson Place,Brooklyn,40.696332,-73.96161,588191843
Classon Avenue,Flushing Avenue,Brooklyn,40.698192,-73.961911,42461438
Classon Avenue,Fulton Street,Brooklyn,40.681743,-73.958586,42464955
Classon Avenue,Gates Avenue,Brooklyn,40.685217,-73.959276,42501886
Classon Avenue,Greene Avenue,Brooklyn,40.687413,-73.959713,42501245
Classon Avenue,Kent Avenue,Brooklyn,40.699485,-73.961032,42469391
Classon Avenue,Lafayette Avenue,Brooklyn,40.688878,-73.960016,42501880
Classon Avenue,Lefferts Place,Brooklyn,40.680798,-73.958396,42501891
Classon Avenue,Lexington Avenue,Brooklyn,40.686683,-73.959568,42501884
Classon Avenue,Lincoln Place,Brooklyn,40.672244,-73.961029,42501914
Classon Avenue,Madison Street,Brooklyn,40.68375,-73.958983,42486638
Classon Avenue,Monroe Street,Brooklyn,40.684487,-73.959132,42495183
Classon Avenue,Myrtle Avenue,Brooklyn,40.694011,-73.961093,42501868
Classon Avenue,Pacific Street,Brooklyn,40.679049,-73.958572,42501894
Classon Avenue,Park Avenue,Brooklyn,40.696207,-73.961586,42471829
Classon Avenue,Park Place,Brooklyn,40.674878,-73.960074,42501905
Classon Avenue,President Street,Brooklyn,40.669631,-73.961951,4682629683/42501917
Classon Avenue,Prospect Place,Brooklyn,40.675756,-73.959758,42473606
Classon Avenue,Putnam Avenue,Brooklyn,40.683025,-73.958841,42489027
Classon Avenue,Quincy Street,Brooklyn,40.685947,-73.959422,42498825
Classon Avenue,Rutledge Street,Brooklyn,40.699485,-73.961032,42469391
Classon Avenue,Saint Johns Place,Brooklyn,40.673122,-73.960709,42501909
Classon Avenue,Saint Marks Avenue,Brooklyn,40.676633,-73.959433,42501900
Classon Avenue,Sterling Place,Brooklyn,40.673999,-73.960393,42474971
Classon Avenue,Union Street,Brooklyn,40.670483,-73.961657,42486222
Classon Avenue,Wallabout Street,Brooklyn,40.698998,-73.961601,42492038
Classon Avenue,Washington Avenue,Brooklyn,40.669341,-73.962127,4682629684
Classon Avenue,Willoughby Avenue,Brooklyn,40.692424,-73.960738,42492314
Claver Place,Fulton Street,Brooklyn,40.681483,-73.957351,42464958
Claver Place,Jefferson Avenue,Brooklyn,40.682421,-73.957534,42516172
Claver Place,Putnam Avenue,Brooklyn,40.683158,-73.957683,42489032
Clay Street,Commercial Street,Brooklyn,40.736284,-73.95852,42509159
Clay Street,Manhattan Avenue,Brooklyn,40.736586,-73.955308,42509161
Clay Street,McGuinness Boulevard,Brooklyn,40.736816,-73.952863,42509176/42509165
Clay Street,Paidge Avenue,Brooklyn,40.737046,-73.95123,42469148
Clear Water Road,Harbor Drive,Brooklyn,40.61029,-73.915691,42516345
Clermont Avenue,DeKalb Avenue,Brooklyn,40.689506,-73.970131,42467029
Clermont Avenue,Flushing Avenue,Brooklyn,40.697921,-73.971811,42467016/9228719018
Clermont Avenue,Fulton Street,Brooklyn,40.684153,-73.969063,42464929
Clermont Avenue,Greene Avenue,Brooklyn,40.686288,-73.96949,42467033
Clermont Avenue,Lafayette Avenue,Brooklyn,40.687752,-73.969783,42467030
Clermont Avenue,Myrtle Avenue,Brooklyn,40.693172,-73.970859,42467024
Clermont Avenue,Park Avenue,Brooklyn,40.695998,-73.971429,42467018/42467023
Clermont Avenue,Willoughby Avenue,Brooklyn,40.691602,-73.970549,42467026
Cleveland Street,Cozine Avenue,Brooklyn,40.658714,-73.876708,42486477
Cleveland Street,Dumont Avenue,Brooklyn,40.668026,-73.882782,42525086
Cleveland Street,Fulton Street,Brooklyn,40.679657,-73.885555,42464776
Cleveland Street,Glenmore Avenue,Brooklyn,40.674889,-73.884537,42504683
Cleveland Street,Hegeman Avenue,Brooklyn,40.664504,-73.881036,42474484
Cleveland Street,Jamaica Avenue,Brooklyn,40.683349,-73.886505,42475173
Cleveland Street,Liberty Avenue,Brooklyn,40.676129,-73.884854,42536666
Cleveland Street,Linden Boulevard,Brooklyn,40.663138,-73.880021,1942054955/1942054951
Cleveland Street,Livonia Avenue,Brooklyn,40.666469,-73.882507,42477854
Cleveland Street,New Lots Avenue,Brooklyn,40.666494,-73.882447,1942055148/42477854
Cleveland Street,Pitkin Avenue,Brooklyn,40.673621,-73.884214,42511590
Cleveland Street,Ridgewood Avenue,Brooklyn,40.682589,-73.886303,42478918
Cleveland Street,Stanley Avenue,Brooklyn,40.661535,-73.878834,42530402
Cleveland Street,Sutter Avenue,Brooklyn,40.6711,-73.883566,42515111
Cleveland Street,Wortman Avenue,Brooklyn,40.660052,-73.877733,42523609
Clifford Place,Dobbin Street,Brooklyn,40.726268,-73.955222,42499059
Clifford Place,Meserole Avenue,Brooklyn,40.726268,-73.955222,42499059
Clifton Place,Franklin Avenue,Brooklyn,40.688466,-73.957119,42524140
Clifton Place,Grand Avenue,Brooklyn,40.687819,-73.962694,42499378
Clifton Place,Marcy Avenue,Brooklyn,40.689511,-73.948039,42482256
Clifton Place,Nostrand Avenue,Brooklyn,40.689133,-73.951319,42481562
Clifton Place,Saint James Place,Brooklyn,40.687601,-73.964613,42479654
Clinton Avenue,DeKalb Avenue,Brooklyn,40.689453,-73.968078,5482177472
Clinton Avenue,Flushing Avenue,Brooklyn,40.697838,-73.969727,42500041/6935546573
Clinton Avenue,Fulton Street,Brooklyn,40.68348,-73.966891,42464934
Clinton Avenue,Gates Avenue,Brooklyn,40.684319,-73.967056,42500051
Clinton Avenue,Greene Avenue,Brooklyn,40.686518,-73.967493,42500050
Clinton Avenue,Lafayette Avenue,Brooklyn,40.687984,-73.967788,42500049
Clinton Avenue,Myrtle Avenue,Brooklyn,40.693114,-73.968809,42500046
Clinton Avenue,Park Avenue,Brooklyn,40.695924,-73.969375,42471785/42471726
Clinton Avenue,Paulding Street,Brooklyn,40.69913,-73.969708,42500039
Clinton Avenue,Willoughby Avenue,Brooklyn,40.691545,-73.968493,42492303
Clinton Street,Congress Street,Brooklyn,40.688239,-73.995321,42482017
Clinton Street,Degraw Street,Brooklyn,40.684297,-73.997214,42502684
Clinton Street,Halleck Street,Brooklyn,40.670616,-74.003832,3590372110
Clinton Street,Hamilton Avenue,Brooklyn,40.676091,-74.001119,42478281/42478170/598227919
Clinton Street,Joralemon Street,Brooklyn,40.692848,-73.993092,42502648
Clinton Street,Kane Street,Brooklyn,40.686093,-73.996345,42502679
Clinton Street,Livingston Street,Brooklyn,40.692153,-73.993433,42502649
Clinton Street,Lorraine Street,Brooklyn,40.673194,-74.002614,42502727
Clinton Street,Luquer Street,Brooklyn,40.677684,-74.0004,42502709
Clinton Street,Mill Street,Brooklyn,40.675123,-74.001666,5511361875/42476751
Clinton Street,Montague Street,Brooklyn,40.694276,-73.992413,42485643
Clinton Street,Nelson Street,Brooklyn,40.677039,-74.000711,42502712
Clinton Street,Pacific Street,Brooklyn,40.689581,-73.994674,42502656
Clinton Street,Pierrepont Street,Brooklyn,40.694945,-73.992097,42476728
Clinton Street,President Street,Brooklyn,40.682276,-73.998185,42502693
Clinton Street,Remsen Street,Brooklyn,40.693604,-73.992736,42502645
Clinton Street,Sackett Street,Brooklyn,40.683624,-73.997532,42478111
Clinton Street,Schermerhorn Street,Brooklyn,40.691519,-73.993727,42502651
Clinton Street,State Street,Brooklyn,40.690895,-73.994038,42502653
Clinton Street,Tillary Street,Brooklyn,40.696198,-73.991219,9907586242
Clinton Street,Union Street,Brooklyn,40.682958,-73.997855,42486334
Clinton Street,Verandah Place,Brooklyn,40.687882,-73.995491,42498630
Clinton Street,Warren Street,Brooklyn,40.687392,-73.995723,42484037
Clinton Wharf,Commercial Wharf,Brooklyn,40.679891,-74.012415,6024716073
Clove Road,Empire Boulevard,Brooklyn,40.664003,-73.949431,42478516
Clove Road,Malbone Street,Brooklyn,40.664472,-73.949564,42478513
Clove Road,Montgomery Street,Brooklyn,40.665369,-73.950476,42478511
Clymer Street,Division Avenue,Brooklyn,40.707625,-73.962159,42477986
Clymer Street,Juliana Place,Brooklyn,40.705628,-73.965086,42469118
Clymer Street,Kent Avenue,Brooklyn,40.704265,-73.967161,42469437
Clymer Street,Washington Avenue,Brooklyn,40.704265,-73.967161,42469437
Clymer Street,Wythe Avenue,Brooklyn,40.704838,-73.966317,42506366
Cobeck Court,Shell Road,Brooklyn,40.587218,-73.974233,9052439060
Cobeck Court,West 3rd Street,Brooklyn,40.587399,-73.972474,42466720
Coffey Street,Conover Street,Brooklyn,40.677098,-74.015401,42471910
Coffey Street,Dwight Street,Brooklyn,40.674223,-74.011181,42471894
Coffey Street,Ferris Street,Brooklyn,40.678126,-74.016907,42471914
Coffey Street,Otsego Street,Brooklyn,40.673651,-74.010337,42471890
Coffey Street,Richards Street,Brooklyn,40.675247,-74.012687,42471902
Coffey Street,Van Brunt Street,Brooklyn,40.676264,-74.014179,42471906
Colby Court,Shore Parkway,Brooklyn,40.58343,-73.973085,42480207
Coleman Street,Fillmore Avenue,Brooklyn,40.613706,-73.929567,42479084
Coleman Street,Flatlands Avenue,Brooklyn,40.620253,-73.936867,42479416
Coleman Street,Quentin Road,Brooklyn,40.61697,-73.933205,42470884
Coleman Street,Ryder Street,Brooklyn,40.620253,-73.936867,42479416
Coleridge Street,Hampton Avenue,Brooklyn,40.579577,-73.950537,42490988
Coleridge Street,Oriental Boulevard,Brooklyn,40.57719,-73.950093,1167644163/42464374
Coleridge Street,Shore Boulevard,Brooklyn,40.581995,-73.950986,42486947
Coles Street,Columbia Street,Brooklyn,40.679762,-74.005222,42467403
Coles Street,Hamilton Avenue,Brooklyn,40.679548,-74.004419,42467405
Coles Street,Henry Street,Brooklyn,40.678849,-74.001948,598227892
Coles Street,Seabring Street,Brooklyn,40.679762,-74.005222,42467403
Colin Place,East 2nd Street,Brooklyn,40.602808,-73.97066,42490194
Colin Place,McDonald Avenue,Brooklyn,40.602617,-73.972453,42490192
College Place,Love Lane,Brooklyn,40.696123,-73.994553,42534052
Colonial Court,Harbor View Terrace,Brooklyn,40.629663,-74.038352,42467215
Colonial Court,Westerly Lane,Brooklyn,40.629918,-74.039392,42537333
Colonial Road,MacKay Place,Brooklyn,40.635993,-74.031826,42475920
Colonial Road,Marine Avenue,Brooklyn,40.620581,-74.038058,42482679
Colonial Road,Senator Street,Brooklyn,40.638967,-74.030624,42515868
Colonial Road,Shore Road,Brooklyn,40.640797,-74.029201,42470492
Colonial Road,Wakeman Place,Brooklyn,40.640797,-74.029201,42470492
Columbia Heights,Cranberry Street,Brooklyn,40.700317,-73.995383,42535270
Columbia Heights,Doughty Street,Brooklyn,40.702293,-73.994462,42499339
Columbia Heights,Everit Street,Brooklyn,40.702293,-73.994462,42499339
Columbia Heights,Orange Street,Brooklyn,40.69966,-73.995695,42517908
Columbia Heights,Pierrepont Street,Brooklyn,40.696413,-73.997233,42476706
Columbia Heights,Pineapple Street,Brooklyn,40.69901,-73.996012,42528611
Columbia Heights,Vine Street,Brooklyn,40.701953,-73.994612,42486077
Columbia Place,Joralemon Street,Brooklyn,40.693734,-73.998313,42500778
Columbia Place,State Street,Brooklyn,40.692321,-73.998991,10735993845
Columbia Street,Commerce Street,Brooklyn,40.679099,-74.005551,42526753
Columbia Street,Congress Street,Brooklyn,40.689664,-74.000443,42481993
Columbia Street,Creamer Street,Brooklyn,40.673966,-74.00803,42471671
Columbia Street,Degraw Street,Brooklyn,40.685747,-74.002358,42528857
Columbia Street,Dwight Street,Brooklyn,40.678909,-74.005645,42488696
Columbia Street,Halleck Street,Brooklyn,40.671758,-74.009237,42480560
Columbia Street,Hamilton Avenue,Brooklyn,40.680734,-74.00477,42478146/42478228
Columbia Street,Huntington Street,Brooklyn,40.677831,-74.006165,42516550
Columbia Street,IKEA Greenway,Brooklyn,40.6698,-74.0094,2357317059
Columbia Street,Kane Street,Brooklyn,40.687759,-74.00139,42514162
Columbia Street,Lorraine Street,Brooklyn,40.674634,-74.007711,42521815
Columbia Street,Luquer Street,Brooklyn,40.679099,-74.005551,42526753
Columbia Street,Nelson Street,Brooklyn,40.678464,-74.005861,42528763
Columbia Street,President Street,Brooklyn,40.683718,-74.003326,42515023
Columbia Street,Sackett Street,Brooklyn,40.685069,-74.002679,42478096
Columbia Street,Seabring Street,Brooklyn,40.679762,-74.005222,42467403
Columbia Street,Sedgwick Street,Brooklyn,40.686401,-74.002041,4205243165
Columbia Street,Sigourney Street,Brooklyn,40.672666,-74.008631,42537752
Columbia Street,Summit Street,Brooklyn,40.682375,-74.003971,42488516
Columbia Street,Union Street,Brooklyn,40.684398,-74.002997,42486316
Columbia Street,Verona Street,Brooklyn,40.677599,-74.006293,42516182
Columbia Street,Warren Street,Brooklyn,40.689072,-74.000756,42484045
Columbia Street,West 9th Street,Brooklyn,40.677194,-74.006491,42488394
Columbia Street,Woodhull Street,Brooklyn,40.681708,-74.004292,42528617
Columbia Street Greenway,Congress Street,Brooklyn,40.689683,-74.000555,2523625219/12179450143
Columbia Street Greenway,Degraw Street,Brooklyn,40.685924,-74.002419,435889403
Columbia Street Greenway,Kane Street,Brooklyn,40.687792,-74.001498,4562072464
Columbia Street Greenway,Sedgwick Street,Brooklyn,40.686433,-74.002158,5853910577
Columbia Street Greenway,Warren Street,Brooklyn,40.689105,-74.00086,435889387
Columbus Place,Herkimer Street,Brooklyn,40.678171,-73.9227,42495734
Commerce Street,Imlay Street,Brooklyn,40.681502,-74.009193,42464580
Commerce Street,Luquer Street,Brooklyn,40.679099,-74.005551,42526753
Commerce Street,Richards Street,Brooklyn,40.680042,-74.007061,42504435
Commerce Street,Van Brunt Street,Brooklyn,40.681058,-74.008553,42526757
Commercial Street,Dupont Street,Brooklyn,40.735547,-73.95988,9997952317
Commercial Street,Franklin Street,Brooklyn,40.736221,-73.958635,42520831
Commercial Street,Manhattan Avenue,Brooklyn,40.737892,-73.955559,2473602889
Commercial Street,West Street,Brooklyn,40.735399,-73.960151,9478443379
Concord Street,Duffield Street,Brooklyn,40.697581,-73.984047,42482564
Concord Street,Flatbush Avenue Extension,Brooklyn,40.697629,-73.985297,541467370/42482557
Concord Street,Gold Street,Brooklyn,40.697537,-73.983097,42482569
Concord Street,Jay Street,Brooklyn,40.697682,-73.987022,42482552
Concord Street,Manhattan Bridge,Brooklyn,40.697629,-73.985297,541467370/42482557
Concord Street,Manhattan Bridge lower level,Brooklyn,40.697625,-73.985202,42482557
Concord Street,Navy Street,Brooklyn,40.697441,-73.980517,42481037
Concord Street,Prince Street,Brooklyn,40.697506,-73.982267,559865298
Conduit Boulevard,Crescent Street,Brooklyn,40.677658,-73.870582,598629578
Conduit Boulevard,Eldert Lane,Brooklyn,40.675688,-73.864344,598633359
Conduit Boulevard,Euclid Avenue,Brooklyn,40.678294,-73.872881,42488218
Conduit Boulevard,Forbell Street,Brooklyn,40.675353,-73.863326,598633350
Conduit Boulevard,Glenmore Avenue,Brooklyn,40.677172,-73.868863,598629574
Conduit Boulevard,Grant Avenue,Brooklyn,40.676041,-73.865414,4486120077
Conduit Boulevard,Hemlock Street,Brooklyn,40.677405,-73.869578,598629607
Conduit Boulevard,Liberty Avenue,Brooklyn,40.677977,-73.872092,598629663
Conduit Boulevard,Lincoln Avenue,Brooklyn,40.676716,-73.867473,598629587
Conduit Boulevard,Pitkin Avenue,Brooklyn,40.676252,-73.866105,598629655
Conduit Boulevard,Sheridan Avenue,Brooklyn,40.676392,-73.866505,42482726
Coney Island Avenue,Cortelyou Road,Brooklyn,40.639136,-73.968753,42479966/42479678
Coney Island Avenue,Crawford Avenue,Brooklyn,40.592326,-73.960745,42467372
Coney Island Avenue,Desmond Court,Brooklyn,40.590863,-73.960624,42489260
Coney Island Avenue,Dorchester Road,Brooklyn,40.637297,-73.968227,42472032
Coney Island Avenue,Dunne Court,Brooklyn,40.590182,-73.960575,42488993
Coney Island Avenue,Elm Avenue,Brooklyn,40.61663,-73.96363,42489183
Coney Island Avenue,Foster Avenue,Brooklyn,40.632299,-73.96678,42489151
Coney Island Avenue,Friel Place,Brooklyn,40.64762,-73.971211,42489110
Coney Island Avenue,Gerald Court,Brooklyn,40.588724,-73.960461,42489267
Coney Island Avenue,Glenwood Road,Brooklyn,40.631922,-73.966677,42489155/3514063839
Coney Island Avenue,Gravesend Neck Road,Brooklyn,40.594369,-73.960889,42489250
Coney Island Avenue,Guider Avenue,Brooklyn,40.583311,-73.960061,7967509057/455447250/42489302
Coney Island Avenue,Hinckley Place,Brooklyn,40.644538,-73.970318,42467231
Coney Island Avenue,Homecrest Court,Brooklyn,40.601703,-73.961451,42489233
Coney Island Avenue,Hutchinson Court,Brooklyn,40.602284,-73.961495,42489230
Coney Island Avenue,Kathleen Place,Brooklyn,40.588034,-73.960408,42489272
Coney Island Avenue,Kermit Place,Brooklyn,40.648823,-73.971559,42489107
Coney Island Avenue,Kings Highway,Brooklyn,40.607348,-73.961899,42489214
Coney Island Avenue,Lancaster Avenue,Brooklyn,40.593015,-73.960798,42489257
Coney Island Avenue,Lewis Place,Brooklyn,40.643031,-73.969885,42489122
Coney Island Avenue,Locust Avenue,Brooklyn,40.618,-73.963889,42489174
Coney Island Avenue,Manor Court,Brooklyn,40.586504,-73.960321,42489278
Coney Island Avenue,Matthews Court,Brooklyn,40.642356,-73.969686,42489125
Coney Island Avenue,Montauk Court,Brooklyn,40.585791,-73.9605,455362207
Coney Island Avenue,Neptune Avenue,Brooklyn,40.581959,-73.959943,42489307
Coney Island Avenue,Newkirk Avenue,Brooklyn,40.633708,-73.967187,42485788
Coney Island Avenue,Oceana Drive West,Brooklyn,40.5766,-73.95954,42475079
Coney Island Avenue,Oceanview Avenue,Brooklyn,40.580091,-73.959801,42489321
Coney Island Avenue,Park Circle,Brooklyn,40.650607,-73.97206,1942053360/1942053362/824069029/1285521535
Coney Island Avenue,Parkville Avenue,Brooklyn,40.633152,-73.967028,42489148
Coney Island Avenue,Quentin Road,Brooklyn,40.607858,-73.961971,42470999
Coney Island Avenue,Roder Avenue,Brooklyn,40.616226,-73.963554,42489186
Coney Island Avenue,Shore Parkway,Brooklyn,40.584861,-73.960186,598784288/598784293/2338850502
Coney Island Avenue,Slocum Place,Brooklyn,40.64169,-73.969484,42489127
Coney Island Avenue,Turner Place,Brooklyn,40.645317,-73.970546,42489115
Coney Island Avenue,Webster Avenue,Brooklyn,40.63447,-73.967406,42486061
Coney Island's Steeplechase Pier,Riegelmann Boardwalk,Brooklyn,40.572685,-73.984013,2385856612
Congress Street,Court Street,Brooklyn,40.687678,-73.993333,42482020
Congress Street,Henry Street,Brooklyn,40.688764,-73.997197,42482014
Congress Street,Hicks Street,Brooklyn,40.689237,-73.998926,42482000/42482011
Conklin Avenue,Durland Place,Brooklyn,40.641407,-73.905861,42518881
Conklin Avenue,East 100th Street,Brooklyn,40.645803,-73.899046,42494873
Conklin Avenue,East 92nd Street,Brooklyn,40.641731,-73.905352,42513320
Conklin Avenue,East 93rd Street,Brooklyn,40.642292,-73.904485,42500105
Conklin Avenue,East 94th Street,Brooklyn,40.642752,-73.90377,42537708
Conklin Avenue,East 95th Street,Brooklyn,40.643215,-73.903056,42520026
Conklin Avenue,East 96th Street,Brooklyn,40.643782,-73.902175,42494164
Conklin Avenue,East 98th Street,Brooklyn,40.644867,-73.900498,42475653
Conklin Avenue,East 99th Street,Brooklyn,40.645347,-73.899763,42529033
Conklin Avenue,Remsen Avenue,Brooklyn,40.640873,-73.906687,42468659
Conklin Avenue,Rockaway Parkway,Brooklyn,40.644297,-73.90138,42512629
Conover Street,Dikeman Street,Brooklyn,40.67763,-74.014777,42487873
Conover Street,King Street,Brooklyn,40.679223,-74.012898,42524122
Conover Street,Pioneer Street,Brooklyn,40.679723,-74.012296,6467207017
Conover Street,Pioneer Street Cycleway,Brooklyn,40.679723,-74.012296,6467207017
Conover Street,Reed Street,Brooklyn,40.675511,-74.017248,42513246
Conover Street,Sullivan Street,Brooklyn,40.678694,-74.013527,42502881
Conover Street,Van Dyke Street,Brooklyn,40.676563,-74.016028,42530043
Conover Street,Wolcott Street,Brooklyn,40.678165,-74.014149,42518704
Conselyea Street,Graham Avenue,Brooklyn,40.715228,-73.944499,42467880
Conselyea Street,Humboldt Street,Brooklyn,40.715388,-73.942818,7722378713
Conselyea Street,Leonard Street,Brooklyn,40.714914,-73.947833,42491188
Conselyea Street,Lorimer Street,Brooklyn,40.714755,-73.949482,42518609
Conselyea Street,Manhattan Avenue,Brooklyn,40.715067,-73.946186,42518614
Conselyea Street,Maspeth Avenue,Brooklyn,40.715535,-73.941153,42489470
Conselyea Street,Union Avenue,Brooklyn,40.71454,-73.95168,42518608
Conselyea Street,Woodpoint Road,Brooklyn,40.715451,-73.942158,42491531
Conway Street,Truxton Street,Brooklyn,40.67878,-73.904467,42468788
Cook Street,Evergreen Avenue,Brooklyn,40.703305,-73.93423,42499796
Cook Street,Graham Avenue,Brooklyn,40.702346,-73.942386,42467807
Cook Street,Manhattan Avenue,Brooklyn,40.702193,-73.944065,42529854
Cook Street,White Street,Brooklyn,40.703241,-73.934561,42529847
Cooke Court,Eastern Parkway,Brooklyn,40.681249,-73.904208,42474940
Cooke Court,Stewart Street,Brooklyn,40.680589,-73.903893,42476188
Cooper Street,Evergreen Avenue,Brooklyn,40.686417,-73.908688,42499854
Cooper Street,Knickerbocker Avenue,Brooklyn,40.690836,-73.904342,42531407
Cooper Street,Rockaway Avenue,Brooklyn,40.68351,-73.911525,42505576
Cooper Street,Wilson Avenue,Brooklyn,40.689365,-73.905793,42496795
Corbin Court,Foster Avenue,Brooklyn,40.632544,-73.966271,42479483
Corbin Court,Glenwood Road,Brooklyn,40.632017,-73.966169,3514057277
Corbin Place,Oceanview Avenue,Brooklyn,40.579209,-73.954347,42476153
Corbin Place,Oriental Boulevard,Brooklyn,40.576791,-73.953704,7968758136/5029814563
Coreopsis Path,Woodside Path,Brooklyn,40.651722,-73.993275,6791696736/6791696744
Cornelia Street,Evergreen Avenue,Brooklyn,40.690264,-73.91545,42479002
Cornelia Street,Irving Avenue,Brooklyn,40.696266,-73.909556,42479011
Cornelia Street,Knickerbocker Avenue,Brooklyn,40.694687,-73.911107,42479008
Cornelia Street,Wilson Avenue,Brooklyn,40.693212,-73.912554,42479006
Corso Court,Van Sicklen Street,Brooklyn,40.594808,-73.975313,42525254
Cortelyou Road,Dahill Road,Brooklyn,40.637829,-73.979554,42479918
Cortelyou Road,East 16th Street,Brooklyn,40.641606,-73.96356,42479696
Cortelyou Road,East 17th Street,Brooklyn,40.642013,-73.962654,42479700
Cortelyou Road,East 18th Street,Brooklyn,40.642418,-73.961755,42479707
Cortelyou Road,East 19th Street,Brooklyn,40.642822,-73.960857,42465102
Cortelyou Road,East 21st Street,Brooklyn,40.643769,-73.958753,42479714
Cortelyou Road,East 22nd Street,Brooklyn,40.644089,-73.956568,42479725
Cortelyou Road,East 23rd Street,Brooklyn,40.644146,-73.955637,42479735
Cortelyou Road,East 25th Street,Brooklyn,40.644228,-73.953693,42479748
Cortelyou Road,East 26th Street,Brooklyn,40.64427,-73.952753,42471324
Cortelyou Road,East 28th Street,Brooklyn,40.644342,-73.950795,42479840
Cortelyou Road,East 29th Street,Brooklyn,40.644389,-73.949859,42476963
Cortelyou Road,East 2nd Street,Brooklyn,40.638065,-73.977343,42479927
Cortelyou Road,East 31st Street,Brooklyn,40.644462,-73.947912,42479846
Cortelyou Road,East 32nd Street,Brooklyn,40.644496,-73.946977,42464454
Cortelyou Road,East 34th Street,Brooklyn,40.644568,-73.945016,42479854
Cortelyou Road,East 35th Street,Brooklyn,40.644594,-73.944079,42473689
Cortelyou Road,East 37th Street,Brooklyn,40.644682,-73.942144,7359964628
Cortelyou Road,East 38th Street,Brooklyn,40.644732,-73.941199,42479866
Cortelyou Road,East 39th Street,Brooklyn,40.644773,-73.940268,7359964632
Cortelyou Road,East 3rd Street,Brooklyn,40.638168,-73.976415,42479930
Cortelyou Road,East 40th Street,Brooklyn,40.644815,-73.939329,42460598
Cortelyou Road,East 42nd Street,Brooklyn,40.644905,-73.937383,7359964638
Cortelyou Road,East 43rd Street,Brooklyn,40.644946,-73.936456,7359964644
Cortelyou Road,East 45th Street,Brooklyn,40.645032,-73.934513,7359964648
Cortelyou Road,East 46th Street,Brooklyn,40.645087,-73.933576,7359964655
Cortelyou Road,East 4th Street,Brooklyn,40.63827,-73.975489,2548096493
Cortelyou Road,East 5th Street,Brooklyn,40.638373,-73.974562,42479938
Cortelyou Road,East 7th Street,Brooklyn,40.638674,-73.971813,42479953
Cortelyou Road,East 8th Street,Brooklyn,40.638795,-73.97074,42479956
Cortelyou Road,East 9th Street,Brooklyn,40.638895,-73.969811,42479961
Cortelyou Road,Flatbush Avenue,Brooklyn,40.644053,-73.957902,2566334944
Cortelyou Road,Lott Street,Brooklyn,40.644225,-73.953959,42479745
Cortelyou Road,Marlborough Road,Brooklyn,40.641214,-73.96443,42479690
Cortelyou Road,McDonald Avenue,Brooklyn,40.637932,-73.978631,42479921/3502364222
Cortelyou Road,New York Avenue,Brooklyn,40.644534,-73.945988,42479852
Cortelyou Road,Nostrand Avenue,Brooklyn,40.644427,-73.948888,42479843
Cortelyou Road,Ocean Avenue,Brooklyn,40.643333,-73.959722,42479713
Cortelyou Road,Ocean Parkway,Brooklyn,40.638526,-73.973186,42479945/42479950/42479942
Cortelyou Road,Ocean Parkway Bike Path,Brooklyn,40.638509,-73.973356,454381206
Cortelyou Road,Rogers Avenue,Brooklyn,40.644305,-73.951785,42479761
Cortelyou Road,Rugby Road,Brooklyn,40.640821,-73.965307,42479685
Cortelyou Road,Schenectady Avenue,Brooklyn,40.645238,-73.932625,7359964661
Cortelyou Road,Stratford Road,Brooklyn,40.639645,-73.967916,42475843
Cortelyou Road,Troy Avenue,Brooklyn,40.64499,-73.935482,7359964646
Cortelyou Road,Veronica Place,Brooklyn,40.644281,-73.952513,42479756
Cortelyou Road,Westminster Road,Brooklyn,40.640036,-73.967047,42479680
Corvus Avenue,Highland Avenue,Brooklyn,40.655118,-73.992886,757468338
Corvus Avenue,Sycamore Avenue,Brooklyn,40.654973,-73.993841,757468379
Court Street,Creamer Street,Brooklyn,40.671973,-74.000895,42471657
Court Street,Dean Street,Brooklyn,40.688514,-73.992931,42497612
Court Street,Degraw Street,Brooklyn,40.683742,-73.995235,42497662
Court Street,Douglass Street,Brooklyn,40.68443,-73.994902,42479021
Court Street,Garnet Street,Brooklyn,40.674553,-73.999653,42497691
Court Street,Halleck Street,Brooklyn,40.670037,-74.00183,42480552
Court Street,Hamilton Avenue,Brooklyn,40.673985,-73.999943,42478289/42478183
Court Street,Huntington Street,Brooklyn,40.675842,-73.999033,42497685
Court Street,Joralemon Street,Brooklyn,40.692533,-73.991,42497588
Court Street,Kane Street,Brooklyn,40.685453,-73.994409,42497656
Court Street,Livingston Street,Brooklyn,40.691597,-73.991448,42497591
Court Street,Lorraine Street,Brooklyn,40.672629,-74.000593,42497707
Court Street,Luquer Street,Brooklyn,40.677131,-73.998413,42497681
Court Street,Montague Street,Brooklyn,40.693756,-73.990425,42485646
Court Street,Nelson Street,Brooklyn,40.676487,-73.998723,42497683
Court Street,Pacific Street,Brooklyn,40.689096,-73.992651,42497602/42497607
Court Street,Percival Street,Brooklyn,40.669415,-74.002126,42497711
Court Street,President Street,Brooklyn,40.681724,-73.996208,42497669
Court Street,Remsen Street,Brooklyn,40.693057,-73.990711,597844758
Court Street,Sackett Street,Brooklyn,40.683069,-73.995559,42478113
Court Street,Schermerhorn Street,Brooklyn,40.690989,-73.991743,42497593
Court Street,State Street,Brooklyn,40.690345,-73.992053,42497596
Court Street,Union Street,Brooklyn,40.682396,-73.995884,42486339
Court Street,Warren Street,Brooklyn,40.686605,-73.993852,5540390266/42484039
Court Street,West 9th Street,Brooklyn,40.675196,-73.999343,42488408
Court Street,Wyckoff Street,Brooklyn,40.687126,-73.9936,42497631
Cove Lane,Royce Street,Brooklyn,40.624181,-73.909076,42510790
Coventry Road,Dorset Street,Brooklyn,40.646674,-73.919263,42488987
Coventry Road,East 86th Street,Brooklyn,40.647101,-73.918618,42514065
Coventry Road,Ralph Avenue,Brooklyn,40.646161,-73.920094,42493952
Covert Street,Evergreen Avenue,Brooklyn,40.687699,-73.91094,42499849
Covert Street,Knickerbocker Avenue,Brooklyn,40.69212,-73.906599,42516810
Covert Street,Wilson Avenue,Brooklyn,40.690647,-73.908042,42496786
Cox Place,Crescent Street,Brooklyn,40.687706,-73.873488,42472576
Coyle Street,Emmons Avenue,Brooklyn,40.584076,-73.933966,2318552288/2318552267
Coyle Street,Gerritsen Avenue,Brooklyn,40.604021,-73.937581,42537419
Coyle Street,Shore Parkway,Brooklyn,40.586364,-73.934403,7979227443/42480252
Coyle Street,Voorhies Avenue,Brooklyn,40.587833,-73.934672,42524585
Cozine Avenue,Crescent Street,Brooklyn,40.662248,-73.8667,42472563
Cozine Avenue,Eldert Lane,Brooklyn,40.663021,-73.861216,42486531
Cozine Avenue,Elton Street,Brooklyn,40.65904,-73.875925,42486480
Cozine Avenue,Essex Street,Brooklyn,40.659743,-73.874275,42486482
Cozine Avenue,Forbell Street,Brooklyn,40.663154,-73.8603,42486537
Cozine Avenue,Fountain Avenue,Brooklyn,40.662018,-73.868338,42486504
Cozine Avenue,Georgia Avenue,Brooklyn,40.653425,-73.888975,42486426
Cozine Avenue,Glenwood Road,Brooklyn,40.652375,-73.891379,42486414
Cozine Avenue,Hendrix Street,Brooklyn,40.65659,-73.881626,42486443
Cozine Avenue,Jerome Street,Brooklyn,40.657658,-73.879171,42486469
Cozine Avenue,Linwood Street,Brooklyn,40.659393,-73.875087,42470267
Cozine Avenue,Logan Street,Brooklyn,40.661871,-73.869384,42486499
Cozine Avenue,Louisiana Avenue,Brooklyn,40.652375,-73.891379,42486414
Cozine Avenue,Malta Street,Brooklyn,40.652725,-73.890607,42486416
Cozine Avenue,Milford Street,Brooklyn,40.661514,-73.870197,42486495
Cozine Avenue,Montauk Avenue,Brooklyn,40.661158,-73.871003,42468542
Cozine Avenue,New Jersey Avenue,Brooklyn,40.654483,-73.886532,42486435
Cozine Avenue,Pennsylvania Avenue,Brooklyn,40.65414,-73.887306,42486432/5423598758
Cozine Avenue,Pine Street,Brooklyn,40.662114,-73.867657,42486509
Cozine Avenue,Schenck Avenue,Brooklyn,40.656945,-73.880813,42486452
Cozine Avenue,Sheffield Avenue,Brooklyn,40.653775,-73.88816,42486429
Cozine Avenue,Shepherd Avenue,Brooklyn,40.660101,-73.87346,42486485
Cozine Avenue,Sheridan Avenue,Brooklyn,40.662884,-73.862135,42482699
Cozine Avenue,Van Siclen Avenue,Brooklyn,40.65623,-73.882508,42472322
Cozine Avenue,Vermont Street,Brooklyn,40.65485,-73.885681,42486438
Cozine Avenue,Warwick Street,Brooklyn,40.658009,-73.878371,42485127
Cranberry Street,Henry Street,Brooklyn,40.699392,-73.992075,4400225690
Cranberry Street,Hicks Street,Brooklyn,40.699835,-73.99367,42483455
Cranberry Street,Willow Street,Brooklyn,40.700075,-73.994537,42513257
Crawford Avenue,East 12th Street,Brooklyn,40.592504,-73.959135,42467374
Crawford Avenue,East 7th Street,Brooklyn,40.592078,-73.962993,42467369
Crawford Avenue,Ocean Parkway,Brooklyn,40.591893,-73.964659,2282434945
Creamer Street,Otsego Street,Brooklyn,40.674497,-74.009927,42471668
Creamer Street,Smith Street,Brooklyn,40.671626,-73.999651,42471659
Crescent Avenue,Orchard Avenue,Brooklyn,40.648526,-73.995763,757488503
Crescent Avenue,Vale Avenue,Brooklyn,40.649503,-73.994157,757489072/757488454
Crescent Street,Cypress Court,Brooklyn,40.687594,-73.873448,42472582
Crescent Street,Danforth Street,Brooklyn,40.686601,-73.873112,42472594
Crescent Street,Dumont Avenue,Brooklyn,40.67007,-73.86868,42472545
Crescent Street,Etna Street,Brooklyn,40.686939,-73.873222,42472584
Crescent Street,Flatlands Avenue,Brooklyn,40.660654,-73.865758,42472568
Crescent Street,Fulton Street,Brooklyn,40.683649,-73.872187,42464808
Crescent Street,Glen Street,Brooklyn,40.680895,-73.871358,42472615
Crescent Street,Glenmore Avenue,Brooklyn,40.676944,-73.87039,42472525
Crescent Street,Hill Street,Brooklyn,40.678866,-73.870866,42472625
Crescent Street,Jamaica Avenue,Brooklyn,40.689299,-73.874054,42472573
Crescent Street,Kiely Place,Brooklyn,40.686028,-73.87293,42472598
Crescent Street,Liberty Avenue,Brooklyn,40.678181,-73.870696,42472629
Crescent Street,Linden Boulevard,Brooklyn,40.668674,-73.868316,1942055249/1942055297/1942055269/42472549
Crescent Street,Loring Avenue,Brooklyn,40.667005,-73.867882,42472553
Crescent Street,McKinley Avenue,Brooklyn,40.679541,-73.871032,42472620
Crescent Street,Old Mill Road,Brooklyn,40.66189,-73.866493,42472565
Crescent Street,Pitkin Avenue,Brooklyn,40.675679,-73.870067,42472528
Crescent Street,Ridgewood Avenue,Brooklyn,40.68541,-73.872739,42472605
Crescent Street,South Conduit Boulevard,Brooklyn,40.677217,-73.87043,598629579
Crescent Street,Stanley Avenue,Brooklyn,40.665474,-73.867528,42472558
Crescent Street,Sutter Avenue,Brooklyn,40.673143,-73.869447,42472539
Crescent Street,Weldon Street,Brooklyn,40.680214,-73.871197,42471628
Crescent Street,Wharton Place,Brooklyn,40.688364,-73.873719,42472575
Crescent Street,Wortman Avenue,Brooklyn,40.663916,-73.867148,42472561
Crooke Avenue,Ocean Avenue,Brooklyn,40.653165,-73.961587,42511228
Crooke Avenue,Parade Place,Brooklyn,40.651742,-73.965242,42511210
Crooke Avenue,Saint Pauls Place,Brooklyn,40.652451,-73.96344,42511215
Cropsey Avenue,Hart Place,Brooklyn,40.580703,-73.985669,42493852
Cropsey Avenue,Harway Avenue,Brooklyn,40.59409,-73.994762,4205909323
Cropsey Avenue,Neptune Avenue,Brooklyn,40.578933,-73.985263,42493860
Cropsey Avenue,Poly Place,Brooklyn,40.607698,-74.016977,42484822
Cropsey Avenue,Shore Parkway,Brooklyn,40.583659,-73.986536,42462744/4205909301
Cropsey Avenue,West 17th Street,Brooklyn,40.578933,-73.985263,42493860
Crosby Avenue,Jackie Robinson Parkway,Brooklyn,40.681574,-73.896255,42500998
Crosby Avenue,Miller Place,Brooklyn,40.682232,-73.89486,42501006
Croton Loop,Pennsylvania Avenue,Brooklyn,40.649581,-73.883726,42495680/5314096941/42495687
Crown Street,Dearborn Court,Brooklyn,40.666364,-73.952224,42485886
Crown Street,Ford Street,Brooklyn,40.665117,-73.929307,42509086
Crown Street,Franklin Avenue,Brooklyn,40.667142,-73.959245,42509044
Crown Street,Kingston Avenue,Brooklyn,40.665838,-73.942528,42467474
Crown Street,New York Avenue,Brooklyn,40.666139,-73.948067,42496531
Crown Street,Nostrand Avenue,Brooklyn,40.666289,-73.950835,42481652
Crown Street,Rochester Avenue,Brooklyn,40.665086,-73.928683,42509090
Crown Street,Rogers Avenue,Brooklyn,40.666438,-73.953606,42509052
Crown Street,Schenectady Avenue,Brooklyn,40.665378,-73.934224,42509079
Crown Street,Troy Avenue,Brooklyn,40.665536,-73.936984,42493261
Crown Street,Utica Avenue,Brooklyn,40.665234,-73.931472,42509082
Crown Street,Washington Avenue,Brooklyn,40.667681,-73.961806,42478469
Crystal Street,Glenmore Avenue,Brooklyn,40.676321,-73.874666,42504706
Crystal Street,Liberty Avenue,Brooklyn,40.677564,-73.874975,42536381
Crystal Street,Pitkin Avenue,Brooklyn,40.675058,-73.874354,42511622
Crystal Street,Sutter Avenue,Brooklyn,40.672523,-73.873726,42515136
Crystal Street,Wells Street,Brooklyn,40.678385,-73.875169,42476017
Cumberland Street,DeKalb Avenue,Brooklyn,40.689622,-73.973126,42511695
Cumberland Street,Flushing Avenue,Brooklyn,40.698021,-73.974804,42504031
Cumberland Street,Fulton Street,Brooklyn,40.685444,-73.972284,42464918
Cumberland Street,Greene Avenue,Brooklyn,40.685958,-73.972394,42501208
Cumberland Street,Lafayette Avenue,Brooklyn,40.687415,-73.972687,42511697
Cumberland Street,Park Avenue,Brooklyn,40.696111,-73.974435,598043896/42471719
Cumberland Street,Washington Park,Brooklyn,40.689622,-73.973126,42511695
Cypress Avenue,Dale Avenue,Brooklyn,40.647613,-73.991974,756246908
Cypress Avenue,Flushing Avenue,Brooklyn,40.709402,-73.921898,3325564426
Cypress Avenue,Grape Avenue,Brooklyn,40.64988,-73.988526,756247103
Cypress Avenue,Highland Avenue,Brooklyn,40.578426,-74.008269,42466736
Cypress Avenue,Hillside Avenue,Brooklyn,40.651983,-73.984525,758811681
Cypress Avenue,Johnson Avenue,Brooklyn,40.709402,-73.921898,3325564426
Cypress Avenue,Manhattan Avenue,Brooklyn,40.578319,-74.009243,42520897
Cypress Avenue,Sea Gate Avenue,Brooklyn,40.578681,-74.005958,42467970
Cypress Avenue,Stockholm Street,Brooklyn,40.706061,-73.916252,42907469
Cypress Avenue,Vine Avenue,Brooklyn,40.651013,-73.987028,756246866
Cypress Hills Street,Euclid Avenue,Brooklyn,40.688554,-73.875737,42466367
Cypress Hills Street,Jamaica Avenue,Brooklyn,40.688574,-73.875694,1817092654/42466367
Cypress Road,East Dolorosa,Brooklyn,40.69256,-73.875468,775973945
Cypress Road,West Dolorosa,Brooklyn,40.69256,-73.875468,775973945
Cypress Road,William Miles Way,Brooklyn,40.693677,-73.874689,775973925
Cyrus Avenue,Dare Court,Brooklyn,40.589454,-73.92362,42512040
Cyrus Avenue,Eaton Court,Brooklyn,40.589257,-73.923922,42528119
Cyrus Avenue,Frank Court,Brooklyn,40.589064,-73.924223,42500215
Cyrus Avenue,Gain Court,Brooklyn,40.588669,-73.924835,42495746
Cyrus Avenue,Gerritsen Avenue,Brooklyn,40.590308,-73.922308,4729824989
Cyrus Avenue,Hyman Court,Brooklyn,40.588474,-73.925137,42476905
Cyrus Avenue,Ivan Court,Brooklyn,40.588279,-73.925436,42523666
Cyrus Avenue,Just Court,Brooklyn,40.588085,-73.925736,42524476
Cyrus Avenue,Madoc Avenue,Brooklyn,40.587762,-73.926226,42525886
Cyrus Avenue,Noel Avenue,Brooklyn,40.588867,-73.924529,42476466
Dahill Road,Ditmas Avenue,Brooklyn,40.63544,-73.979112,42515328
Dahill Road,Kings Highway,Brooklyn,40.604309,-73.973206,42515304
Dahill Road,Louisa Street,Brooklyn,40.643507,-73.980631,42495070
Dahill Road,Minna Street,Brooklyn,40.646496,-73.981197,42490642
Dahill Road,Quentin Road,Brooklyn,40.606565,-73.973623,42470965
Dahill Road,Tehama Street,Brooklyn,40.644984,-73.980911,42478856
Dahlgren Place,Fort Hill Place,Brooklyn,40.613235,-74.027369,42478705
Dakota Place,East 66th Street,Brooklyn,40.607361,-73.90904,42498448
Dakota Place,Whitman Drive,Brooklyn,40.606637,-73.908298,42517846
Dale Avenue,Fir Avenue,Brooklyn,40.645331,-73.988776,756246969
Dale Avenue,Sassafras Avenue,Brooklyn,40.646852,-73.99089,756247074
Dale Avenue,Summit Avenue,Brooklyn,40.648246,-73.993224,756247145
Danforth Street,Hemlock Street,Brooklyn,40.686877,-73.87188,42528992
Dank Court,Shell Road,Brooklyn,40.586517,-73.974282,9052439062
Dank Court,West 3rd Street,Brooklyn,40.586719,-73.972345,5021199849
Dare Court,Lois Avenue,Brooklyn,40.587128,-73.921037,42512036
Dare Court,Seba Avenue,Brooklyn,40.588239,-73.92227,42466591
DeKalb Avenue,Evergreen Avenue,Brooklyn,40.696142,-73.92725,42499830
DeKalb Avenue,Flatbush Avenue Extension,Brooklyn,40.689927,-73.981467,1258875489/42491585
DeKalb Avenue,Fort Greene Place,Brooklyn,40.689776,-73.977101,42490932
DeKalb Avenue,Franklin Avenue,Brooklyn,40.690694,-73.957272,42521443
DeKalb Avenue,Grand Avenue,Brooklyn,40.689996,-73.963348,3446656846
DeKalb Avenue,Hall Street,Brooklyn,40.689784,-73.965187,42466432
DeKalb Avenue,Hudson Avenue,Brooklyn,40.689897,-73.980428,42510188
DeKalb Avenue,Irving Avenue,Brooklyn,40.702687,-73.920826,42511927
DeKalb Avenue,Kent Avenue,Brooklyn,40.690546,-73.958578,42469369
DeKalb Avenue,Knickerbocker Avenue,Brooklyn,40.701102,-73.922384,42521479
DeKalb Avenue,Lewis Avenue,Brooklyn,40.693021,-73.937052,42466950
DeKalb Avenue,Malcolm X Boulevard,Brooklyn,40.693692,-73.931204,42499470
DeKalb Avenue,Marcus Garvey Boulevard,Brooklyn,40.692683,-73.939975,42516250
DeKalb Avenue,Marcy Avenue,Brooklyn,40.691707,-73.948476,42482240
DeKalb Avenue,Myrtle Avenue,Brooklyn,40.69808,-73.925352,42517074
DeKalb Avenue,Nostrand Avenue,Brooklyn,40.69133,-73.951757,42481550
DeKalb Avenue,Rockwell Place,Brooklyn,40.689862,-73.97951,42469245
DeKalb Avenue,Ryerson Street,Brooklyn,40.689891,-73.964247,3191750033
DeKalb Avenue,Saint Felix Street,Brooklyn,40.689809,-73.977938,42471615
DeKalb Avenue,Saint James Place,Brooklyn,40.689784,-73.965187,42466432
DeKalb Avenue,Saint Nicholas Avenue,Brooklyn,40.705429,-73.918092,42521481
DeKalb Avenue,Skillman Street,Brooklyn,40.6908,-73.956356,42492119
DeKalb Avenue,South Elliott Place,Brooklyn,40.689737,-73.976102,42521405
DeKalb Avenue,South Oxford Street,Brooklyn,40.689663,-73.974109,42504232
DeKalb Avenue,South Portland Avenue,Brooklyn,40.689698,-73.975106,42521410
DeKalb Avenue,Spencer Court,Brooklyn,40.691015,-73.954464,42498645
DeKalb Avenue,Spencer Street,Brooklyn,40.691015,-73.954464,42498645
DeKalb Avenue,Steuben Street,Brooklyn,40.690121,-73.962252,42516539
DeKalb Avenue,Stuyvesant Avenue,Brooklyn,40.693356,-73.934128,42473222
DeKalb Avenue,Taaffe Place,Brooklyn,40.690448,-73.959428,42494544
DeKalb Avenue,Throop Avenue,Brooklyn,40.692359,-73.942799,42499172
DeKalb Avenue,Tompkins Avenue,Brooklyn,40.692033,-73.945642,42514361
DeKalb Avenue,Vanderbilt Avenue,Brooklyn,40.689468,-73.969103,42469617
DeKalb Avenue,Walworth Street,Brooklyn,40.691121,-73.953566,42490736
DeKalb Avenue,Washington Avenue,Brooklyn,40.689673,-73.966135,42478390
DeKalb Avenue,Washington Park,Brooklyn,40.689622,-73.973126,42511695
DeKalb Avenue,Waverly Avenue,Brooklyn,40.689565,-73.967118,42487070
DeKalb Avenue,Wilson Avenue,Brooklyn,40.699628,-73.923833,42496664
DeKalb Avenue,Wyckoff Avenue,Brooklyn,40.704312,-73.91923,42512101
Dean Street,East New York Avenue,Brooklyn,40.674489,-73.905775,5540858345
Dean Street,Eastern Parkway,Brooklyn,40.674663,-73.909159,42474921/1260335213
Dean Street,Flatbush Avenue,Brooklyn,40.681852,-73.975851,42491625
Dean Street,Franklin Avenue,Brooklyn,40.677576,-73.955475,42524170
Dean Street,Grand Avenue,Brooklyn,40.678934,-73.961957,42499399
Dean Street,Howard Avenue,Brooklyn,40.675213,-73.919385,42479223
Dean Street,Hoyt Street,Brooklyn,40.686504,-73.987859,42524883
Dean Street,Kingston Avenue,Brooklyn,40.676421,-73.941535,42467437
Dean Street,Mother Gaston Boulevard,Brooklyn,40.674618,-73.908309,42517498
Dean Street,Nevins Street,Brooklyn,40.684816,-73.983522,42524889
Dean Street,New York Avenue,Brooklyn,40.676723,-73.947074,42496502
Dean Street,Nostrand Avenue,Brooklyn,40.676875,-73.949845,42481615
Dean Street,Ralph Avenue,Brooklyn,40.675348,-73.921975,42494045
Dean Street,Revere Place,Brooklyn,40.676389,-73.940944,42517539
Dean Street,Rochester Avenue,Brooklyn,40.675663,-73.927688,42524929
Dean Street,Rockaway Avenue,Brooklyn,40.674766,-73.911074,42516689
Dean Street,Rogers Avenue,Brooklyn,40.677028,-73.952651,5188632140
Dean Street,Sackman Street,Brooklyn,40.674508,-73.906268,42515456
Dean Street,Saratoga Avenue,Brooklyn,40.675064,-73.916617,42476347
Dean Street,Schenectady Avenue,Brooklyn,40.675969,-73.933226,42516362
Dean Street,Smith Street,Brooklyn,40.687368,-73.990027,42492231
Dean Street,Thomas S. Boyland Street,Brooklyn,40.674915,-73.913844,42509420
Dean Street,Troy Avenue,Brooklyn,40.676121,-73.935997,42493226
Dean Street,Underhill Avenue,Brooklyn,40.679586,-73.965067,42524905
Dean Street,Utica Avenue,Brooklyn,40.675818,-73.930457,42520920
Dean Street,Vanderbilt Avenue,Brooklyn,40.68019,-73.967956,42469637
Dean Street,Washington Avenue,Brooklyn,40.679379,-73.964073,42478432
Dearborn Court,Montgomery Street,Brooklyn,40.665474,-73.952305,42479624
Debevoise Avenue,Division Place,Brooklyn,40.720422,-73.9397,42484237
Debevoise Avenue,Frost Street,Brooklyn,40.719048,-73.939087,42504207
Debevoise Avenue,Jackson Street,Brooklyn,40.717656,-73.938453,42504218
Debevoise Avenue,Maspeth Avenue,Brooklyn,40.716361,-73.937882,42489482
Debevoise Avenue,Richardson Street,Brooklyn,40.719747,-73.9394,42504209
Debevoise Avenue,Skillman Avenue,Brooklyn,40.716809,-73.938077,2805340009
Debevoise Street,Graham Avenue,Brooklyn,40.701639,-73.942258,42467803
Debevoise Street,Humboldt Street,Brooklyn,40.701798,-73.940544,42501379
Debevoise Street,Thornton Street,Brooklyn,40.701442,-73.943089,42467507
Decatur Avenue,Oriental Boulevard,Brooklyn,40.578306,-73.934002,1167635524/42464406
Decatur Avenue,Shore Boulevard,Brooklyn,40.580926,-73.93475,42487026
Decatur Street,Evergreen Avenue,Brooklyn,40.686845,-73.909439,42499852
Decatur Street,Howard Avenue,Brooklyn,40.682986,-73.920007,42479171
Decatur Street,Knickerbocker Avenue,Brooklyn,40.691265,-73.905095,42519180
Decatur Street,Lewis Avenue,Brooklyn,40.681297,-73.934717,42466982
Decatur Street,Malcolm X Boulevard,Brooklyn,40.68197,-73.928867,42499519
Decatur Street,Marcus Garvey Boulevard,Brooklyn,40.680959,-73.93765,42498485
Decatur Street,Patchen Avenue,Brooklyn,40.68231,-73.92595,42485052
Decatur Street,Ralph Avenue,Brooklyn,40.682693,-73.922672,42493920
Decatur Street,Saratoga Avenue,Brooklyn,40.683303,-73.917269,42476372
Decatur Street,Stuyvesant Avenue,Brooklyn,40.681633,-73.931795,42473297
Decatur Street,Thomas S. Boyland Street,Brooklyn,40.683604,-73.914609,42509384
Decatur Street,Throop Avenue,Brooklyn,40.680633,-73.940481,42499215
Decatur Street,Tompkins Avenue,Brooklyn,40.680307,-73.943309,42514404
Decatur Street,Wilson Avenue,Brooklyn,40.689791,-73.906544,42496793
Degraw Street,Henry Street,Brooklyn,40.684813,-73.999073,42519258
Degraw Street,Hicks Street,Brooklyn,40.685299,-74.000824,42483554/42483412
Degraw Street,Hoyt Street,Brooklyn,40.682066,-73.990865,42527881
Degraw Street,Lincoln Place,Brooklyn,40.677683,-73.979605,42465260
Degraw Street,Nevins Street,Brooklyn,40.680372,-73.986533,42528849
Degraw Street,Smith Street,Brooklyn,40.682909,-73.993052,42492250
Degraw Street,Strong Place,Brooklyn,40.684564,-73.998165,42513498
Degraw Street,Tiffany Place,Brooklyn,40.685489,-74.00149,42528861
Degraw Street,Tompkins Place,Brooklyn,40.68402,-73.996232,42488212
Degraw Street,Van Brunt Street,Brooklyn,40.68636,-74.004527,42526664/3096361572
Dekoven Court,East 17th Street,Brooklyn,40.633328,-73.961008,4105517616/4504057413
Dekoven Court,Rugby Road,Brooklyn,40.633009,-73.963821,42490050
Delavan Street,Dwight Street,Brooklyn,40.678509,-74.006154,42488699
Delavan Street,Nelson Street,Brooklyn,40.678509,-74.006154,42488699
Delavan Street,Richards Street,Brooklyn,40.679507,-74.007688,42504442
Delavan Street,Van Brunt Street,Brooklyn,40.680522,-74.00918,42513012
Dell Avenue,Oak Leaf Avenue,Brooklyn,40.653574,-73.98959,757488180
Dell Avenue,Oakwood Avenue,Brooklyn,40.651293,-73.989136,757488636
Delmar Loop,Pennsylvania Avenue,Brooklyn,40.64944,-73.883474,42495684/4202789396/5314096934
Delmonico Place,Ellery Street,Brooklyn,40.69879,-73.945643,42526320
Delmonico Place,Park Avenue,Brooklyn,40.698106,-73.944973,42471867
Dennett Place,Luquer Street,Brooklyn,40.676846,-73.997405,42496339
Dennett Place,Nelson Street,Brooklyn,40.676203,-73.997718,42496340
Desmond Court,East 12th Street,Brooklyn,40.591064,-73.958862,42528473
Desmond Court,East 7th Street,Brooklyn,40.590637,-73.962721,42485332
Desmond Court,Homecrest Avenue,Brooklyn,40.591182,-73.957791,42475305
Devoe Street,Graham Avenue,Brooklyn,40.713796,-73.944265,42467863
Devoe Street,Humboldt Street,Brooklyn,40.713955,-73.942583,42502976
Devoe Street,Judge Street,Brooklyn,40.713946,-73.940677,42524393
Devoe Street,Leonard Street,Brooklyn,40.713477,-73.947597,42491183
Devoe Street,Lorimer Street,Brooklyn,40.71332,-73.949245,42527653
Devoe Street,Manhattan Avenue,Brooklyn,40.713638,-73.945949,42528046
Devoe Street,Morgan Avenue,Brooklyn,40.713734,-73.93496,42490343
Devoe Street,Olive Street,Brooklyn,40.713877,-73.938805,42494201
Devoe Street,Union Avenue,Brooklyn,40.713108,-73.951452,42520585
Devon Avenue,Dictum Court,Brooklyn,40.593082,-73.928112,42499971
Devon Avenue,Ebony Court,Brooklyn,40.592842,-73.928483,42525845
Devon Avenue,Fane Court,Brooklyn,40.592603,-73.928854,42518676
Devon Avenue,Garland Court,Brooklyn,40.592363,-73.929224,42466621
Devon Avenue,Gerritsen Avenue,Brooklyn,40.594108,-73.926552,4729784495
Devon Avenue,Hazel Court,Brooklyn,40.592122,-73.9296,42525835
Devon Avenue,Ira Court,Brooklyn,40.591883,-73.929964,42467127
Devon Avenue,Joval Court,Brooklyn,40.591636,-73.93028,42489601
Dewey Place,Herkimer Street,Brooklyn,40.677924,-73.918191,42515979
Dewitt Avenue,Hinsdale Street,Brooklyn,40.656118,-73.896649,42499323
Dewitt Avenue,Linden Boulevard,Brooklyn,40.657328,-73.893107,1942054622
Dewitt Avenue,Louisiana Avenue,Brooklyn,40.656693,-73.894631,42499329
Dewitt Avenue,Malta Street,Brooklyn,40.657055,-73.893822,42499332
Dewitt Avenue,Snediker Avenue,Brooklyn,40.655982,-73.897569,42469299
Dewitt Avenue,Van Sinderen Avenue,Brooklyn,40.655846,-73.898477,2995821107/42499318
Dewitt Avenue,Williams Avenue,Brooklyn,40.656262,-73.895728,42499325
Diamond Street,Driggs Avenue,Brooklyn,40.722976,-73.945361,42478902
Diamond Street,Meserole Avenue,Brooklyn,40.728485,-73.948495,42478907
Diamond Street,Nassau Avenue,Brooklyn,40.72516,-73.946593,42478904
Diamond Street,Norman Avenue,Brooklyn,40.726822,-73.947544,42478906
Dictum Court,Everett Avenue,Brooklyn,40.592123,-73.927045,42499968
Dictum Court,Florence Avenue,Brooklyn,40.591168,-73.925985,42499966
Dictum Court,Plumb 2nd Street,Brooklyn,40.595978,-73.93129,42471986
Dikeman Street,Dwight Street,Brooklyn,40.674758,-74.010554,42487861
Dikeman Street,Ferris Street,Brooklyn,40.678656,-74.016282,3154320979
Dikeman Street,Otsego Street,Brooklyn,40.674375,-74.00999,42487857
Dikeman Street,Richards Street,Brooklyn,40.675781,-74.01206,42487866
Dikeman Street,Van Brunt Street,Brooklyn,40.676795,-74.013553,42487870
Dinsmore Place,Logan Street,Brooklyn,40.681116,-73.877641,42508290
Dinsmore Place,Richmond Street,Brooklyn,40.681299,-73.876349,42482027
Ditmars Street,Myrtle Avenue,Brooklyn,40.697247,-73.932835,42498587
Ditmas Avenue,Dorset Street,Brooklyn,40.645812,-73.918302,42488989
Ditmas Avenue,East 16th Street,Brooklyn,40.637501,-73.962779,42537164
Ditmas Avenue,East 17th Street,Brooklyn,40.637928,-73.961877,42519112
Ditmas Avenue,East 18th Street,Brooklyn,40.638358,-73.960968,42492574
Ditmas Avenue,East 19th Street,Brooklyn,40.638773,-73.96009,42465105
Ditmas Avenue,East 21st Street,Brooklyn,40.639761,-73.958003,42532059
Ditmas Avenue,East 22nd Street,Brooklyn,40.640172,-73.957126,42534742
Ditmas Avenue,East 23rd Street,Brooklyn,40.640433,-73.956227,42508308
Ditmas Avenue,East 2nd Street,Brooklyn,40.635675,-73.976888,42495237
Ditmas Avenue,East 3rd Street,Brooklyn,40.635779,-73.975962,42516895
Ditmas Avenue,East 4th Street,Brooklyn,40.635879,-73.975034,42498769
Ditmas Avenue,East 57th Street,Brooklyn,40.642719,-73.922626,5488761941
Ditmas Avenue,East 58th Street,Brooklyn,40.643382,-73.921741,42500426
Ditmas Avenue,East 5th Street,Brooklyn,40.635981,-73.974106,42530998
Ditmas Avenue,East 7th Street,Brooklyn,40.636296,-73.971366,42485394
Ditmas Avenue,East 83rd Street,Brooklyn,40.644773,-73.919785,42469931
Ditmas Avenue,East 86th Street,Brooklyn,40.646233,-73.917648,42517681
Ditmas Avenue,East 87th Street,Brooklyn,40.646683,-73.916937,42491126
Ditmas Avenue,East 88th Street,Brooklyn,40.647151,-73.916209,42460171
Ditmas Avenue,East 89th Street,Brooklyn,40.647605,-73.915501,42522127
Ditmas Avenue,East 8th Street,Brooklyn,40.636414,-73.970292,42536462
Ditmas Avenue,East 91st Street,Brooklyn,40.648601,-73.913961,42526426
Ditmas Avenue,East 92nd Street,Brooklyn,40.649061,-73.913253,42513354
Ditmas Avenue,East 93rd Street,Brooklyn,40.649521,-73.912535,42500175
Ditmas Avenue,East 94th Street,Brooklyn,40.649984,-73.911823,42537692
Ditmas Avenue,East 95th Street,Brooklyn,40.650448,-73.911101,42519990
Ditmas Avenue,East 96th Street,Brooklyn,40.651014,-73.91023,42494104
Ditmas Avenue,East 98th Street,Brooklyn,40.652096,-73.908558,42475630
Ditmas Avenue,East 9th Street,Brooklyn,40.636516,-73.96936,42517216
Ditmas Avenue,Flatbush Avenue,Brooklyn,40.640528,-73.955662,42491734
Ditmas Avenue,Marlborough Road,Brooklyn,40.637098,-73.963646,42492440
Ditmas Avenue,McDonald Avenue,Brooklyn,40.635548,-73.97807,42501948
Ditmas Avenue,Ocean Avenue,Brooklyn,40.63931,-73.958964,42512752
Ditmas Avenue,Ocean Parkway,Brooklyn,40.63614,-73.97273,42508666/42508588/42508751
Ditmas Avenue,Ocean Parkway Bike Path,Brooklyn,40.636118,-73.972901,454381214
Ditmas Avenue,Ralph Avenue,Brooklyn,40.644701,-73.91995,42493955
Ditmas Avenue,Remsen Avenue,Brooklyn,40.648101,-73.914732,42468624
Ditmas Avenue,Rockaway Avenue,Brooklyn,40.653379,-73.906571,42516727
Ditmas Avenue,Rockaway Parkway,Brooklyn,40.651522,-73.909449,42512596
Ditmas Avenue,Rugby Road,Brooklyn,40.636688,-73.964513,42490041
Ditmas Avenue,Stratford Road,Brooklyn,40.635443,-73.967148,1691133677
Ditmas Avenue,Westminster Road,Brooklyn,40.635867,-73.966254,42501765
Division Avenue,Driggs Avenue,Brooklyn,40.707685,-73.962743,42477980
Division Avenue,Harrison Avenue,Brooklyn,40.706963,-73.954776,42478029
Division Avenue,Havemeyer Street,Brooklyn,40.707407,-73.959938,42478001
Division Avenue,Hooper Street,Brooklyn,40.706921,-73.954127,42478031
Division Avenue,Keap Street,Brooklyn,40.707042,-73.955699,42478027
Division Avenue,Kent Avenue,Brooklyn,40.706849,-73.968356,42469447
Division Avenue,Lee Avenue,Brooklyn,40.707595,-73.96186,42477990
Division Avenue,Marcy Avenue,Brooklyn,40.707252,-73.958376,9351682792/42478008
Division Avenue,Rodney Street,Brooklyn,40.707128,-73.956899,42478025/42478023
Division Avenue,Roebling Street,Brooklyn,40.707524,-73.961144,42477995
Division Avenue,Williamsburg Street West,Brooklyn,40.70726,-73.958455,42478008
Division Avenue,Wilson Street,Brooklyn,40.707365,-73.959509,42475767
Division Avenue,Wythe Avenue,Brooklyn,40.707003,-73.96728,42477968
Division Place,Kingsland Avenue,Brooklyn,40.720159,-73.940745,42484235
Division Place,Morgan Avenue,Brooklyn,40.720827,-73.938137,42484239
Division Place,Porter Avenue,Brooklyn,40.721623,-73.934978,42484243
Division Place,Vandervoort Avenue,Brooklyn,40.721246,-73.936509,42484241
Do The Right Thing Way,Lexington Avenue,Brooklyn,40.6897,-73.933397,42473252
Do The Right Thing Way,Quincy Street,Brooklyn,40.688961,-73.93325,42473255
Do The Right Thing Way,Stuyvesant Avenue,Brooklyn,40.689331,-73.933323,42473252/42473255
Dobbin Street,Meserole Avenue,Brooklyn,40.726268,-73.955222,42499059
Dobbin Street,Nassau Avenue,Brooklyn,40.722926,-73.953318,42479268
Dobbin Street,Norman Avenue,Brooklyn,40.724601,-73.954269,42499046
Dock Street,Front Street,Brooklyn,40.702607,-73.992581,42472268
Dock Street,Water Street,Brooklyn,40.70332,-73.99256,42469329
Dooley Street,Emmons Avenue,Brooklyn,40.583696,-73.944861,2318552172/42477383
Dooley Street,Shore Parkway,Brooklyn,40.584865,-73.94537,42480236/42480700
Dooley Street,Voorhies Avenue,Brooklyn,40.586541,-73.946428,42519921
Doone Court,East 12th Street,Brooklyn,40.590384,-73.958731,42500985
Doone Court,Homecrest Avenue,Brooklyn,40.590503,-73.957664,42475306
Dorchester Road,East 16th Street,Brooklyn,40.639672,-73.963186,42472045
Dorchester Road,East 17th Street,Brooklyn,40.640101,-73.962282,42472047
Dorchester Road,East 18th Street,Brooklyn,40.640524,-73.961388,42472048
Dorchester Road,East 19th Street,Brooklyn,40.64094,-73.960502,42465104
Dorchester Road,East 21st Street,Brooklyn,40.64193,-73.958408,42472051
Dorchester Road,Flatbush Avenue,Brooklyn,40.642372,-73.957463,42472052
Dorchester Road,Marlborough Road,Brooklyn,40.639263,-73.964056,42472041
Dorchester Road,Ocean Avenue,Brooklyn,40.641479,-73.959374,42472050
Dorchester Road,Rugby Road,Brooklyn,40.638851,-73.964925,42472039
Dorchester Road,Stratford Road,Brooklyn,40.637615,-73.967532,42472033
Dorchester Road,Westminster Road,Brooklyn,40.638031,-73.966663,42472035
Doscher Street,Glenmore Avenue,Brooklyn,40.676563,-73.872986,42474069
Doscher Street,Liberty Avenue,Brooklyn,40.677811,-73.873286,42474067
Doscher Street,Pitkin Avenue,Brooklyn,40.675303,-73.872679,42474072
Doscher Street,Sutter Avenue,Brooklyn,40.672772,-73.872055,42474082
Doubleday Circle,Liberty Way,Brooklyn,40.607408,-74.027118,1257470434
Doubleday Lane,Liberty Way,Brooklyn,40.60728,-74.026474,1257470542
Doubleday Lane,Marshall Drive,Brooklyn,40.606088,-74.026889,2316127147
Doughty Street,Elizabeth Place,Brooklyn,40.702177,-73.994077,42499341
Doughty Street,Everit Street,Brooklyn,40.702293,-73.994462,42499339
Doughty Street,Furman Street,Brooklyn,40.702496,-73.995018,42493380
Doughty Street,Hicks Street,Brooklyn,40.701759,-73.992769,42483440
Doughty Street,McKenny Street,Brooklyn,40.701865,-73.993164,42469596
Douglass Street,Hoyt Street,Brooklyn,40.682697,-73.990427,42479028
Douglass Street,Nevins Street,Brooklyn,40.681009,-73.986104,42479037
Douglass Street,Saint Johns Place,Brooklyn,40.678363,-73.979144,42465257
Douglass Street,Smith Street,Brooklyn,40.683544,-73.992623,42479023
Dover Street,Hampton Avenue,Brooklyn,40.579679,-73.949619,42490991
Dover Street,Oriental Boulevard,Brooklyn,40.577292,-73.949168,1167644433/42464377
Dover Street,Shore Boulevard,Brooklyn,40.582073,-73.950071,42486950
Downing Street,Fulton Street,Brooklyn,40.682162,-73.960595,42464564
Downing Street,Gates Avenue,Brooklyn,40.685001,-73.961155,42464560
Downing Street,Putnam Avenue,Brooklyn,40.682806,-73.960717,42464562
Downing Street,Quincy Street,Brooklyn,40.685729,-73.961301,42464557
Drew Street,Dumont Avenue,Brooklyn,40.671128,-73.861313,42503924
Drew Street,Glenmore Avenue,Brooklyn,40.677828,-73.862971,42503891
Drew Street,Liberty Avenue,Brooklyn,40.679122,-73.863298,42503916/7728575623
Drew Street,Linden Boulevard,Brooklyn,40.669725,-73.860964,1942055345/1942055354/1942055356/1942055343
Drew Street,Loring Avenue,Brooklyn,40.668063,-73.860548,8387844328
Drew Street,Pitkin Avenue,Brooklyn,40.676553,-73.862652,42503894
Drew Street,Stanley Avenue,Brooklyn,40.666554,-73.860164,3590883393
Drew Street,Sutter Avenue,Brooklyn,40.674208,-73.862093,42503921
Driggs Avenue,Eckford Street,Brooklyn,40.722657,-73.948147,42509209
Driggs Avenue,Fillmore Place,Brooklyn,40.714395,-73.959293,42489991
Driggs Avenue,Graham Avenue,Brooklyn,40.722727,-73.947474,42467934
Driggs Avenue,Grand Street,Brooklyn,40.713891,-73.959808,42509258
Driggs Avenue,Humboldt Street,Brooklyn,40.723014,-73.945017,42502927
Driggs Avenue,Kingsland Avenue,Brooklyn,40.723381,-73.941281,42495896
Driggs Avenue,Leonard Street,Brooklyn,40.722546,-73.949087,42491222
Driggs Avenue,Lorimer Street,Brooklyn,40.721704,-73.950651,42509216
Driggs Avenue,Manhattan Avenue,Brooklyn,40.722172,-73.949871,42509213
Driggs Avenue,McGuinness Boulevard,Brooklyn,40.722775,-73.947079,2987758892/2987758893
Driggs Avenue,McGuinness Boulevard South,Brooklyn,40.722775,-73.947079,2987758892/2987758893
Driggs Avenue,Meeker Avenue,Brooklyn,40.723602,-73.938933,42476673
Driggs Avenue,Metropolitan Avenue,Brooklyn,40.714833,-73.958802,42484180
Driggs Avenue,Monitor Street,Brooklyn,40.723291,-73.942226,42509193
Driggs Avenue,Morgan Avenue,Brooklyn,40.723561,-73.939398,42490491
Driggs Avenue,Newel Street,Brooklyn,40.722868,-73.946285,42509202
Driggs Avenue,North 10th Street,Brooklyn,40.718694,-73.954655,42482469
Driggs Avenue,North 11th Street,Brooklyn,40.719246,-73.954061,42509232
Driggs Avenue,North 12th Street,Brooklyn,40.719798,-73.953469,42509228
Driggs Avenue,North 1st Street,Brooklyn,40.714211,-73.959493,42489014
Driggs Avenue,North 4th Street,Brooklyn,40.715374,-73.958241,42473953
Driggs Avenue,North 5th Street,Brooklyn,40.715927,-73.957626,42509247
Driggs Avenue,North 6th Street,Brooklyn,40.716483,-73.957031,42506181
Driggs Avenue,North 7th Street,Brooklyn,40.717032,-73.956439,42480069
Driggs Avenue,North 8th Street,Brooklyn,40.717589,-73.955844,42509239
Driggs Avenue,North 9th Street,Brooklyn,40.71814,-73.955251,42492546
Driggs Avenue,North Henry Street,Brooklyn,40.723202,-73.943159,8672287431
Driggs Avenue,Russell Street,Brooklyn,40.723113,-73.944087,8672287425
Driggs Avenue,South 1st Street,Brooklyn,40.713345,-73.960163,42504284
Driggs Avenue,South 2nd Street,Brooklyn,40.712714,-73.960561,42509264
Driggs Avenue,South 3rd Street,Brooklyn,40.711969,-73.961029,42474126
Driggs Avenue,South 4th Street,Brooklyn,40.71136,-73.961414,42509273
Driggs Avenue,South 5th Street,Brooklyn,40.71074,-73.961808,42509277/8842464613
Driggs Avenue,South 8th Street,Brooklyn,40.709352,-73.962414,42501316
Driggs Avenue,South 9th Street,Brooklyn,40.708535,-73.962573,42474668
Driggs Avenue,Sutton Street,Brooklyn,40.723472,-73.940325,42509188
Driggs Avenue,Union Avenue,Brooklyn,40.720444,-73.952738,42509221
Duffield Street,Fulton Mall,Brooklyn,40.690292,-73.984433,42464836
Duffield Street,Myrtle Avenue,Brooklyn,40.693609,-73.984286,6993160951
Duffield Street,Nassau Street,Brooklyn,40.698406,-73.983992,42528600
Duffield Street,Tillary Street,Brooklyn,40.696107,-73.984083,598043789
Duffield Street,Willoughby Street,Brooklyn,40.692127,-73.984342,42494921
Dumont Avenue,East 98th Street,Brooklyn,40.662462,-73.920104,42475566
Dumont Avenue,Eldert Lane,Brooklyn,40.670862,-73.863168,42525116
Dumont Avenue,Elton Street,Brooklyn,40.668147,-73.881968,42497131
Dumont Avenue,Essex Street,Brooklyn,40.668392,-73.880314,42512443
Dumont Avenue,Euclid Avenue,Brooklyn,40.669798,-73.870562,42488240
Dumont Avenue,Forbell Street,Brooklyn,40.670996,-73.862232,42525119
Dumont Avenue,Fountain Avenue,Brooklyn,40.66935,-73.873811,42505098
Dumont Avenue,Georgia Avenue,Brooklyn,40.666019,-73.896316,42503737
Dumont Avenue,Grafton Street,Brooklyn,40.662836,-73.917748,42516588
Dumont Avenue,Hemlock Street,Brooklyn,40.670201,-73.867758,42525138
Dumont Avenue,Hendrix Street,Brooklyn,40.667254,-73.887988,42525075
Dumont Avenue,Herzl Street,Brooklyn,40.663393,-73.913998,42493615
Dumont Avenue,Hinsdale Street,Brooklyn,40.665608,-73.899076,42500030
Dumont Avenue,Howard Avenue,Brooklyn,40.662694,-73.918703,42479204
Dumont Avenue,Jerome Street,Brooklyn,40.667653,-73.885297,42504362
Dumont Avenue,Junius Street,Brooklyn,40.665202,-73.901836,42491392
Dumont Avenue,Legion Street,Brooklyn,40.662973,-73.91683,42520073
Dumont Avenue,Lincoln Avenue,Brooklyn,40.67047,-73.865892,42525144
Dumont Avenue,Linwood Street,Brooklyn,40.668268,-73.881153,42470238
Dumont Avenue,Logan Street,Brooklyn,40.669198,-73.874788,42518929
Dumont Avenue,Milford Street,Brooklyn,40.66906,-73.875741,42525105
Dumont Avenue,Miller Avenue,Brooklyn,40.666991,-73.889771,42467167
Dumont Avenue,Montauk Avenue,Brooklyn,40.668921,-73.876678,6955531212
Dumont Avenue,Mother Gaston Boulevard,Brooklyn,40.664663,-73.905581,42471649/3564478995
Dumont Avenue,New Jersey Avenue,Brooklyn,40.666446,-73.893446,42495805
Dumont Avenue,New Lots Avenue,Brooklyn,40.66894,-73.876551,10243526952/5749702002
Dumont Avenue,Pennsylvania Avenue,Brooklyn,40.666297,-73.894439,42495641
Dumont Avenue,Pine Street,Brooklyn,40.669934,-73.869602,42522183
Dumont Avenue,Powell Street,Brooklyn,40.665063,-73.902802,42503992
Dumont Avenue,Rockaway Avenue,Brooklyn,40.664097,-73.909305,42516713
Dumont Avenue,Ruby Street,Brooklyn,40.671261,-73.860387,42814423
Dumont Avenue,Saratoga Avenue,Brooklyn,40.663116,-73.915875,42476297
Dumont Avenue,Schenck Avenue,Brooklyn,40.667388,-73.887084,42524683
Dumont Avenue,Sheffield Avenue,Brooklyn,40.666154,-73.895409,42511307
Dumont Avenue,Shepherd Avenue,Brooklyn,40.668522,-73.879411,42517228
Dumont Avenue,Snediker Avenue,Brooklyn,40.665472,-73.899997,42469281
Dumont Avenue,Strauss Street,Brooklyn,40.663255,-73.914917,42515197
Dumont Avenue,Tapscott Street,Brooklyn,40.662556,-73.919626,42460695
Dumont Avenue,Thomas S. Boyland Street,Brooklyn,40.663673,-73.912122,42509486
Dumont Avenue,Van Siclen Avenue,Brooklyn,40.66712,-73.888889,42472351
Dumont Avenue,Van Sinderen Avenue,Brooklyn,40.665346,-73.900851,42520650
Dumont Avenue,Vermont Street,Brooklyn,40.666581,-73.892526,42511407
Dumont Avenue,Warwick Street,Brooklyn,40.667786,-73.884407,42485166
Dumont Avenue,Williams Avenue,Brooklyn,40.665747,-73.898158,42500263
Dumont Avenue,Wyona Street,Brooklyn,40.666716,-73.89161,42478556
Dunham Place,South 6th Street,Brooklyn,40.711649,-73.967233,42468735
Dunne Court,East 7th Street,Brooklyn,40.589958,-73.962591,42485336
Dupont Street,Franklin Street,Brooklyn,40.73556,-73.958527,42520827
Dupont Street,Manhattan Avenue,Brooklyn,40.735873,-73.955191,42535635
Dupont Street,McGuinness Boulevard,Brooklyn,40.736101,-73.952749,42513176/42513233
Dupont Street,Provost Street,Brooklyn,40.736348,-73.950157,42499745
Durland Place,Glenwood Road,Brooklyn,40.642258,-73.906812,42515675
Duryea Place,East 22nd Street,Brooklyn,40.645385,-73.956707,42534762
Duryea Place,Flatbush Avenue,Brooklyn,40.645302,-73.958037,42491715
Dwight Street,Nelson Street,Brooklyn,40.678509,-74.006154,42488699
Dwight Street,Otsego Street,Brooklyn,40.675777,-74.00933,3789327965
Dwight Street,Van Dyke Street,Brooklyn,40.67369,-74.011803,42488717
Dwight Street,Verona Street,Brooklyn,40.677945,-74.006797,42488702
Dwight Street,Wolcott Street,Brooklyn,40.675299,-74.009921,42488710
Eagle Street,Franklin Street,Brooklyn,40.734842,-73.95841,42520825
Eagle Street,Manhattan Avenue,Brooklyn,40.73516,-73.955074,42535632
Eagle Street,McGuinness Boulevard,Brooklyn,40.735391,-73.952633,277046426/277046418
Eagle Street,Provost Street,Brooklyn,40.73564,-73.95004,42499743
Eagle Street,West Street,Brooklyn,40.734689,-73.960047,42531618
East 100th Street,Farragut Road,Brooklyn,40.648142,-73.901658,42493484
East 100th Street,Flatlands Avenue,Brooklyn,40.645165,-73.898341,42494877
East 100th Street,Foster Avenue,Brooklyn,40.649775,-73.903457,42494861
East 100th Street,Glenwood Road,Brooklyn,40.646645,-73.899982,42494865
East 100th Street,Seaview Avenue,Brooklyn,40.635325,-73.887349,42470165/1257569710
East 100th Street,Trucklemans Lane,Brooklyn,40.644479,-73.897566,42494885
East 101st Street,Flatlands Avenue,Brooklyn,40.64563,-73.897619,42521892
East 101st Street,Foster Avenue,Brooklyn,40.650244,-73.902734,42521890
East 101st Street,Glenwood Road,Brooklyn,40.647108,-73.899266,42515709
East 101st Street,Seaview Avenue,Brooklyn,40.635781,-73.88665,1257570186/42470167
East 102nd Street,Farragut Road,Brooklyn,40.64901,-73.900144,42493491
East 102nd Street,Flatlands Avenue,Brooklyn,40.646092,-73.896904,42506142
East 102nd Street,Glenwood Road,Brooklyn,40.647572,-73.898554,42506139
East 102nd Street,Seaview Avenue,Brooklyn,40.636229,-73.885978,42470169/1257570350
East 102nd Street,Shore Parkway Service Road,Brooklyn,40.633409,-73.882873,42487242
East 103rd Street,Farragut Road,Brooklyn,40.649542,-73.899469,42492694
East 103rd Street,Flatlands Avenue,Brooklyn,40.646565,-73.896168,42492709
East 103rd Street,Glenwood Road,Brooklyn,40.648075,-73.897839,42492699
East 103rd Street,Seaview Avenue,Brooklyn,40.636728,-73.885216,1257570027/42470173
East 104th Street,Farragut Road,Brooklyn,40.650025,-73.898728,42493493
East 104th Street,Flatlands Avenue,Brooklyn,40.647062,-73.895426,1273032441/42508535
East 104th Street,Glenwood Road,Brooklyn,40.648552,-73.897099,42508523
East 104th Street,Seaview Avenue,Brooklyn,40.63721,-73.88446,42470177/1257569702
East 105th Street,Farragut Road,Brooklyn,40.650483,-73.89802,42482076
East 105th Street,Flatlands 10th Street,Brooklyn,40.638272,-73.884372,42482135
East 105th Street,Flatlands 1st Street,Brooklyn,40.645321,-73.892218,42482089
East 105th Street,Flatlands 2nd Street,Brooklyn,40.644797,-73.89164,42478897
East 105th Street,Flatlands 3rd Street,Brooklyn,40.643689,-73.890404,42460102
East 105th Street,Flatlands 4th Street,Brooklyn,40.643168,-73.889823,42482098
East 105th Street,Flatlands 5th Street,Brooklyn,40.642055,-73.888582,42482106
East 105th Street,Flatlands 6th Street,Brooklyn,40.641533,-73.888001,42482108
East 105th Street,Flatlands 7th Street,Brooklyn,40.640427,-73.886762,42482113
East 105th Street,Flatlands 8th Street,Brooklyn,40.639904,-73.886186,42482116
East 105th Street,Flatlands 9th Street,Brooklyn,40.638787,-73.884953,42482126
East 105th Street,Flatlands Avenue,Brooklyn,40.647535,-73.894689,1273032437/42482085
East 105th Street,Foster Avenue,Brooklyn,40.652132,-73.899871,42482071
East 105th Street,Glenwood Road,Brooklyn,40.649035,-73.896356,42482079
East 105th Street,Seaview Avenue,Brooklyn,40.63769,-73.883719,1257570107/42470180
East 106th Street,Flatlands Avenue,Brooklyn,40.647976,-73.893996,42523449/1273032438
East 107th Street,Flatlands Avenue,Brooklyn,40.648437,-73.893295,1273032288/42494837
East 108th Street,Farragut Road,Brooklyn,40.651881,-73.895861,42468391
East 108th Street,Flatlands 10th Street,Brooklyn,40.639638,-73.882234,42468438
East 108th Street,Flatlands 1st Street,Brooklyn,40.646697,-73.890094,42468399
East 108th Street,Flatlands 2nd Street,Brooklyn,40.646174,-73.889521,42468402
East 108th Street,Flatlands 3rd Street,Brooklyn,40.645062,-73.88827,42460105
East 108th Street,Flatlands 4th Street,Brooklyn,40.644548,-73.887697,42468406
East 108th Street,Flatlands 5th Street,Brooklyn,40.643434,-73.886459,42468414
East 108th Street,Flatlands 6th Street,Brooklyn,40.642902,-73.88584,42468416
East 108th Street,Flatlands 7th Street,Brooklyn,40.641801,-73.884643,42468425
East 108th Street,Flatlands 8th Street,Brooklyn,40.641277,-73.884058,42468431
East 108th Street,Flatlands 9th Street,Brooklyn,40.640189,-73.882843,42468436
East 108th Street,Flatlands Avenue,Brooklyn,40.648904,-73.892552,42468396/1273032391
East 108th Street,Glenwood Road,Brooklyn,40.650413,-73.894222,42468394
East 108th Street,Seaview Avenue,Brooklyn,40.639069,-73.881586,1257569848/42468439
East 108th Street,Stanley Avenue,Brooklyn,40.653454,-73.89761,42468390
East 10th Street,Foster Avenue,Brooklyn,40.631926,-73.967554,42500702
East 10th Street,Kings Highway,Brooklyn,40.607026,-73.962894,42500769
East 10th Street,Quentin Road,Brooklyn,40.607729,-73.962971,42470996
East 10th Street,Roder Avenue,Brooklyn,40.615904,-73.964512,42500748
East 11th Street,Gilmore Court,Brooklyn,40.585934,-73.959235,42473891
East 11th Street,Guider Avenue,Brooklyn,40.582854,-73.959007,598788329/598788330
East 11th Street,Lawn Court,Brooklyn,40.58328,-73.959032,42473916
East 11th Street,Neptune Avenue,Brooklyn,40.582175,-73.958929,42473923
East 11th Street,Shore Parkway,Brooklyn,40.584866,-73.959145,42473905/42473893
East 11th Street,William Court,Brooklyn,40.586619,-73.959287,42473889
East 12th Street,Elm Avenue,Brooklyn,40.616919,-73.962668,42513874
East 12th Street,Gilmore Court,Brooklyn,40.586076,-73.957935,42494619
East 12th Street,Gravesend Neck Road,Brooklyn,40.594614,-73.959459,7970509578/7970537891
East 12th Street,Guider Avenue,Brooklyn,40.583024,-73.957192,598788317/42466525/42473870
East 12th Street,Kings Highway,Brooklyn,40.607708,-73.960913,42528442
East 12th Street,Lancaster Avenue,Brooklyn,40.593179,-73.959263,42528466
East 12th Street,Lawn Court,Brooklyn,40.583452,-73.957452,42501445
East 12th Street,Locust Avenue,Brooklyn,40.618321,-73.962932,42523228
East 12th Street,Neptune Avenue,Brooklyn,40.582543,-73.957205,42504896
East 12th Street,Quentin Road,Brooklyn,40.607972,-73.960961,42471003
East 12th Street,Shore Parkway,Brooklyn,40.584936,-73.957632,42480634/598788315/598788318
East 12th Street,Westminster Road,Brooklyn,40.629653,-73.965079,42501768
East 12th Street,William Court,Brooklyn,40.586758,-73.958032,42497110
East 13th Street,Elm Avenue,Brooklyn,40.617215,-73.961781,42506109
East 13th Street,Gravesend Neck Road,Brooklyn,40.594439,-73.957462,42506083
East 13th Street,Kings Highway,Brooklyn,40.60803,-73.960037,42471006
East 13th Street,Locust Avenue,Brooklyn,40.618618,-73.962043,42506112
East 13th Street,Quentin Road,Brooklyn,40.60803,-73.960037,42471006
East 13th Street,Shore Parkway,Brooklyn,40.585217,-73.955716,42480640/42461334
East 14th Street,Elm Avenue,Brooklyn,40.61751,-73.960893,42513883
East 14th Street,Gravesend Neck Road,Brooklyn,40.594648,-73.956556,42514125
East 14th Street,Kings Highway,Brooklyn,40.608388,-73.95916,42514101
East 14th Street,Locust Avenue,Brooklyn,40.618916,-73.961154,42514082
East 14th Street,Neptune Avenue,Brooklyn,40.583094,-73.954339,5022348047
East 14th Street,Rugby Road,Brooklyn,40.629857,-73.963223,42490062
East 14th Street,Sheepshead Bay Road,Brooklyn,40.587691,-73.955235,42514144
East 14th Street,Shore Parkway,Brooklyn,40.585176,-73.954764,42480227/598789108
East 15th Street,Elm Avenue,Brooklyn,40.617808,-73.959999,42487796
East 15th Street,Emmons Avenue,Brooklyn,40.583228,-73.953444,2318556436
East 15th Street,Gravesend Neck Road,Brooklyn,40.594856,-73.955649,42487747
East 15th Street,Kings Highway,Brooklyn,40.608748,-73.95828,42487805
East 15th Street,Locust Avenue,Brooklyn,40.619217,-73.960257,42487785
East 15th Street,Shore Parkway,Brooklyn,40.584692,-73.953731,598789101
East 16th Street,Emmons Avenue,Brooklyn,40.583268,-73.952515,2318556437/42477375
East 16th Street,Foster Avenue,Brooklyn,40.634519,-73.96216,42532237
East 16th Street,Gravesend Neck Road,Brooklyn,40.595029,-73.954735,42529578
East 16th Street,Kings Highway,Brooklyn,40.609131,-73.957406,42530570
East 16th Street,Moore Place,Brooklyn,40.604895,-73.956609,42486874
East 16th Street,Newkirk Avenue,Brooklyn,40.635933,-73.96248,42485824
East 16th Street,Quentin Road,Brooklyn,40.608366,-73.957261,42470895
East 16th Street,Sheepshead Bay Road,Brooklyn,40.587193,-73.953247,42519428
East 16th Street,Shore Parkway,Brooklyn,40.585053,-73.952848,9847330564/42480229/42480679
East 16th Street,Voorhies Avenue,Brooklyn,40.585819,-73.952994,42524544
East 17th Street,Elm Avenue,Brooklyn,40.618408,-73.958179,42513863
East 17th Street,Foster Avenue,Brooklyn,40.634928,-73.961309,3513964779
East 17th Street,Glenwood Road,Brooklyn,40.632562,-73.960861,3514028078/42515730/10816293293/3514023982
East 17th Street,Gravesend Neck Road,Brooklyn,40.595349,-73.953815,42519073
East 17th Street,Irvington Place,Brooklyn,40.634063,-73.961145,4504057414/3513970471
East 17th Street,Jerome Avenue,Brooklyn,40.587272,-73.952276,42519100
East 17th Street,Kings Highway,Brooklyn,40.609542,-73.956503,42519045
East 17th Street,Moore Place,Brooklyn,40.605006,-73.955645,2282565373
East 17th Street,Newkirk Avenue,Brooklyn,40.636368,-73.961586,42485829
East 17th Street,Quentin Road,Brooklyn,40.608472,-73.956299,42470896
East 17th Street,Waldorf Court,Brooklyn,40.631768,-73.960711,3513970468/42485476
East 17th Street,Wellington Court,Brooklyn,40.630972,-73.96056,3513970467/42519139
East 18th Street,Elm Avenue,Brooklyn,40.618721,-73.957259,42472661
East 18th Street,Foster Avenue,Brooklyn,40.635374,-73.960401,42492575
East 18th Street,Glenwood Road,Brooklyn,40.632667,-73.959898,11582570282/11582570283
East 18th Street,Gravesend Neck Road,Brooklyn,40.595756,-73.952913,42492642
East 18th Street,Jerome Avenue,Brooklyn,40.587504,-73.951345,42492661
East 18th Street,Kings Highway,Brooklyn,40.609951,-73.955598,42492624
East 18th Street,Newkirk Avenue,Brooklyn,40.636803,-73.960674,42485832
East 18th Street,Quentin Road,Brooklyn,40.608579,-73.955335,42470902
East 18th Street,Tennis Court,Brooklyn,40.648401,-73.96288,42490749
East 18th Street,Voorhies Avenue,Brooklyn,40.58603,-73.951071,42492664
East 19th Street,Emmons Avenue,Brooklyn,40.583554,-73.949622,42465210/2318552171
East 19th Street,Foster Avenue,Brooklyn,40.635785,-73.959527,3695441637
East 19th Street,Glenwood Road,Brooklyn,40.63277,-73.958953,3514028080/42465114
East 19th Street,Gravesend Neck Road,Brooklyn,40.596174,-73.952026,42465179
East 19th Street,Jerome Avenue,Brooklyn,40.587741,-73.950416,42465196
East 19th Street,Kings Highway,Brooklyn,40.610277,-73.954696,42465156
East 19th Street,Newkirk Avenue,Brooklyn,40.637226,-73.959802,42465107
East 19th Street,Quentin Road,Brooklyn,40.608683,-73.95439,42465158
East 19th Street,Saint Pauls Place,Brooklyn,40.649785,-73.96219,42465221
East 19th Street,Shore Parkway,Brooklyn,40.584565,-73.949809,42465208/42465201
East 19th Street,Tennis Court,Brooklyn,40.648511,-73.961935,42465094
East 19th Street,Voorhies Avenue,Brooklyn,40.586136,-73.950104,42465198
East 1st Street,Gravesend Neck Road,Brooklyn,40.594957,-73.970111,42529552
East 21st Street,Emmons Avenue,Brooklyn,40.583715,-73.9474,2318552219/42477381
East 21st Street,Farragut Road,Brooklyn,40.635414,-73.95717,42493507
East 21st Street,Foster Avenue,Brooklyn,40.636791,-73.957436,42532063
East 21st Street,Glenwood Road,Brooklyn,40.633015,-73.956714,3514016521/3514028082
East 21st Street,Gravesend Neck Road,Brooklyn,40.59701,-73.949902,42529594
East 21st Street,Jerome Avenue,Brooklyn,40.588285,-73.948257,42522854
East 21st Street,Kenmore Court,Brooklyn,40.585496,-73.947722,42479978
East 21st Street,Kenmore Terrace,Brooklyn,40.649157,-73.95977,42495359
East 21st Street,Kings Highway,Brooklyn,40.611068,-73.952567,42530578/2279574043
East 21st Street,Newkirk Avenue,Brooklyn,40.638232,-73.957711,42485840
East 21st Street,Quentin Road,Brooklyn,40.608929,-73.95216,42470906
East 21st Street,Regent Place,Brooklyn,40.646129,-73.959201,42460681
East 21st Street,Shore Parkway,Brooklyn,40.584704,-73.947575,42480696/42480232
East 21st Street,Voorhies Avenue,Brooklyn,40.58638,-73.947889,42524551
East 21st Street,Woodruff Avenue,Brooklyn,40.654452,-73.960782,42522831
East 22nd Street,East 23rd Street,Brooklyn,40.588611,-73.947359,7965141332
East 22nd Street,Farragut Road,Brooklyn,40.635516,-73.956242,42493509
East 22nd Street,Foster Avenue,Brooklyn,40.637206,-73.956568,42532251
East 22nd Street,Glenwood Road,Brooklyn,40.63312,-73.955791,11377102512/42515739
East 22nd Street,Gravesend Neck Road,Brooklyn,40.597349,-73.949023,42529598
East 22nd Street,Jerome Avenue,Brooklyn,40.588507,-73.947346,42522857
East 22nd Street,Kenmore Court,Brooklyn,40.585594,-73.946793,42479980
East 22nd Street,Kings Highway,Brooklyn,40.611347,-73.951677,10694179338/42530580
East 22nd Street,Newkirk Avenue,Brooklyn,40.63865,-73.956839,42485845
East 22nd Street,Olean Street,Brooklyn,40.616207,-73.9526,42514573
East 22nd Street,Quentin Road,Brooklyn,40.609031,-73.95123,42470908
East 22nd Street,Shore Parkway,Brooklyn,40.585073,-73.946692,42480234
East 22nd Street,Voorhies Avenue,Brooklyn,40.586482,-73.946961,42524553
East 23rd Street,Emmons Avenue,Brooklyn,40.58372,-73.943966,42477384
East 23rd Street,Farragut Road,Brooklyn,40.635618,-73.955317,42493512
East 23rd Street,Foster Avenue,Brooklyn,40.637625,-73.955696,42508312
East 23rd Street,Glenwood Road,Brooklyn,40.633227,-73.954863,3514013114
East 23rd Street,Gravesend Neck Road,Brooklyn,40.597703,-73.948138,42508450
East 23rd Street,Jerome Avenue,Brooklyn,40.588642,-73.946858,7965141330/42508348
East 23rd Street,Kings Highway,Brooklyn,40.611624,-73.950767,2279612160/2279612162/42508413
East 23rd Street,Newkirk Avenue,Brooklyn,40.639067,-73.955971,42485846
East 23rd Street,Olean Street,Brooklyn,40.615388,-73.951497,42508400
East 23rd Street,Quentin Road,Brooklyn,40.609133,-73.950303,42470910
East 23rd Street,Shore Parkway,Brooklyn,40.584905,-73.944731,42480237/42480703
East 23rd Street,Stephens Court,Brooklyn,40.638368,-73.955833,42508310
East 23rd Street,Vanderveer Place,Brooklyn,40.642062,-73.95541,42508337
East 23rd Street,Voorhies Avenue,Brooklyn,40.586597,-73.945919,42508350
East 24th Street,Farragut Road,Brooklyn,40.63572,-73.95439,42489638
East 24th Street,Foster Avenue,Brooklyn,40.638041,-73.954831,42489636
East 24th Street,Glenwood Road,Brooklyn,40.633326,-73.953934,42489641
East 24th Street,Gravesend Neck Road,Brooklyn,40.598055,-73.947256,42489695
East 24th Street,Kings Highway,Brooklyn,40.612319,-73.949967,2279612164/42489678/2279612166
East 24th Street,Olean Street,Brooklyn,40.61458,-73.950389,42489671
East 24th Street,Quentin Road,Brooklyn,40.609234,-73.949377,42470913
East 24th Street,Voorhies Avenue,Brooklyn,40.586686,-73.945108,42489711
East 25th Street,Foster Avenue,Brooklyn,40.638425,-73.953072,42532331
East 25th Street,Newkirk Avenue,Brooklyn,40.639691,-73.953205,42485856
East 26th Street,Emmons Avenue,Brooklyn,40.583702,-73.942583,2318552173/42471415
East 26th Street,Farragut Road,Brooklyn,40.63593,-73.952465,42471358
East 26th Street,Flatbush Avenue,Brooklyn,40.637271,-73.952381,42471347/42471355
East 26th Street,Foster Avenue,Brooklyn,40.638421,-73.952133,42471344
East 26th Street,Glenwood Road,Brooklyn,40.633531,-73.95201,42471361
East 26th Street,Gravesend Neck Road,Brooklyn,40.598762,-73.945432,42471381
East 26th Street,Kings Highway,Brooklyn,40.613585,-73.948257,2563083400/2279574046
East 26th Street,Newkirk Avenue,Brooklyn,40.639748,-73.952278,42471337
East 26th Street,Quentin Road,Brooklyn,40.609445,-73.947454,42470917
East 26th Street,Shore Parkway,Brooklyn,40.585118,-73.942851,42471402/42471413
East 26th Street,Voorhies Avenue,Brooklyn,40.586897,-73.943186,42471398
East 27th Street,Emmons Avenue,Brooklyn,40.583807,-73.941483,2318552204/2318552231
East 27th Street,Glenwood Road,Brooklyn,40.633635,-73.951059,42515753
East 27th Street,Gravesend Neck Road,Brooklyn,40.599105,-73.94455,42526271
East 27th Street,Kings Highway,Brooklyn,40.614231,-73.947415,42526249/2563107373/2563083423
East 27th Street,Quentin Road,Brooklyn,40.609547,-73.946525,42470920
East 27th Street,Shore Parkway,Brooklyn,40.585237,-73.94184,42480716/42480239
East 27th Street,Voorhies Avenue,Brooklyn,40.586999,-73.94226,42524561
East 28th Street,Emmons Avenue,Brooklyn,40.583838,-73.940723,42477393/2318552214
East 28th Street,Farragut Road,Brooklyn,40.636161,-73.949921,42493525
East 28th Street,Flatbush Avenue,Brooklyn,40.634982,-73.949946,42491768
East 28th Street,Foster Avenue,Brooklyn,40.638491,-73.950167,42502502
East 28th Street,Gravesend Neck Road,Brooklyn,40.599447,-73.94367,42502564
East 28th Street,Kings Highway,Brooklyn,40.614797,-73.946569,2279612176/42502539/2279612174
East 28th Street,Newkirk Avenue,Brooklyn,40.63987,-73.950317,42485861
East 28th Street,Quentin Road,Brooklyn,40.609648,-73.945599,42470923
East 28th Street,Shore Parkway,Brooklyn,40.58537,-73.941005,42480240/42480721
East 28th Street,Tilden Avenue,Brooklyn,40.646811,-73.951061,42502471
East 28th Street,Voorhies Avenue,Brooklyn,40.587101,-73.941332,11384447141
East 29th Street,Emmons Avenue,Brooklyn,40.583869,-73.93981,42476952/2553290340
East 29th Street,Farragut Road,Brooklyn,40.636217,-73.948989,42476983
East 29th Street,Flatbush Avenue,Brooklyn,40.633951,-73.948848,9258589444
East 29th Street,Foster Avenue,Brooklyn,40.638548,-73.949233,42476980
East 29th Street,Glenwood Road,Brooklyn,40.633951,-73.948848,9258589444
East 29th Street,Gravesend Neck Road,Brooklyn,40.599795,-73.942789,42477045
East 29th Street,Kings Highway,Brooklyn,40.615367,-73.945738,42477025/2279612178/2279612180
East 29th Street,Newkirk Avenue,Brooklyn,40.639928,-73.949383,42476976
East 29th Street,Quentin Road,Brooklyn,40.609749,-73.944674,42470924
East 29th Street,Shore Parkway,Brooklyn,40.585243,-73.940039,42476938
East 29th Street,Tilden Avenue,Brooklyn,40.646847,-73.950125,42476957
East 29th Street,Voorhies Avenue,Brooklyn,40.587203,-73.940406,42477067
East 2nd Street,Elmwood Avenue,Brooklyn,40.627129,-73.975275,42495251
East 2nd Street,Fort Hamilton Parkway,Brooklyn,40.648138,-73.979252,42460843
East 2nd Street,Gravesend Neck Road,Brooklyn,40.59485,-73.969152,42495312
East 2nd Street,Greenwood Avenue,Brooklyn,40.649953,-73.979598,42495225
East 2nd Street,Kings Highway,Brooklyn,40.604328,-73.971002,42495292
East 2nd Street,Manhattan Court,Brooklyn,40.58791,-73.967834,42495325
East 2nd Street,Quentin Road,Brooklyn,40.606799,-73.971505,42470971
East 2nd Street,Ryder Avenue,Brooklyn,40.612936,-73.972673,42474770
East 2nd Street,Seton Place,Brooklyn,40.631275,-73.976048,42495242
East 2nd Street,Vanderbilt Street,Brooklyn,40.652032,-73.979994,42495222
East 2nd Street,Woodside Avenue,Brooklyn,40.605776,-73.971312,42495286
East 31st Street,East 32nd Street,Brooklyn,40.616816,-73.943958,42464505
East 31st Street,Fairview Place,Brooklyn,40.650855,-73.948591,42483729
East 31st Street,Farragut Place,Brooklyn,40.637432,-73.947171,42483670
East 31st Street,Farragut Road,Brooklyn,40.636337,-73.947045,42483674
East 31st Street,Fillmore Avenue,Brooklyn,40.609055,-73.936761,42479068
East 31st Street,Flatbush Avenue,Brooklyn,40.631976,-73.946764,42483682
East 31st Street,Foster Avenue,Brooklyn,40.638664,-73.947337,3659144775
East 31st Street,Glenwood Road,Brooklyn,40.634074,-73.946807,42483677
East 31st Street,Kings Highway,Brooklyn,40.61663,-73.94418,42464505/2563105315/2317462477
East 31st Street,Newkirk Avenue,Brooklyn,40.640061,-73.947446,42483752
East 31st Street,Quentin Road,Brooklyn,40.612315,-73.940397,42470834
East 31st Street,Snyder Avenue,Brooklyn,40.648983,-73.948401,42483733
East 31st Street,Tilden Avenue,Brooklyn,40.646926,-73.948177,42483736
East 32nd Street,Farragut Place,Brooklyn,40.637482,-73.946238,42464429
East 32nd Street,Farragut Road,Brooklyn,40.636396,-73.94611,42464433
East 32nd Street,Fillmore Avenue,Brooklyn,40.609515,-73.936046,42464516
East 32nd Street,Flatbush Avenue,Brooklyn,40.631011,-73.945742,42464439
East 32nd Street,Glenwood Road,Brooklyn,40.634131,-73.945869,42464434
East 32nd Street,Newkirk Avenue,Brooklyn,40.640116,-73.946509,42464463
East 32nd Street,Quentin Road,Brooklyn,40.612782,-73.939683,42464511
East 32nd Street,Raleigh Place,Brooklyn,40.650899,-73.947656,42464442
East 32nd Street,Snyder Avenue,Brooklyn,40.649041,-73.947467,42464444
East 32nd Street,Tilden Avenue,Brooklyn,40.646964,-73.947241,42464445
East 33rd Street,Fillmore Avenue,Brooklyn,40.609974,-73.935331,42479070
East 33rd Street,Quentin Road,Brooklyn,40.613241,-73.938968,42470839
East 34th Street,Farragut Road,Brooklyn,40.636518,-73.944159,11877799383
East 34th Street,Fillmore Avenue,Brooklyn,40.610442,-73.934622,42479071
East 34th Street,Flatbush Avenue,Brooklyn,40.62873,-73.943332,42491808
East 34th Street,Glenwood Road,Brooklyn,40.634249,-73.943914,42500494
East 34th Street,Kings Highway,Brooklyn,40.619524,-73.941635,2317462517/2317462503
East 34th Street,Lenox Road,Brooklyn,40.65441,-73.946066,42467304
East 34th Street,Linden Boulevard,Brooklyn,40.652855,-73.945905,42500501
East 34th Street,New York Avenue,Brooklyn,40.617526,-73.942212,42496638
East 34th Street,Newkirk Avenue,Brooklyn,40.640226,-73.94455,42485870
East 34th Street,Quentin Road,Brooklyn,40.613704,-73.938252,42470844
East 34th Street,Snyder Avenue,Brooklyn,40.649162,-73.945508,42500506
East 34th Street,Tilden Avenue,Brooklyn,40.647047,-73.945285,42500509
East 34th Street,Victor Road,Brooklyn,40.639506,-73.944473,42500518
East 35th Street,Farragut Road,Brooklyn,40.636576,-73.943222,42473665
East 35th Street,Fillmore Avenue,Brooklyn,40.6109,-73.933902,42473774
East 35th Street,Flatbush Avenue,Brooklyn,40.62776,-73.942305,12258010869/42473717
East 35th Street,Flatlands Avenue,Brooklyn,40.617723,-73.940754,42473763/42473751
East 35th Street,Glenwood Road,Brooklyn,40.634306,-73.94298,42473666
East 35th Street,Kings Highway,Brooklyn,40.620425,-73.940799,5370827281/42473746
East 35th Street,Lenox Road,Brooklyn,40.654472,-73.945137,42467306
East 35th Street,Linden Boulevard,Brooklyn,40.652915,-73.94497,42473673
East 35th Street,Newkirk Avenue,Brooklyn,40.640285,-73.943617,42473701
East 35th Street,Quentin Road,Brooklyn,40.614165,-73.937542,42470853
East 35th Street,Snyder Avenue,Brooklyn,40.64922,-73.944577,42473678
East 35th Street,Tilden Avenue,Brooklyn,40.647084,-73.944348,42473683
East 35th Street,Victor Road,Brooklyn,40.639567,-73.943517,42473703
East 36th Street,Fillmore Avenue,Brooklyn,40.611377,-73.933166,42479072
East 36th Street,Flatbush Avenue,Brooklyn,40.626536,-73.941011,42491822
East 36th Street,Flatlands Avenue,Brooklyn,40.618232,-73.939972,42523514/42523511
East 36th Street,Kings Highway,Brooklyn,40.621167,-73.939992,2317462552/42528221/2317462558
East 36th Street,Quentin Road,Brooklyn,40.614642,-73.936799,42470862
East 37th Street,Farragut Road,Brooklyn,40.636696,-73.941284,42493546
East 37th Street,Fillmore Avenue,Brooklyn,40.611858,-73.932422,42479074
East 37th Street,Flatbush Avenue,Brooklyn,40.625564,-73.939985,42491834/42491828
East 37th Street,Flatlands Avenue,Brooklyn,40.618752,-73.939182,42505824/42505873
East 37th Street,Foster Avenue,Brooklyn,40.639025,-73.941533,42505805
East 37th Street,Glenwood Road,Brooklyn,40.634423,-73.94104,42505809
East 37th Street,Kings Highway,Brooklyn,40.621568,-73.93912,42505860/2317435438/2317435431
East 37th Street,Lenox Road,Brooklyn,40.654576,-73.943209,42467309
East 37th Street,Linden Boulevard,Brooklyn,40.653033,-73.943029,42505791
East 37th Street,Quentin Road,Brooklyn,40.615123,-73.936057,42470868
East 37th Street,Snyder Avenue,Brooklyn,40.649341,-73.942631,42502835
East 38th Street,Farragut Road,Brooklyn,40.636754,-73.94035,42493550
East 38th Street,Fillmore Avenue,Brooklyn,40.612322,-73.93171,42479075
East 38th Street,Flatbush Avenue,Brooklyn,40.624228,-73.938571,7960202505
East 38th Street,Foster Avenue,Brooklyn,40.639083,-73.940597,42513903
East 38th Street,Glenwood Road,Brooklyn,40.634479,-73.940108,42513907
East 38th Street,Hubbard Place,Brooklyn,40.624228,-73.938571,7960202505
East 38th Street,Kings Highway,Brooklyn,40.621871,-73.938231,2317435440/2317435442/42513924
East 38th Street,Lenox Road,Brooklyn,40.654633,-73.942257,42467311
East 38th Street,Linden Boulevard,Brooklyn,40.653091,-73.942098,42510375
East 38th Street,Quentin Road,Brooklyn,40.615584,-73.935348,42470877
East 38th Street,Snyder Avenue,Brooklyn,40.649398,-73.9417,42502838
East 39th Street,Farragut Road,Brooklyn,40.636812,-73.939414,42487285
East 39th Street,Foster Avenue,Brooklyn,40.639142,-73.939664,42487284
East 39th Street,Glenwood Road,Brooklyn,40.634536,-73.939172,42487287
East 39th Street,Hubbard Place,Brooklyn,40.624799,-73.937651,42487295
East 39th Street,Lenox Road,Brooklyn,40.65469,-73.941331,42467313
East 39th Street,Linden Boulevard,Brooklyn,40.653149,-73.941164,42487271
East 39th Street,Snyder Avenue,Brooklyn,40.649456,-73.940764,42487276
East 3rd Street,Elmwood Avenue,Brooklyn,40.627231,-73.974343,42516979
East 3rd Street,Fort Hamilton Parkway,Brooklyn,40.648481,-73.978369,42460839
East 3rd Street,Foster Avenue,Brooklyn,40.628412,-73.974832,42516972
East 3rd Street,Gravesend Neck Road,Brooklyn,40.594745,-73.96818,42516946
East 3rd Street,Greenwood Avenue,Brooklyn,40.650294,-73.978721,42511460
East 3rd Street,Kings Highway,Brooklyn,40.60445,-73.97003,42516930
East 3rd Street,Ocean Court,Brooklyn,40.590142,-73.967307,42512399
East 3rd Street,Parkway Court,Brooklyn,40.589453,-73.967178,42516958
East 3rd Street,Quentin Road,Brooklyn,40.60691,-73.970489,42470974
East 3rd Street,Ryder Avenue,Brooklyn,40.613289,-73.971696,42474771
East 3rd Street,Vanderbilt Street,Brooklyn,40.652378,-73.979115,42516884
East 3rd Street,Walsh Court,Brooklyn,40.62802,-73.974487,42516974
East 40th Street,Farragut Road,Brooklyn,40.63687,-73.938481,42460603
East 40th Street,Flatlands Avenue,Brooklyn,40.622275,-73.93376,42460595
East 40th Street,Foster Avenue,Brooklyn,40.6392,-73.938731,42460602
East 40th Street,Glenwood Road,Brooklyn,40.634592,-73.938237,42460605
East 40th Street,Hubbard Place,Brooklyn,40.625233,-73.936905,42460591
East 40th Street,Kings Highway,Brooklyn,40.623884,-73.935475,2317435465/2317435475/42460593
East 40th Street,Lenox Road,Brooklyn,40.654748,-73.940393,42460576
East 40th Street,Linden Boulevard,Brooklyn,40.653207,-73.94023,42460579
East 40th Street,Lott Place,Brooklyn,40.622937,-73.934479,42460594
East 40th Street,Snyder Avenue,Brooklyn,40.649514,-73.939834,42460583
East 41st Street,Kings Highway,Brooklyn,40.624353,-73.934771,2317435479
East 41st Street,Troy Avenue,Brooklyn,40.622822,-73.933122,42493039
East 42nd Street,Farragut Road,Brooklyn,40.636991,-73.936543,42476232
East 42nd Street,Foster Avenue,Brooklyn,40.639319,-73.936792,42476229
East 42nd Street,Glenwood Road,Brooklyn,40.634711,-73.936296,42476235
East 42nd Street,Lenox Road,Brooklyn,40.654865,-73.938453,42467319
East 42nd Street,Linden Boulevard,Brooklyn,40.653327,-73.93829,42476247
East 42nd Street,Snyder Avenue,Brooklyn,40.649644,-73.937899,42476255
East 43rd Street,Farragut Road,Brooklyn,40.637049,-73.935608,42493559
East 43rd Street,Flatlands Avenue,Brooklyn,40.622114,-73.934007,42523347
East 43rd Street,Foster Avenue,Brooklyn,40.639378,-73.935856,42532359
East 43rd Street,Glenwood Road,Brooklyn,40.634769,-73.93536,42515773
East 43rd Street,Lenox Road,Brooklyn,40.654922,-73.937518,42467323
East 43rd Street,Linden Boulevard,Brooklyn,40.653386,-73.937356,42510386
East 43rd Street,Snyder Avenue,Brooklyn,40.649699,-73.93697,42502840
East 45th Street,Farragut Road,Brooklyn,40.637169,-73.933669,42484504
East 45th Street,Flatbush Avenue,Brooklyn,40.617927,-73.931731,42470889
East 45th Street,Flatlands Avenue,Brooklyn,40.623269,-73.932195,42484539
East 45th Street,Foster Avenue,Brooklyn,40.639496,-73.933918,42484503
East 45th Street,Glendale Court,Brooklyn,40.633244,-73.933254,42484515
East 45th Street,Glenwood Road,Brooklyn,40.634889,-73.933427,42484506
East 45th Street,Lenox Road,Brooklyn,40.655046,-73.935578,42467325
East 45th Street,Linden Boulevard,Brooklyn,40.653505,-73.935416,42484484
East 45th Street,Quentin Road,Brooklyn,40.617927,-73.931731,42470889
East 45th Street,Rutland Road,Brooklyn,40.660295,-73.936136,42484563
East 45th Street,Snyder Avenue,Brooklyn,40.649812,-73.935019,42484489
East 45th Street,Winthrop Street,Brooklyn,40.657997,-73.935892,42484565
East 46th Street,Farragut Road,Brooklyn,40.637225,-73.932739,42493563
East 46th Street,Flatbush Avenue,Brooklyn,40.616922,-73.930602,42491895
East 46th Street,Flatlands Avenue,Brooklyn,40.62385,-73.931307,42523353
East 46th Street,Foster Avenue,Brooklyn,40.639555,-73.932984,42532364
East 46th Street,Glenwood Road,Brooklyn,40.634947,-73.9325,42515777
East 46th Street,Kings Highway,Brooklyn,40.630627,-73.932022,2317435534/2317435535
East 46th Street,Lenox Road,Brooklyn,40.655096,-73.934645,42467327
East 46th Street,Linden Boulevard,Brooklyn,40.653563,-73.934483,42510396
East 46th Street,Rutland Road,Brooklyn,40.660357,-73.935203,42497531
East 46th Street,Snyder Avenue,Brooklyn,40.649879,-73.934096,42502844
East 46th Street,Winthrop Street,Brooklyn,40.658054,-73.934964,42522034
East 48th Street,Farragut Road,Brooklyn,40.637349,-73.930796,42489586
East 48th Street,Flatbush Avenue,Brooklyn,40.614969,-73.928432,42489547
East 48th Street,Flatlands Avenue,Brooklyn,40.625032,-73.929482,42489533
East 48th Street,Foster Avenue,Brooklyn,40.639676,-73.931042,42489582
East 48th Street,Glenwood Road,Brooklyn,40.635067,-73.930554,42489511
East 48th Street,Kings Highway,Brooklyn,40.63231,-73.930272,2317435538/2317435539
East 48th Street,Lenox Road,Brooklyn,40.655225,-73.932708,42467331
East 48th Street,Linden Boulevard,Brooklyn,40.653683,-73.932539,42489554
East 48th Street,Maple Street,Brooklyn,40.661921,-73.933424,42485112
East 48th Street,Midwood Street,Brooklyn,40.661215,-73.933348,42467065
East 48th Street,Snyder Avenue,Brooklyn,40.649999,-73.932153,42489563
East 48th Street,Tilden Avenue,Brooklyn,40.648069,-73.931939,42489567
East 49th Street,Farragut Road,Brooklyn,40.637408,-73.929862,42493571
East 49th Street,Fillmore Avenue,Brooklyn,40.614425,-73.927399,42479109
East 49th Street,Flatbush Avenue,Brooklyn,40.614015,-73.927353,42491914
East 49th Street,Flatlands Avenue,Brooklyn,40.625605,-73.928606,42523356
East 49th Street,Foster Avenue,Brooklyn,40.639734,-73.930111,42532372
East 49th Street,Glenwood Road,Brooklyn,40.635125,-73.929625,42515785
East 49th Street,Kings Highway,Brooklyn,40.6332,-73.929404,2317435542/2317435543
East 49th Street,Lenox Road,Brooklyn,40.655282,-73.931774,42467333
East 49th Street,Linden Boulevard,Brooklyn,40.653742,-73.931608,42510409
East 49th Street,Rutland Road,Brooklyn,40.660532,-73.932336,42497547
East 49th Street,Snyder Avenue,Brooklyn,40.650055,-73.931219,42502848
East 49th Street,Tilden Avenue,Brooklyn,40.648127,-73.931006,42521095
East 49th Street,Winthrop Street,Brooklyn,40.658233,-73.932084,42522040
East 4th Street,Elmwood Avenue,Brooklyn,40.627333,-73.973415,42498704
East 4th Street,Estate Road,Brooklyn,40.608284,-73.9698,42498735
East 4th Street,Fort Hamilton Parkway,Brooklyn,40.648828,-73.97749,42460836
East 4th Street,Gravesend Neck Road,Brooklyn,40.594657,-73.967221,42498748
East 4th Street,Greenwood Avenue,Brooklyn,40.65064,-73.977831,42498760
East 4th Street,Kings Highway,Brooklyn,40.604555,-73.969102,42498737
East 4th Street,Quentin Road,Brooklyn,40.607013,-73.969561,42470978
East 4th Street,Ryder Avenue,Brooklyn,40.613589,-73.97081,42474773
East 4th Street,Vanderbilt Street,Brooklyn,40.652721,-73.97823,42498758
East 51st Street,Farragut Road,Brooklyn,40.63759,-73.927854,42493576
East 51st Street,Fillmore Avenue,Brooklyn,40.614549,-73.925396,42479120
East 51st Street,Flatbush Avenue,Brooklyn,40.612277,-73.925166,42491932
East 51st Street,Flatlands Avenue,Brooklyn,40.626821,-73.926709,42503224
East 51st Street,Foster Avenue,Brooklyn,40.639859,-73.928098,42503288
East 51st Street,Kings Highway,Brooklyn,40.634885,-73.927576,2317413015
East 51st Street,Lenox Road,Brooklyn,40.655406,-73.929765,42467335
East 51st Street,Linden Boulevard,Brooklyn,40.653862,-73.929594,42503269
East 51st Street,Remsen Avenue,Brooklyn,40.662147,-73.930382,42468557
East 51st Street,Rutland Road,Brooklyn,40.660662,-73.930322,42497556
East 51st Street,Snyder Avenue,Brooklyn,40.650181,-73.929207,42502853
East 51st Street,Tilden Avenue,Brooklyn,40.64825,-73.928995,42503271
East 51st Street,Winthrop Street,Brooklyn,40.658357,-73.930078,42503266
East 52nd Street,East 53rd Street,Brooklyn,40.611394,-73.923112,42473130
East 52nd Street,Farragut Road,Brooklyn,40.638049,-73.926968,42493580
East 52nd Street,Fillmore Avenue,Brooklyn,40.614606,-73.924468,42479124
East 52nd Street,Flatlands Avenue,Brooklyn,40.627392,-73.925826,42523366
East 52nd Street,Glenwood Road,Brooklyn,40.635306,-73.926675,42515794
East 52nd Street,Kings Highway,Brooklyn,40.636008,-73.926773,42530720/2317413023
East 52nd Street,Lenox Road,Brooklyn,40.655463,-73.928829,42467337
East 52nd Street,Linden Boulevard,Brooklyn,40.653923,-73.928662,42510432
East 52nd Street,Remsen Avenue,Brooklyn,40.66132,-73.929461,42468562
East 52nd Street,Rutland Road,Brooklyn,40.660722,-73.929392,42497560
East 52nd Street,Snyder Avenue,Brooklyn,40.650238,-73.928267,42502855
East 52nd Street,Tilden Avenue,Brooklyn,40.648308,-73.928062,42521100
East 52nd Street,Winthrop Street,Brooklyn,40.658415,-73.929142,42522051
East 53rd Street,Farragut Road,Brooklyn,40.638546,-73.926021,42493581
East 53rd Street,Fillmore Avenue,Brooklyn,40.614666,-73.923498,42473125
East 53rd Street,Flatbush Avenue,Brooklyn,40.610647,-73.923241,544348752/42473131
East 53rd Street,Flatlands Avenue,Brooklyn,40.627984,-73.924918,42473100
East 53rd Street,Glenwood Road,Brooklyn,40.635367,-73.925706,42473086
East 53rd Street,Lenox Road,Brooklyn,40.655525,-73.927863,42467339
East 53rd Street,Linden Boulevard,Brooklyn,40.653985,-73.927694,42473152
East 53rd Street,Preston Court,Brooklyn,40.637575,-73.925919,2317413036
East 53rd Street,Remsen Avenue,Brooklyn,40.660179,-73.92819,42468570
East 53rd Street,Snyder Avenue,Brooklyn,40.650298,-73.927297,42473155
East 53rd Street,Tilden Avenue,Brooklyn,40.64837,-73.927092,42473159
East 53rd Street,Winthrop Street,Brooklyn,40.658476,-73.928166,42473144
East 54th Street,Fillmore Avenue,Brooklyn,40.614726,-73.92253,42479128
East 54th Street,Flatlands Avenue,Brooklyn,40.628567,-73.924005,42523373
East 54th Street,Foster Avenue,Brooklyn,40.637008,-73.92492,42532265/3611735246
East 54th Street,Glenwood Road,Brooklyn,40.635428,-73.924738,42515799
East 54th Street,Lenox Road,Brooklyn,40.655583,-73.926891,42467343
East 54th Street,Linden Boulevard,Brooklyn,40.654044,-73.926721,42510442
East 54th Street,Remsen Avenue,Brooklyn,40.659301,-73.927213,42468573
East 54th Street,Snyder Avenue,Brooklyn,40.650357,-73.926327,42502858
East 54th Street,Tilden Avenue,Brooklyn,40.648427,-73.926121,42521104
East 54th Street,Winthrop Street,Brooklyn,40.658919,-73.927207,42468573/42522054
East 55th Street,Fillmore Avenue,Brooklyn,40.614784,-73.921596,42479131
East 55th Street,Flatlands Avenue,Brooklyn,40.629143,-73.923128,42513977
East 55th Street,Foster Avenue,Brooklyn,40.637421,-73.924037,42513969/3611735247
East 55th Street,Glenwood Road,Brooklyn,40.635485,-73.923803,42513971
East 55th Street,Lenox Road,Brooklyn,40.655644,-73.925954,42467346
East 55th Street,Linden Boulevard,Brooklyn,40.654103,-73.925789,42510447
East 55th Street,Mill Lane,Brooklyn,40.618383,-73.921981,42483824
East 55th Street,Remsen Avenue,Brooklyn,40.658338,-73.92614,42468576
East 55th Street,Snyder Avenue,Brooklyn,40.650414,-73.925393,42502860
East 55th Street,Tilden Avenue,Brooklyn,40.648486,-73.925187,42514023
East 56th Street,Farragut Road,Brooklyn,40.635543,-73.922832,42467749
East 56th Street,Fillmore Avenue,Brooklyn,40.614844,-73.920625,42467767
East 56th Street,Flatlands Avenue,Brooklyn,40.62973,-73.922215,42467755
East 56th Street,Foster Avenue,Brooklyn,40.637901,-73.923081,3611735248/42467746
East 56th Street,Glenwood Road,Brooklyn,40.635534,-73.922975,3574847193/42467749
East 56th Street,Kings Highway,Brooklyn,40.648648,-73.924234,42467707/2800223411
East 56th Street,Lenox Road,Brooklyn,40.655703,-73.924984,42467350
East 56th Street,Linden Boulevard,Brooklyn,40.654162,-73.924821,42467788
East 56th Street,Mill Lane,Brooklyn,40.618123,-73.920971,42467764
East 56th Street,Preston Court,Brooklyn,40.6388,-73.923198,42467742
East 56th Street,Remsen Avenue,Brooklyn,40.657418,-73.925119,42467776
East 56th Street,Snyder Avenue,Brooklyn,40.650478,-73.924424,42467793
East 56th Street,Whitty Lane,Brooklyn,40.640495,-73.923375,42467732
East 57th Place,Mill Avenue,Brooklyn,40.608986,-73.912266,42480022
East 57th Place,Strickland Avenue,Brooklyn,40.609612,-73.913792,5369529459/8433347327
East 57th Street,Farragut Road,Brooklyn,40.636075,-73.921908,42493416
East 57th Street,Fillmore Avenue,Brooklyn,40.614904,-73.919658,42479137
East 57th Street,Flatlands Avenue,Brooklyn,40.630336,-73.921303,42523379
East 57th Street,Foster Avenue,Brooklyn,40.638475,-73.922198,3611735249/42524274
East 57th Street,Kings Highway,Brooklyn,40.650835,-73.923473,42502868/2800223415
East 57th Street,Lenox Road,Brooklyn,40.65576,-73.924015,42467355
East 57th Street,Linden Boulevard,Brooklyn,40.654221,-73.923849,42510453
East 57th Street,Remsen Avenue,Brooklyn,40.656385,-73.923976,42468581
East 57th Street,Snyder Avenue,Brooklyn,40.650539,-73.923424,42502868
East 57th Street,Tilden Avenue,Brooklyn,40.648611,-73.923253,42521111
East 58th Street,Farragut Road,Brooklyn,40.636539,-73.920991,42493418
East 58th Street,Flatlands Avenue,Brooklyn,40.630904,-73.920418,42500327
East 58th Street,Foster Avenue,Brooklyn,40.63899,-73.921301,42500459
East 58th Street,Glenwood Road,Brooklyn,40.63333,-73.920683,42500325
East 58th Street,Kings Highway,Brooklyn,40.653047,-73.922803,1942053831
East 58th Street,Linden Boulevard,Brooklyn,40.654279,-73.922916,42500404
East 58th Street,Remsen Avenue,Brooklyn,40.655421,-73.922889,42468582
East 58th Street,Snyder Avenue,Brooklyn,40.650594,-73.922529,42500447
East 58th Street,Tilden Avenue,Brooklyn,40.648667,-73.922313,42500450
East 59th Place,Mill Avenue,Brooklyn,40.610333,-73.910898,42512409
East 59th Place,Strickland Avenue,Brooklyn,40.610948,-73.913176,5369529461/42512406
East 59th Street,Farragut Road,Brooklyn,40.636988,-73.920119,42473329
East 59th Street,Flatlands Avenue,Brooklyn,40.631471,-73.919543,42473339
East 59th Street,Foster Avenue,Brooklyn,40.639555,-73.920418,42473325
East 59th Street,Glenwood Road,Brooklyn,40.633865,-73.919809,42473333
East 59th Street,Kings Highway,Brooklyn,40.653908,-73.922145,1942053851
East 59th Street,Paerdegat Avenue South,Brooklyn,40.632955,-73.919704,42473335
East 59th Street,Snyder Avenue,Brooklyn,40.650652,-73.921594,42473388
East 59th Street,Tilden Avenue,Brooklyn,40.648725,-73.921383,42473390
East 5th Street,Elmwood Avenue,Brooklyn,40.627437,-73.97249,42519653
East 5th Street,Estate Road,Brooklyn,40.60838,-73.968875,2396823264
East 5th Street,Fort Hamilton Parkway,Brooklyn,40.649175,-73.976605,42460832
East 5th Street,Foster Avenue,Brooklyn,40.629372,-73.972852,42530977
East 5th Street,Gravesend Neck Road,Brooklyn,40.594565,-73.966257,11507724328
East 5th Street,Greenwood Avenue,Brooklyn,40.650967,-73.976976,42511468
East 5th Street,Kings Highway,Brooklyn,40.60494,-73.968224,42530544
East 5th Street,Ocean Parkway,Brooklyn,40.649093,-73.976593,1942053193
East 5th Street,Quentin Road,Brooklyn,40.607114,-73.968636,42470981
East 5th Street,Ryder Avenue,Brooklyn,40.6139,-73.969921,42474774
East 5th Street,Vanderbilt Street,Brooklyn,40.652893,-73.977632,588152241
East 5th Street,Walsh Court,Brooklyn,40.628274,-73.972646,42529289
East 60th Place,Mill Avenue,Brooklyn,40.611005,-73.910524,42489997
East 60th Place,Strickland Avenue,Brooklyn,40.611622,-73.912871,42489996/5369529462
East 61st Street,Ralph Avenue,Brooklyn,40.616978,-73.916981,42480160
East 63rd Street,Mayfair Drive North,Brooklyn,40.611761,-73.909495,42495466
East 63rd Street,Mayfair Drive South,Brooklyn,40.609221,-73.910704,42497094
East 63rd Street,Mill Lane,Brooklyn,40.61891,-73.916228,42483804
East 63rd Street,National Drive,Brooklyn,40.60611,-73.91525,42489440
East 63rd Street,Strickland Avenue,Brooklyn,40.614329,-73.911314,42518845
East 64th Street,Mayfair Drive North,Brooklyn,40.611779,-73.90856,42460498
East 64th Street,Mayfair Drive South,Brooklyn,40.608783,-73.909964,42460545
East 64th Street,Mill Lane,Brooklyn,40.619148,-73.915394,42460434/5554352645
East 64th Street,National Drive,Brooklyn,40.605572,-73.914641,42460562
East 64th Street,Ralph Avenue,Brooklyn,40.620958,-73.917413,42460425
East 64th Street,Strickland Avenue,Brooklyn,40.614788,-73.910607,42460447
East 64th Street,Veterans Avenue,Brooklyn,40.619649,-73.915783,42460428
East 65th Street,Mayfair Drive North,Brooklyn,40.611796,-73.907625,42495470
East 65th Street,Mayfair Drive South,Brooklyn,40.608345,-73.909225,42497091
East 65th Street,National Drive,Brooklyn,40.605024,-73.914039,42489442
East 65th Street,Ralph Avenue,Brooklyn,40.621941,-73.917515,42493995
East 65th Street,Strickland Avenue,Brooklyn,40.615247,-73.909895,42518853
East 65th Street,Veterans Avenue,Brooklyn,40.61971,-73.914748,42501036
East 66th Street,Gaylord Drive North,Brooklyn,40.610412,-73.906825,42498431
East 66th Street,Gaylord Drive South,Brooklyn,40.60909,-73.907475,42498437
East 66th Street,Mayfair Drive North,Brooklyn,40.611801,-73.906645,42495473
East 66th Street,Mayfair Drive South,Brooklyn,40.607895,-73.908452,42497089
East 66th Street,National Drive,Brooklyn,40.60446,-73.913409,42489446
East 66th Street,Ralph Avenue,Brooklyn,40.623717,-73.917709,42493987
East 66th Street,Strickland Avenue,Brooklyn,40.615727,-73.909144,42498363
East 66th Street,Veterans Avenue,Brooklyn,40.619783,-73.913505,42498348/42498479
East 66th Street,Whitman Drive,Brooklyn,40.612519,-73.906746,42498421
East 67th Street,Veterans Avenue,Brooklyn,40.619841,-73.912526,42471014
East 68th Street,Veterans Avenue,Brooklyn,40.619908,-73.911387,42501041
East 69th Street,Veterans Avenue,Brooklyn,40.619987,-73.910133,42484418
East 6th Street,Manhattan Court,Brooklyn,40.588322,-73.964129,42511850
East 6th Street,Shore Parkway,Brooklyn,40.584676,-73.963442,42462719
East 70th Street,Veterans Avenue,Brooklyn,40.620062,-73.90893,42501047
East 71st Street,Veterans Avenue,Brooklyn,40.620138,-73.907776,42490069
East 72nd Street,Ralph Avenue,Brooklyn,40.628005,-73.918162,42472924
East 72nd Street,Royce Place,Brooklyn,40.62397,-73.910819,42472959
East 73rd Street,Ralph Avenue,Brooklyn,40.62877,-73.918245,42493976
East 76th Street,Flatlands Avenue,Brooklyn,40.633604,-73.916227,42508200
East 76th Street,Glenwood Road,Brooklyn,40.635097,-73.917908,42508196
East 76th Street,Paerdegat Avenue North,Brooklyn,40.633117,-73.915707,42508202
East 76th Street,Ralph Avenue,Brooklyn,40.635893,-73.919006,42493967
East 77th Street,Flatlands Avenue,Brooklyn,40.634087,-73.915471,42480960
East 77th Street,Glenwood Road,Brooklyn,40.63559,-73.917147,42480968
East 77th Street,Paerdegat 1st Street,Brooklyn,40.632015,-73.913136,7964677804
East 77th Street,Ralph Avenue,Brooklyn,40.637404,-73.919164,42480966
East 78th Street,Farragut Road,Brooklyn,40.637847,-73.918436,42493425
East 78th Street,Flatlands Avenue,Brooklyn,40.63455,-73.914762,42523396
East 78th Street,Glenwood Road,Brooklyn,40.636046,-73.91643,42515637
East 78th Street,Paerdegat 1st Street,Brooklyn,40.632644,-73.912635,42514261
East 78th Street,Ralph Avenue,Brooklyn,40.638596,-73.91929,42493966
East 79th Street,Farragut Road,Brooklyn,40.638249,-73.917654,42493427
East 79th Street,Flatlands Avenue,Brooklyn,40.635013,-73.914048,42513599
East 79th Street,Glenwood Road,Brooklyn,40.636506,-73.915714,42513595
East 79th Street,Paerdegat 1st Street,Brooklyn,40.63329,-73.912133,42513603
East 79th Street,Ralph Avenue,Brooklyn,40.639775,-73.919415,42493964
East 7th Street,Foster Avenue,Brooklyn,40.630597,-73.970312,42485267
East 7th Street,Friel Place,Brooklyn,40.646787,-73.973351,42485379
East 7th Street,Gerald Court,Brooklyn,40.58852,-73.962322,42485343
East 7th Street,Gravesend Neck Road,Brooklyn,40.594319,-73.963408,42485317
East 7th Street,Greenwood Avenue,Brooklyn,40.651787,-73.974888,42485411
East 7th Street,Kathleen Place,Brooklyn,40.587844,-73.962198,42485348
East 7th Street,Kermit Place,Brooklyn,40.648399,-73.973659,42485376
East 7th Street,Kings Highway,Brooklyn,40.606125,-73.965648,42485300
East 7th Street,Lancaster Avenue,Brooklyn,40.592766,-73.963124,42485325
East 7th Street,Manor Court,Brooklyn,40.586334,-73.961906,42485359
East 7th Street,Montauk Court,Brooklyn,40.585653,-73.961776,42485368
East 7th Street,Ocean Parkway,Brooklyn,40.650342,-73.97461,42485416
East 7th Street,Quentin Road,Brooklyn,40.60742,-73.965892,42470988
East 7th Street,Reeve Place,Brooklyn,40.653092,-73.975158,42485408
East 7th Street,Roder Avenue,Brooklyn,40.614874,-73.967316,42485290
East 7th Street,Shore Parkway,Brooklyn,40.58489,-73.961631,42480223
East 80th Street,Farragut Road,Brooklyn,40.638682,-73.916809,42472055
East 80th Street,Flatlands Avenue,Brooklyn,40.635508,-73.913278,42472058
East 80th Street,Foster Avenue,Brooklyn,40.640586,-73.918929,42472053/3611735255
East 80th Street,Glenwood Road,Brooklyn,40.637007,-73.914943,42472057
East 80th Street,Paerdegat 10th Street,Brooklyn,40.629709,-73.904854,42472093
East 80th Street,Paerdegat 11th Street,Brooklyn,40.629337,-73.904038,42472102
East 80th Street,Paerdegat 12th Street,Brooklyn,40.62897,-73.903222,42472105
East 80th Street,Paerdegat 13th Street,Brooklyn,40.62858,-73.902334,42472108
East 80th Street,Paerdegat 14th Street,Brooklyn,40.628219,-73.901551,42472117
East 80th Street,Paerdegat 15th Street,Brooklyn,40.62786,-73.900742,42472121
East 80th Street,Paerdegat 1st Street,Brooklyn,40.633857,-73.911437,42472059
East 80th Street,Paerdegat 2nd Street,Brooklyn,40.633403,-73.910924,42472063
East 80th Street,Paerdegat 3rd Street,Brooklyn,40.632818,-73.91028,42472067
East 80th Street,Paerdegat 4th Street,Brooklyn,40.63222,-73.90962,42460417
East 80th Street,Paerdegat 5th Street,Brooklyn,40.631617,-73.908943,42472071
East 80th Street,Paerdegat 6th Street,Brooklyn,40.631206,-73.908184,42472072
East 80th Street,Paerdegat 7th Street,Brooklyn,40.630834,-73.907359,42472074
East 80th Street,Paerdegat 8th Street,Brooklyn,40.630458,-73.90652,42472085
East 80th Street,Paerdegat 9th Street,Brooklyn,40.630091,-73.90571,42472088
East 80th Street,Preston Court,Brooklyn,40.641191,-73.919563,42471570
East 80th Street,Ralph Avenue,Brooklyn,40.641017,-73.919545,42471570/7167606522
East 80th Street,Seaview Avenue,Brooklyn,40.627398,-73.899695,7671681285/7964524502
East 81st Street,Farragut Road,Brooklyn,40.639172,-73.916033,42493430
East 81st Street,Flatlands Avenue,Brooklyn,40.636006,-73.912508,42500825
East 81st Street,Foster Avenue,Brooklyn,40.641071,-73.918175,3611735256/42500814
East 81st Street,Glenwood Road,Brooklyn,40.637503,-73.914175,42500819
East 82nd Street,Farragut Road,Brooklyn,40.639637,-73.915321,42493434
East 82nd Street,Flatlands Avenue,Brooklyn,40.636466,-73.911792,42502215
East 82nd Street,Foster Avenue,Brooklyn,40.641514,-73.917417,3611735257/42502207
East 82nd Street,Glenwood Road,Brooklyn,40.637965,-73.913462,42502211
East 83rd Street,Farragut Road,Brooklyn,40.640102,-73.914609,42469960
East 83rd Street,Flatlands Avenue,Brooklyn,40.636932,-73.911081,42469965
East 83rd Street,Foster Avenue,Brooklyn,40.641947,-73.916644,3611735258/42469957
East 83rd Street,Glenwood Road,Brooklyn,40.638427,-73.912748,42469963
East 83rd Street,North Market Street,Brooklyn,40.643284,-73.918148,42469945
East 83rd Street,Preston Court,Brooklyn,40.642595,-73.917373,42469952
East 83rd Street,South Market Street,Brooklyn,40.642358,-73.917106,42469955
East 84th Street,Farragut Road,Brooklyn,40.640569,-73.913904,42493436
East 84th Street,Flatlands Avenue,Brooklyn,40.637391,-73.910367,42523410
East 84th Street,Foster Avenue,Brooklyn,40.642592,-73.915726,3611735260
East 84th Street,Glenwood Road,Brooklyn,40.63889,-73.912034,42515653
East 84th Street,North Market Street,Brooklyn,40.643893,-73.91717,42519707
East 84th Street,Seaview Avenue,Brooklyn,40.627602,-73.899475,42470113
East 84th Street,South Market Street,Brooklyn,40.642972,-73.916132,42529152
East 85th Street,Farragut Road,Brooklyn,40.641035,-73.913146,42493439
East 85th Street,Flatlands Avenue,Brooklyn,40.637872,-73.909624,42510950
East 85th Street,Foster Avenue,Brooklyn,40.642817,-73.91516,42510944
East 85th Street,Glenwood Road,Brooklyn,40.639369,-73.911293,42510947
East 85th Street,Seaview Avenue,Brooklyn,40.628028,-73.898664,42470120/1257569840
East 86th Street,Farragut Road,Brooklyn,40.64141,-73.91229,42493442
East 86th Street,Flatlands Avenue,Brooklyn,40.638351,-73.908882,42517630
East 86th Street,Foster Avenue,Brooklyn,40.64323,-73.914633,42517627/3611735262
East 86th Street,Glenwood Road,Brooklyn,40.639849,-73.910547,42515660
East 86th Street,North Market Street,Brooklyn,40.644494,-73.916207,42517665
East 86th Street,Ralph Avenue,Brooklyn,40.648607,-73.920359,42493948
East 86th Street,Seaview Avenue,Brooklyn,40.628495,-73.897911,42470123/1257569804
East 86th Street,South Market Street,Brooklyn,40.64358,-73.915185,42517668
East 87th Street,Farragut Road,Brooklyn,40.641788,-73.911474,42491079
East 87th Street,Flatlands Avenue,Brooklyn,40.638813,-73.908169,42491070
East 87th Street,Foster Avenue,Brooklyn,40.643769,-73.913775,3611735265/42491090
East 87th Street,Glenwood Road,Brooklyn,40.640308,-73.909832,42491073
East 87th Street,North Market Street,Brooklyn,40.645061,-73.915297,42491104
East 87th Street,Ralph Avenue,Brooklyn,40.649699,-73.920479,42491119
East 87th Street,Seaview Avenue,Brooklyn,40.628961,-73.897199,42470128/1257570236
East 87th Street,South Market Street,Brooklyn,40.644181,-73.914254,42491097
East 87th Street,Stillwell Place,Brooklyn,40.634601,-73.903479,42491029
East 88th Street,Farragut Road,Brooklyn,40.642246,-73.910764,42460195
East 88th Street,Flatlands Avenue,Brooklyn,40.639276,-73.907454,42460204
East 88th Street,Foster Avenue,Brooklyn,40.644158,-73.912929,42531390
East 88th Street,Glenwood Road,Brooklyn,40.64077,-73.909119,42460202
East 88th Street,Ralph Avenue,Brooklyn,40.650912,-73.920602,42460162/42463007
East 88th Street,Seaview Avenue,Brooklyn,40.629421,-73.896484,42460153/1257570177
East 88th Street,Snyder Avenue,Brooklyn,40.650726,-73.920581,42460162
East 88th Street,Stillwell Place,Brooklyn,40.635077,-73.902781,42460123
East 89th Street,Farragut Road,Brooklyn,40.642709,-73.910051,42493446
East 89th Street,Flatlands Avenue,Brooklyn,40.639736,-73.906742,42522116
East 89th Street,Foster Avenue,Brooklyn,40.64453,-73.912084,3581169296/42522103
East 89th Street,Glenwood Road,Brooklyn,40.641232,-73.908403,42515668
East 89th Street,Ralph Avenue,Brooklyn,40.652199,-73.920738,6939281771
East 89th Street,School Lane,Brooklyn,40.641544,-73.908747,42522113
East 89th Street,Seaview Avenue,Brooklyn,40.629881,-73.895764,1257569729/42470131
East 89th Street,Stillwell Place,Brooklyn,40.635576,-73.902114,42522147
East 8th Street,Friel Place,Brooklyn,40.647112,-73.972527,42523277
East 8th Street,Gravesend Neck Road,Brooklyn,40.594222,-73.962299,42529569
East 8th Street,Hinckley Place,Brooklyn,40.644376,-73.971799,42467230
East 8th Street,Kermit Place,Brooklyn,40.648607,-73.972753,42525320/42525310
East 8th Street,Kings Highway,Brooklyn,40.606487,-73.964614,42530551
East 8th Street,Newkirk Avenue,Brooklyn,40.632918,-73.968891,42485787
East 8th Street,Ocean Parkway,Brooklyn,40.650172,-73.973823,42508700
East 8th Street,Parkville Avenue,Brooklyn,40.632393,-73.968461,42517154/42517159
East 8th Street,Quentin Road,Brooklyn,40.607529,-73.964816,42470990
East 8th Street,Roder Avenue,Brooklyn,40.615254,-73.966283,42527357
East 8th Street,Turner Place,Brooklyn,40.645164,-73.971946,42494818
East 8th Street,Webster Avenue,Brooklyn,40.633526,-73.96939,42486058
East 91st Street,East New York Avenue,Brooklyn,40.663646,-73.930717,42472195
East 91st Street,Empire Boulevard,Brooklyn,40.663646,-73.930717,42472195
East 91st Street,Flatlands Avenue,Brooklyn,40.640729,-73.9052,42523422
East 91st Street,Kings Highway,Brooklyn,40.655513,-73.921671,1942054364/1942054287
East 91st Street,Lenox Road,Brooklyn,40.656552,-73.922828,42467274
East 91st Street,Linden Boulevard,Brooklyn,40.654397,-73.920399,1942053993/1942054166
East 91st Street,Rutland Road,Brooklyn,40.661447,-73.928282,42497488
East 91st Street,Schenck Place,Brooklyn,40.633777,-73.897466,42490635
East 91st Street,Schenck Street,Brooklyn,40.62893,-73.89038,42526449
East 91st Street,Seaview Avenue,Brooklyn,40.630876,-73.894227,42470136/1257570073
East 91st Street,Skidmore Avenue,Brooklyn,40.629649,-73.891826,42488878
East 91st Street,Willmohr Street,Brooklyn,40.654918,-73.921005,42476265
East 91st Street,Winthrop Street,Brooklyn,40.659814,-73.926464,42522002
East 92nd Street,East New York Avenue,Brooklyn,40.66399,-73.929874,42513385
East 92nd Street,Farragut Road,Brooklyn,40.644024,-73.908034,42493451
East 92nd Street,Flatlands Avenue,Brooklyn,40.641102,-73.904627,42513317
East 92nd Street,Foster Avenue,Brooklyn,40.645615,-73.909891,42513340
East 92nd Street,Glenwood Road,Brooklyn,40.642561,-73.906321,42513323
East 92nd Street,Kings Highway,Brooklyn,40.656349,-73.92137,42513369/1942054419/1942054375
East 92nd Street,Krier Place,Brooklyn,40.646175,-73.910543,42469993
East 92nd Street,Lenox Road,Brooklyn,40.657012,-73.922112,42467278
East 92nd Street,Linden Boulevard,Brooklyn,40.654358,-73.919153,1942054144/1942054101/1942053965/1942054022
East 92nd Street,Matthews Place,Brooklyn,40.632995,-73.895402,42511720
East 92nd Street,Rutland Road,Brooklyn,40.661908,-73.927566,42497490
East 92nd Street,Schenck Street,Brooklyn,40.629361,-73.889516,42513398
East 92nd Street,Seaview Avenue,Brooklyn,40.63134,-73.893512,42470139/1257570317
East 92nd Street,Skidmore Avenue,Brooklyn,40.630251,-73.891318,42488879
East 92nd Street,Skidmore Lane,Brooklyn,40.639969,-73.903333,42469672
East 92nd Street,Willmohr Street,Brooklyn,40.655381,-73.920293,42476268
East 92nd Street,Winthrop Street,Brooklyn,40.660277,-73.925749,42513375
East 93rd Street,East New York Avenue,Brooklyn,40.664341,-73.929074,42500183
East 93rd Street,Farragut Road,Brooklyn,40.644635,-73.907096,42493457
East 93rd Street,Flatlands Avenue,Brooklyn,40.641652,-73.903774,42500110
East 93rd Street,Ford Street,Brooklyn,40.664341,-73.929074,42500183
East 93rd Street,Foster Avenue,Brooklyn,40.646256,-73.908899,42500076
East 93rd Street,Glenwood Road,Brooklyn,40.643129,-73.905417,42500102
East 93rd Street,Kings Highway,Brooklyn,40.657177,-73.921067,1942054569/42500157/1942054513
East 93rd Street,Lenox Road,Brooklyn,40.657485,-73.921408,42467281
East 93rd Street,Linden Boulevard,Brooklyn,40.654318,-73.917848,1942053941/1942054142
East 93rd Street,Rutland Road,Brooklyn,40.662371,-73.926854,42497493
East 93rd Street,Schenck Street,Brooklyn,40.629916,-73.888904,42487196
East 93rd Street,Seaview Avenue,Brooklyn,40.631816,-73.892781,1257570232/42470142
East 93rd Street,Skidmore Avenue,Brooklyn,40.630854,-73.890815,42488880
East 93rd Street,Skidmore Lane,Brooklyn,40.640488,-73.902481,42469675
East 93rd Street,Willmohr Street,Brooklyn,40.655842,-73.919578,42476270
East 93rd Street,Winthrop Street,Brooklyn,40.660737,-73.925034,42500152
East 94th Street,East New York Avenue,Brooklyn,40.66471,-73.928228,42514710
East 94th Street,Farragut Road,Brooklyn,40.645087,-73.906369,42493460
East 94th Street,Flatlands Avenue,Brooklyn,40.642115,-73.90306,42523427
East 94th Street,Foster Avenue,Brooklyn,40.64672,-73.908185,42532302
East 94th Street,Glenwood Road,Brooklyn,40.64359,-73.904702,42515683
East 94th Street,Kaufman Place,Brooklyn,40.634487,-73.89457,42525438
East 94th Street,Kings Highway,Brooklyn,40.658009,-73.920766,2806744593/42530773/2806744591
East 94th Street,Linden Boulevard,Brooklyn,40.654273,-73.916573,1942053912/1942054119
East 94th Street,Nolans Lane,Brooklyn,40.647298,-73.90883,42536964
East 94th Street,Rochester Avenue,Brooklyn,40.66471,-73.928228,42514710
East 94th Street,Rost Place,Brooklyn,40.635006,-73.895144,42479676
East 94th Street,Rutland Road,Brooklyn,40.662832,-73.926139,42497496
East 94th Street,Seaview Avenue,Brooklyn,40.632251,-73.89221,42470145
East 94th Street,Skidmore Lane,Brooklyn,40.640952,-73.901763,42469678
East 94th Street,Willmohr Street,Brooklyn,40.656305,-73.918863,42476272
East 94th Street,Winthrop Street,Brooklyn,40.661203,-73.92432,42522006
East 95th Street,East New York Avenue,Brooklyn,40.665075,-73.927394,42514717
East 95th Street,Farragut Road,Brooklyn,40.645549,-73.905655,42493463
East 95th Street,Flatlands Avenue,Brooklyn,40.642576,-73.902345,42520030
East 95th Street,Foster Avenue,Brooklyn,40.647181,-73.90747,42520010
East 95th Street,Glenwood Road,Brooklyn,40.644052,-73.903988,42515689
East 95th Street,Holmes Lane,Brooklyn,40.638726,-73.898059,42516066
East 95th Street,Kings Highway,Brooklyn,40.658838,-73.920456,42519976/2806744595/2806744596
East 95th Street,Lenox Road,Brooklyn,40.658398,-73.919968,42467258
East 95th Street,Linden Boulevard,Brooklyn,40.654221,-73.91534,1942053880/1942054084
East 95th Street,Nolans Lane,Brooklyn,40.647752,-73.908112,42520007
East 95th Street,Rutland Road,Brooklyn,40.663294,-73.925424,42497498
East 95th Street,Saint Jude Place,Brooklyn,40.631783,-73.890289,42472238
East 95th Street,Seaview Avenue,Brooklyn,40.632723,-73.891376,42470148/1257569597
East 95th Street,Willmohr Street,Brooklyn,40.656766,-73.918147,42476275
East 95th Street,Winthrop Street,Brooklyn,40.661663,-73.923608,42519973
East 96th Street,East New York Avenue,Brooklyn,40.665515,-73.92638,42494080
East 96th Street,Farragut Road,Brooklyn,40.646116,-73.904775,42493467
East 96th Street,Flatlands Avenue,Brooklyn,40.643145,-73.901465,42494169
East 96th Street,Foster Avenue,Brooklyn,40.647748,-73.906595,42494154
East 96th Street,Glenwood Road,Brooklyn,40.644623,-73.903112,42494160
East 96th Street,Holmes Lane,Brooklyn,40.639293,-73.897172,42494118
East 96th Street,Kings Highway,Brooklyn,40.659855,-73.920079,42494090/2806744597/2806744598
East 96th Street,Lenox Road,Brooklyn,40.658966,-73.919089,42467259
East 96th Street,Linden Boulevard,Brooklyn,40.654148,-73.913737,1942054065/1942053877/1942053911
East 96th Street,Nolans Lane,Brooklyn,40.64832,-73.907228,42494149
East 96th Street,Rutland Road,Brooklyn,40.663862,-73.924549,42494081
East 96th Street,Saint Jude Place,Brooklyn,40.633332,-73.89056,42470153
East 96th Street,Schenck Street,Brooklyn,40.630929,-73.88787,42494188
East 96th Street,Seaview Avenue,Brooklyn,40.633332,-73.89056,42470153
East 96th Street,Seaview Court,Brooklyn,40.631465,-73.888464,42479593
East 96th Street,Skidmore Avenue,Brooklyn,40.631928,-73.888983,42488883
East 96th Street,Skidmore Lane,Brooklyn,40.642016,-73.900208,42469666
East 96th Street,Smith's Lane,Brooklyn,40.645617,-73.90423,42468715
East 96th Street,Willmohr Street,Brooklyn,40.657333,-73.91727,42476276
East 96th Street,Winthrop Street,Brooklyn,40.662231,-73.922728,42494085
East 98th Street,East New York Avenue,Brooklyn,40.666361,-73.924449,42475551
East 98th Street,Farragut Road,Brooklyn,40.6472,-73.9031,42475718
East 98th Street,Flatlands Avenue,Brooklyn,40.644227,-73.899791,42475660
East 98th Street,Foster Avenue,Brooklyn,40.648833,-73.904918,42475714
East 98th Street,Glenwood Road,Brooklyn,40.645703,-73.901433,42475651
East 98th Street,Hegeman Avenue,Brooklyn,40.655531,-73.912339,42474529
East 98th Street,Howard Avenue,Brooklyn,40.660744,-73.918182,42475579
East 98th Street,Kings Highway,Brooklyn,40.661917,-73.919502,42475569/2806745706/42460694
East 98th Street,Legion Street,Brooklyn,40.658611,-73.915805,42475589
East 98th Street,Lenox Road,Brooklyn,40.660051,-73.917419,42467266
East 98th Street,Linden Boulevard,Brooklyn,40.654008,-73.910626,1942053876
East 98th Street,Livonia Avenue,Brooklyn,40.661096,-73.918581,42475575
East 98th Street,Lott Avenue,Brooklyn,40.657004,-73.914029,42475604
East 98th Street,Newport Street,Brooklyn,40.658393,-73.915567,42475594
East 98th Street,Ralph Avenue,Brooklyn,40.664363,-73.922211,5924218322/42475559
East 98th Street,Riverdale Avenue,Brooklyn,40.659748,-73.917077,7964117717
East 98th Street,Rockaway Avenue,Brooklyn,40.649383,-73.905548,42475713
East 98th Street,Rockaway Parkway Bus Station,Brooklyn,40.645703,-73.901433,42475651
East 98th Street,Rutland Road,Brooklyn,40.664952,-73.922879,42475557
East 98th Street,Saratoga Avenue,Brooklyn,40.657362,-73.914413,42475597
East 98th Street,Seaview Avenue,Brooklyn,40.634369,-73.88882,1257569733/42470159
East 98th Street,Strauss Street,Brooklyn,40.656396,-73.913324,42475612
East 98th Street,Sutter Avenue,Brooklyn,40.66521,-73.923148,42475553
East 98th Street,Tapscott Street,Brooklyn,40.661994,-73.919584,42460694
East 98th Street,Thomas S. Boyland Street,Brooklyn,40.652934,-73.909478,8194265337/42475627
East 98th Street,Trucklemans Lane,Brooklyn,40.643539,-73.899024,42475679
East 98th Street,Union Street,Brooklyn,40.66329,-73.921017,2307901684
East 98th Street,Willmohr Street,Brooklyn,40.658393,-73.915567,42475594
East 98th Street,Winthrop Street,Brooklyn,40.66329,-73.921017,2307901684
East 99th Street,Farragut Road,Brooklyn,40.647689,-73.902355,42493479
East 99th Street,Flatlands Avenue,Brooklyn,40.644708,-73.899046,42523435
East 99th Street,Foster Avenue,Brooklyn,40.649318,-73.904169,42529065
East 99th Street,Glenwood Road,Brooklyn,40.646182,-73.900692,42515702
East 99th Street,Rockaway Avenue,Brooklyn,40.650944,-73.905968,42516737
East 99th Street,Seaview Avenue,Brooklyn,40.634848,-73.88809,42470163/1257569783
East 99th Street,Trucklemans Lane,Brooklyn,40.644017,-73.898279,42529021
East 9th Street,Foster Avenue,Brooklyn,40.631512,-73.968413,42517167
East 9th Street,Kings Highway,Brooklyn,40.606768,-73.963724,42517186
East 9th Street,Quentin Road,Brooklyn,40.60763,-73.963891,42470993
East 9th Street,Roder Avenue,Brooklyn,40.615579,-73.965398,42517181
East Dolorosa,Via Dolorosa,Brooklyn,40.691233,-73.875564,775974005
East Dolorosa,West Dolorosa,Brooklyn,40.69256,-73.875468,775973945
East Drive,Lincoln Road,Brooklyn,40.660504,-73.962814,42472893
East Drive,Park Circle,Brooklyn,40.651492,-73.971824,1942053748
East Drive,Parkside Avenue,Brooklyn,40.654875,-73.961901,42492967
East Drive,Plaza Street West,Brooklyn,40.672641,-73.969653,4482239795
East Drive,Willink Entrance,Brooklyn,40.66369,-73.963151,6653653648/2645335370
East New York Avenue,Empire Boulevard,Brooklyn,40.663646,-73.930717,42472195
East New York Avenue,Ford Street,Brooklyn,40.664341,-73.929074,42500183
East New York Avenue,Fulton Street,Brooklyn,40.676696,-73.900466,597773107/597773094/597773095
East New York Avenue,Grafton Street,Brooklyn,40.668607,-73.91923,1942055260
East New York Avenue,Herkimer Street,Brooklyn,40.676633,-73.900849,6907071326
East New York Avenue,Howard Avenue,Brooklyn,40.668277,-73.920059,1942055211/1942055212
East New York Avenue,Jamaica Avenue,Brooklyn,40.676881,-73.900083,597773107/42464662
East New York Avenue,Junius Street,Brooklyn,40.675167,-73.904403,7945824328/597783018
East New York Avenue,Kingston Avenue,Brooklyn,40.66206,-73.942767,42467482
East New York Avenue,Legion Street,Brooklyn,40.669007,-73.918387,4699400131
East New York Avenue,Lincoln Place,Brooklyn,40.66897,-73.918486,42514772
East New York Avenue,Lincoln Road,Brooklyn,40.661746,-73.947832,42490221
East New York Avenue,Montgomery Street,Brooklyn,40.664104,-73.929617,42479646
East New York Avenue,Mother Gaston Boulevard,Brooklyn,40.673452,-73.908141,42514792/42471651
East New York Avenue,New York Avenue,Brooklyn,40.661746,-73.947832,42490221
East New York Avenue,Pacific Street,Brooklyn,40.675191,-73.904637,597783068/7945824327
East New York Avenue,Park Place,Brooklyn,40.67131,-73.913086,42504475
East New York Avenue,Pitkin Avenue,Brooklyn,40.668355,-73.919712,1942055224/1942055212
East New York Avenue,Portal Street,Brooklyn,40.666445,-73.924244,42514734
East New York Avenue,Powell Street,Brooklyn,40.674736,-73.90525,42503964
East New York Avenue,Prospect Place,Brooklyn,40.672183,-73.911099,42473572
East New York Avenue,Ralph Avenue,Brooklyn,40.667098,-73.922753,42494066
East New York Avenue,Remsen Avenue,Brooklyn,40.662763,-73.931094,42468552
East New York Avenue,Rochester Avenue,Brooklyn,40.664606,-73.928467,42514710/42514702
East New York Avenue,Rockaway Avenue,Brooklyn,40.672077,-73.911336,42514785
East New York Avenue,Rockaway Parkway,Brooklyn,40.665916,-73.925463,42503884
East New York Avenue,Sackman Street,Brooklyn,40.674312,-73.906212,7945824329/42514810
East New York Avenue,Saint Johns Place,Brooklyn,40.669793,-73.916597,42514776
East New York Avenue,Saint Marks Avenue,Brooklyn,40.672915,-73.909349,42514789
East New York Avenue,Saratoga Avenue,Brooklyn,40.669461,-73.917323,42476288/42476322
East New York Avenue,Schenectady Avenue,Brooklyn,40.662575,-73.934467,42514760
East New York Avenue,Sterling Place,Brooklyn,40.670533,-73.914873,42475050
East New York Avenue,Strauss Street,Brooklyn,40.669793,-73.916597,42514776
East New York Avenue,Tapscott Street,Brooklyn,40.667852,-73.92102,42460714
East New York Avenue,Thomas S. Boyland Street,Brooklyn,40.670897,-73.914039,42509458
East New York Avenue,Troy Avenue,Brooklyn,40.662397,-73.937341,42493279
East New York Avenue,Union Street,Brooklyn,40.667409,-73.922039,42486304/42486285
East New York Avenue,Utica Avenue,Brooklyn,40.663004,-73.931577,42514764/42468550
East New York Avenue,Van Sinderen Avenue,Brooklyn,40.675394,-73.903449,597783112
East New York Avenue,William Place,Brooklyn,40.675922,-73.902535,597773103
East New York Avenue,Williams Avenue,Brooklyn,40.676561,-73.900848,6907142898/6907071326
East Way,Front Avenue,Brooklyn,40.702789,-73.977139,42473945
East Way,Pier C,Brooklyn,40.702789,-73.977139,42473945
East Way,Ship Ways Avenue,Brooklyn,40.701991,-73.977912,42523931
East Way,West Way,Brooklyn,40.704507,-73.978347,10594110532
Eastern Parkway,Eastern Parkway Service Road,Brooklyn,40.668658,-73.922043,1260335208
Eastern Parkway,Franklin Avenue,Brooklyn,40.670676,-73.957968,42474802
Eastern Parkway,Fulton Street,Brooklyn,40.678114,-73.907841,1260335132/42465076
Eastern Parkway,Grand Army Plaza,Brooklyn,40.673092,-73.969429,544352781
Eastern Parkway,Herkimer Street,Brooklyn,40.677364,-73.90798,1260335291/42474926
Eastern Parkway,Howard Avenue,Brooklyn,40.669456,-73.919981,1942055332/1260335197/42474838
Eastern Parkway,Kingston Avenue,Brooklyn,40.669416,-73.942192,42467466
Eastern Parkway,Lincoln Place,Brooklyn,40.669143,-73.920801,1260335266/42474837
Eastern Parkway,Mother Gaston Boulevard,Brooklyn,40.675287,-73.908244,7301957256
Eastern Parkway,New York Avenue,Brooklyn,40.669722,-73.947729,42474822
Eastern Parkway,Nostrand Avenue,Brooklyn,40.669876,-73.950502,42474819
Eastern Parkway,Pacific Street,Brooklyn,40.675383,-73.908232,42474922/1260335271
Eastern Parkway,Park Place,Brooklyn,40.671515,-73.915035,42474897/1260335220
Eastern Parkway,Pitkin Avenue,Brooklyn,40.668556,-73.921975,1259822885
Eastern Parkway,Plaza Street East,Brooklyn,40.672937,-73.968931,3425083854/42474783
Eastern Parkway,Prospect Place,Brooklyn,40.672298,-73.913134,1260335275/42473565
Eastern Parkway,Ralph Avenue,Brooklyn,40.668361,-73.922633,42474836
Eastern Parkway,Rochester Avenue,Brooklyn,40.668664,-73.928348,42474833
Eastern Parkway,Rockaway Avenue,Brooklyn,40.673084,-73.911235,42474915/42516695
Eastern Parkway,Rogers Avenue,Brooklyn,40.670023,-73.953268,1970262957
Eastern Parkway,Sackman Street,Brooklyn,40.679307,-73.906356,42474930
Eastern Parkway,Saint Johns Place,Brooklyn,40.66993,-73.918872,1260335190/42474839
Eastern Parkway,Saint Marks Avenue,Brooklyn,40.673044,-73.911357,1260335269/42474917
Eastern Parkway,Saratoga Avenue,Brooklyn,40.670697,-73.917022,1260335264/42474892
Eastern Parkway,Schenectady Avenue,Brooklyn,40.668966,-73.933886,42474831
Eastern Parkway,Somers Street,Brooklyn,40.679294,-73.906461,42474930/1260335203
Eastern Parkway,Sterling Place,Brooklyn,40.670714,-73.916982,1260335265/42474894
Eastern Parkway,Thomas S. Boyland Street,Brooklyn,40.671881,-73.914135,42474905/1260335125
Eastern Parkway,Troy Avenue,Brooklyn,40.669118,-73.936655,42474829
Eastern Parkway,Truxton Street,Brooklyn,40.678484,-73.907441,42468797/1260335214/42468783
Eastern Parkway,Utica Avenue,Brooklyn,40.668814,-73.931126,42474832
Eastern Parkway,Vanderveer Street,Brooklyn,40.681509,-73.904128,1260335171
Eastern Parkway,Washington Avenue,Brooklyn,40.671636,-73.962568,42474795
Eastern Parkway North Mall,Washington Avenue,Brooklyn,40.671763,-73.962594,2022411379
Eastern Parkway Service Road,Franklin Avenue,Brooklyn,40.670662,-73.957972,541999541/1259822823
Eastern Parkway Service Road,Kingston Avenue,Brooklyn,40.669406,-73.942193,541999321/1259822845
Eastern Parkway Service Road,New York Avenue,Brooklyn,40.66971,-73.947731,1259822816/541999342
Eastern Parkway Service Road,Nostrand Avenue,Brooklyn,40.669861,-73.950501,1259822844/541999391
Eastern Parkway Service Road,Plaza Street East,Brooklyn,40.673143,-73.968815,248606587
Eastern Parkway Service Road,Portal Street,Brooklyn,40.668271,-73.925286,1259822853
Eastern Parkway Service Road,Ralph Avenue,Brooklyn,40.668342,-73.922634,1259822873/541999199
Eastern Parkway Service Road,Rochester Avenue,Brooklyn,40.668654,-73.928349,1259822865/541999206
Eastern Parkway Service Road,Rogers Avenue,Brooklyn,40.670011,-73.95327,1970262955/1970262958
Eastern Parkway Service Road,Schenectady Avenue,Brooklyn,40.668955,-73.933886,541999264/1259822895
Eastern Parkway Service Road,Troy Avenue,Brooklyn,40.669107,-73.936656,541999285/1259822878
Eastern Parkway Service Road,Underhill Avenue,Brooklyn,40.673059,-73.967433,541999453
Eastern Parkway Service Road,Utica Avenue,Brooklyn,40.6688,-73.931127,1259822905/541999228
Eastern Parkway Service Road,Washington Avenue,Brooklyn,40.671601,-73.96256,541999523/1259822831
Eastern Parkway South Mall,Franklin Avenue,Brooklyn,40.670532,-73.958019,1698012243
Eastern Parkway South Mall,Kingston Avenue,Brooklyn,40.6693,-73.942203,1698012676
Eastern Parkway South Mall,New York Avenue,Brooklyn,40.66957,-73.947744,1698012566
Eastern Parkway South Mall,Nostrand Avenue,Brooklyn,40.66975,-73.950511,1698012481
Eastern Parkway South Mall,Ralph Avenue,Brooklyn,40.668224,-73.922644,2358056453
Eastern Parkway South Mall,Rochester Avenue,Brooklyn,40.668524,-73.928361,438015836
Eastern Parkway South Mall,Rogers Avenue,Brooklyn,40.669882,-73.953281,1970262956
Eastern Parkway South Mall,Troy Avenue,Brooklyn,40.668969,-73.93667,1698012767
Eastern Parkway South Mall,Utica Avenue,Brooklyn,40.668669,-73.93114,1698012865
Eaton Court,Lois Avenue,Brooklyn,40.586934,-73.921338,42529665
Eaton Court,Seba Avenue,Brooklyn,40.588043,-73.922572,42466588
Ebony Court,Everett Avenue,Brooklyn,40.591884,-73.927415,42528086
Ebony Court,Florence Avenue,Brooklyn,40.59093,-73.926352,42501533
Eckford Street,Engert Avenue,Brooklyn,40.721379,-73.94795,42466378
Eckford Street,Greenpoint Avenue,Brooklyn,40.730369,-73.952508,42514447
Eckford Street,Manhattan Avenue,Brooklyn,40.720472,-73.947924,42523210
Eckford Street,Meserole Avenue,Brooklyn,40.727664,-73.950978,42516610
Eckford Street,Nassau Avenue,Brooklyn,40.724336,-73.949083,42479286
Eckford Street,Norman Avenue,Brooklyn,40.725999,-73.950029,42523216
Egan Street,Elton Street,Brooklyn,40.656299,-73.87391,5375734347/4311932422
Egan Street,Erskine Street,Brooklyn,40.658068,-73.869792,3550779104
Egan Street,Essex Street,Brooklyn,40.657015,-73.872245,4311858367
Egan Street,Fountain Avenue,Brooklyn,40.659498,-73.866462,6463799134/6463799135
Egan Street,Linwood Street,Brooklyn,40.656665,-73.873062,3550776576
Egan Street,Milford Street,Brooklyn,40.658768,-73.868158,7238287447
Eldert Lane,Etna Street,Brooklyn,40.688415,-73.867461,42919530
Eldert Lane,Flatlands Avenue,Brooklyn,40.661407,-73.860824,42523498
Eldert Lane,Fulton Street,Brooklyn,40.68527,-73.866598,42862864
Eldert Lane,Glenmore Avenue,Brooklyn,40.677709,-73.864984,2872884193/42504742
Eldert Lane,Jamaica Avenue,Brooklyn,40.691184,-73.868059,42822266
Eldert Lane,Karweg Place,Brooklyn,40.687745,-73.867277,42920301
Eldert Lane,Liberty Avenue,Brooklyn,40.678954,-73.865264,42527425/42527371
Eldert Lane,Linden Boulevard,Brooklyn,40.669454,-73.862828,1942055344/1942055341/1942055328/1942055333
Eldert Lane,Loring Avenue,Brooklyn,40.667793,-73.862428,42478725
Eldert Lane,McKinley Avenue,Brooklyn,40.680626,-73.865742,42505775
Eldert Lane,Pitkin Avenue,Brooklyn,40.676463,-73.864538,42511649
Eldert Lane,Ridgewood Avenue,Brooklyn,40.68683,-73.867018,42837474
Eldert Lane,Rockaway Boulevard,Brooklyn,40.686581,-73.866945,42837474/42838029
Eldert Lane,South Conduit Boulevard,Brooklyn,40.675,-73.864133,4486120799
Eldert Lane,Stanley Avenue,Brooklyn,40.666258,-73.862047,42527447
Eldert Lane,Sutter Avenue,Brooklyn,40.673949,-73.86392,42515164
Eldert Street,Evergreen Avenue,Brooklyn,40.688125,-73.911692,42499848
Eldert Street,Knickerbocker Avenue,Brooklyn,40.692549,-73.907347,42522470
Eldert Street,Wilson Avenue,Brooklyn,40.691075,-73.908797,42496784
Elizabeth Place,Old Fulton Street,Brooklyn,40.70264,-73.993807,3174844149/42523694
Ellery Street,Marcus Garvey Boulevard,Brooklyn,40.699292,-73.941309,42516224
Ellery Street,Marcy Avenue,Brooklyn,40.69831,-73.949788,42482220
Ellery Street,Throop Avenue,Brooklyn,40.698972,-73.944107,42499154
Ellery Street,Tompkins Avenue,Brooklyn,40.698647,-73.946961,42514344
Elm Avenue,Grove Avenue,Brooklyn,40.654128,-73.98518,757468534
Elm Avenue,Ocean Avenue,Brooklyn,40.654681,-73.98386,757468840
Elm Place,Fulton Mall,Brooklyn,40.690145,-73.984063,42464838
Elm Place,Livingston Street,Brooklyn,40.689222,-73.984692,42502404
Elmira Loop,Schroeders Avenue,Brooklyn,40.648645,-73.879775,42537561/42537564
Elmwood Avenue,McDonald Avenue,Brooklyn,40.627008,-73.97645,42501973
Elmwood Avenue,Ocean Parkway,Brooklyn,40.627572,-73.971251,42508779/2282435335
Elmwood Avenue,Ocean Parkway Bike Path,Brooklyn,40.627568,-73.971295,2356694622
Elton Street,Flatlands Avenue,Brooklyn,40.657636,-73.874903,1273032277/7887390796/7887390797
Elton Street,Fulton Street,Brooklyn,40.67994,-73.884671,42464779
Elton Street,Glenmore Avenue,Brooklyn,40.675009,-73.883722,42497119
Elton Street,Hegeman Avenue,Brooklyn,40.664857,-73.880222,42474488
Elton Street,Jamaica Avenue,Brooklyn,40.683753,-73.885647,42475178
Elton Street,Liberty Avenue,Brooklyn,40.67625,-73.88404,42497116
Elton Street,Linden Boulevard,Brooklyn,40.663486,-73.879204,1942054970/1942054956
Elton Street,Locke Street,Brooklyn,40.656909,-73.87436,3550803544/5375734352
Elton Street,New Lots Avenue,Brooklyn,40.666823,-73.881656,42497134
Elton Street,Pitkin Avenue,Brooklyn,40.673741,-73.883398,42497121
Elton Street,Ridgewood Avenue,Brooklyn,40.682726,-73.885383,42478920
Elton Street,Schroeders Avenue,Brooklyn,40.654929,-73.872897,5375734329/2543261715
Elton Street,Stanley Avenue,Brooklyn,40.661887,-73.878018,42497155
Elton Street,Sutter Avenue,Brooklyn,40.67122,-73.882754,42497125
Elton Street,Vandalia Avenue,Brooklyn,40.655664,-73.873442,452383816/5375734410/7888207052/5375734351
Elton Street,Wortman Avenue,Brooklyn,40.660402,-73.876909,42497157
Emerald Street,Linden Boulevard,Brooklyn,40.669996,-73.859114,1942055370/1942055355
Emerald Street,Loring Avenue,Brooklyn,40.668329,-73.858708,42478737
Emerald Street,Stanley Avenue,Brooklyn,40.666796,-73.858307,42479573
Emerson Place,Myrtle Avenue,Brooklyn,40.693877,-73.962213,42510338
Emerson Place,Park Avenue,Brooklyn,40.696093,-73.962645,42471807
Emerson Place,Willoughby Avenue,Brooklyn,40.6923,-73.961899,42492312
Emmons Avenue,Ford Street,Brooklyn,40.58404,-73.934952,42477469/2318552263
Emmons Avenue,Haring Street,Brooklyn,40.584022,-73.937077,42477411
Emmons Avenue,Knapp Street,Brooklyn,40.584347,-73.931084,2318552304/2318552324/5391550847
Emmons Avenue,Neptune Avenue,Brooklyn,40.583122,-73.954066,2356694556
Emmons Avenue,Nostrand Avenue,Brooklyn,40.583904,-73.938739,2318552248/5666512608/42477402/5666512607
Emmons Avenue,Ocean Avenue,Brooklyn,40.583676,-73.948438,42477378/2318552212
Emmons Avenue,Plumb 1st Street,Brooklyn,40.584489,-73.930182,42461566
Emmons Avenue,Plumb 3rd Street,Brooklyn,40.585267,-73.928407,42462879
Emmons Avenue,Sheepshead Bay Road,Brooklyn,40.583472,-73.950422,42477376/2318556438
Emmons Avenue,Shore Boulevard,Brooklyn,40.583122,-73.954066,2356694556
Empire Boulevard,Flatbush Avenue,Brooklyn,40.663097,-73.962384,42481948
Empire Boulevard,Franklin Avenue,Brooklyn,40.663314,-73.960601,42481954
Empire Boulevard,Kingston Avenue,Brooklyn,40.664055,-73.942696,42467478
Empire Boulevard,Lamont Court,Brooklyn,40.664129,-73.944082,42477566
Empire Boulevard,Lefferts Avenue,Brooklyn,40.663535,-73.932149,4749827004
Empire Boulevard,McKeever Place,Brooklyn,40.663361,-73.959708,42481959
Empire Boulevard,New York Avenue,Brooklyn,40.664082,-73.948166,42481975
Empire Boulevard,Nostrand Avenue,Brooklyn,40.663905,-73.950974,42481659
Empire Boulevard,Ocean Avenue,Brooklyn,40.663097,-73.962384,42481948
Empire Boulevard,Robert L. Sklar Alley,Brooklyn,40.663674,-73.934911,4207995533
Empire Boulevard,Rogers Avenue,Brooklyn,40.663727,-73.953863,42481968
Empire Boulevard,Schenectady Avenue,Brooklyn,40.663603,-73.934391,42481987
Empire Boulevard,Troy Avenue,Brooklyn,40.663753,-73.937158,42481985
Empire Boulevard,Utica Avenue,Brooklyn,40.663559,-73.931606,42472191
Empire Boulevard,Washington Avenue,Brooklyn,40.663295,-73.960957,42478475
Engert Avenue,Graham Avenue,Brooklyn,40.721474,-73.94698,42466383
Engert Avenue,Humboldt Street,Brooklyn,40.721683,-73.944788,42466392
Engert Avenue,Leonard Street,Brooklyn,40.721292,-73.948875,42466376
Engert Avenue,Manhattan Avenue,Brooklyn,40.721292,-73.948875,42466376
Engert Avenue,McGuinness Boulevard South,Brooklyn,40.721588,-73.945804,2987758896/2987758897
Engert Avenue,Meeker Avenue,Brooklyn,40.722004,-73.941458,42466405
Engert Avenue,Monitor Street,Brooklyn,40.721946,-73.942004,42466401
Engert Avenue,Newton Street,Brooklyn,40.721656,-73.945068,42466389
Engert Avenue,North Henry Street,Brooklyn,40.721859,-73.942936,42466398
Engert Avenue,Russell Street,Brooklyn,40.72177,-73.943863,42466395
Enterprise Avenue,Floyd Bennett Drive,Brooklyn,40.583932,-73.881786,452258609
Enterprise Avenue,Ranger Road,Brooklyn,40.586052,-73.882864,452259821
Erasmus Street,Lloyd Street,Brooklyn,40.649715,-73.951293,42499761
Erasmus Street,Lott Street,Brooklyn,40.649592,-73.954171,42502201
Erasmus Street,Nostrand Avenue,Brooklyn,40.64978,-73.949465,42481710
Erasmus Street,Rogers Avenue,Brooklyn,40.649669,-73.952363,42526063
Erasmus Street,Veronica Place,Brooklyn,40.649644,-73.952884,42530037
Erasmus Street,Woods Place,Brooklyn,40.649564,-73.954783,42530032/42530034
Erskine Street,Flatlands Avenue,Brooklyn,40.65942,-73.870798,1273032320/42513572
Erskine Street,Gateway Drive,Brooklyn,40.652916,-73.866722,452384729/7888332990
Erskine Street,Gateway Drive Greenway,Brooklyn,40.652873,-73.866688,452384729
Erskine Street,Gateway Plaza,Brooklyn,40.653673,-73.867288,42476887
Erskine Street,Jamaica Bay Greenway,Brooklyn,40.651341,-73.865437,7951698950
Erskine Street,Schroeders Avenue,Brooklyn,40.656919,-73.868265,3550779110
Erskine Street,Schroeders Walk,Brooklyn,40.656919,-73.868265,3550779110
Erskine Street,Seaview Avenue,Brooklyn,40.652916,-73.866722,452384729/7888332990
Erskine Street,Vandalia Avenue,Brooklyn,40.657533,-73.869092,7888207056/7888207055
Essex Street,Flatlands Avenue,Brooklyn,40.658367,-73.873251,42512457/1273032298
Essex Street,Folsom Place,Brooklyn,40.679384,-73.882605,42512468
Essex Street,Fulton Street,Brooklyn,40.680508,-73.882885,42464786
Essex Street,Glenmore Avenue,Brooklyn,40.67526,-73.882022,42504687
Essex Street,Hegeman Avenue,Brooklyn,40.665554,-73.878586,42474492
Essex Street,Jamaica Avenue,Brooklyn,40.684574,-73.883896,42475186
Essex Street,Liberty Avenue,Brooklyn,40.676501,-73.882331,42512428
Essex Street,Linden Boulevard,Brooklyn,40.664191,-73.877575,1942055013/1942054999
Essex Street,New Lots Avenue,Brooklyn,40.667509,-73.880064,42512446
Essex Street,Pitkin Avenue,Brooklyn,40.673992,-73.881708,42511599
Essex Street,Ridgewood Avenue,Brooklyn,40.683001,-73.883505,42478926
Essex Street,Schroeders Avenue,Brooklyn,40.655644,-73.871237,3550779108
Essex Street,Stanley Avenue,Brooklyn,40.662591,-73.876388,42512451
Essex Street,Sutter Avenue,Brooklyn,40.671468,-73.881079,42512434
Essex Street,Vandalia Avenue,Brooklyn,40.656381,-73.871776,7888207050/4311854159
Essex Street,Wortman Avenue,Brooklyn,40.661107,-73.875285,42512454
Etna Street,Euclid Avenue,Brooklyn,40.686506,-73.874951,42488263
Etna Street,Force Tube Avenue,Brooklyn,40.684988,-73.881668,42495015
Etna Street,Grant Avenue,Brooklyn,40.688151,-73.868351,42495056
Etna Street,Hale Avenue,Brooklyn,40.685063,-73.881133,42495019
Etna Street,Hemlock Street,Brooklyn,40.687251,-73.87197,42495034
Etna Street,Highland Place,Brooklyn,40.684929,-73.882057,42490584
Etna Street,Lincoln Avenue,Brooklyn,40.687673,-73.870275,42495042
Etna Street,Logan Street,Brooklyn,40.68556,-73.878749,42495024
Etna Street,Nichols Avenue,Brooklyn,40.687878,-73.869453,42495048
Etna Street,Norwood Avenue,Brooklyn,40.685244,-73.880013,42495021
Etna Street,Pine Street,Brooklyn,40.686733,-73.874041,42495030
Etna Street,Richmond Street,Brooklyn,40.685876,-73.877483,42482024
Euclid Avenue,Fulton Street,Brooklyn,40.683104,-73.874105,42464803
Euclid Avenue,Glen Street,Brooklyn,40.680592,-73.873439,42488259
Euclid Avenue,Glenmore Avenue,Brooklyn,40.676672,-73.872228,42488229
Euclid Avenue,Hill Street,Brooklyn,40.678574,-73.872939,42488251
Euclid Avenue,Jamaica Avenue,Brooklyn,40.688615,-73.875597,461221358/42466367
Euclid Avenue,Linden Boulevard,Brooklyn,40.667944,-73.870078,1942055203/1942055204/1942055197/1942055199
Euclid Avenue,Loring Avenue,Brooklyn,40.666734,-73.869761,42478715
Euclid Avenue,McKinley Avenue,Brooklyn,40.679247,-73.873109,42488254
Euclid Avenue,Pitkin Avenue,Brooklyn,40.675414,-73.871906,42488233
Euclid Avenue,Ridgewood Avenue,Brooklyn,40.684955,-73.874566,42478954
Euclid Avenue,South Conduit Boulevard,Brooklyn,40.677825,-73.872503,598629627
Euclid Avenue,Stanley Avenue,Brooklyn,40.66519,-73.869386,42488245
Euclid Avenue,Sutter Avenue,Brooklyn,40.672883,-73.871308,42488236
Euclid Avenue,Weldon Street,Brooklyn,40.679921,-73.873276,42471626
Euclid Avenue,Wortman Avenue,Brooklyn,40.66364,-73.869005,42488246
Evans Street,Harrison Alley,Brooklyn,40.703062,-73.980671,42500303
Evans Street,Hudson Avenue,Brooklyn,40.703071,-73.981112,42500302
Evans Street,Little Street,Brooklyn,40.703053,-73.98025,42500309
Everett Avenue,Fane Court,Brooklyn,40.591644,-73.927786,42518674
Everett Avenue,Garland Court,Brooklyn,40.591404,-73.928156,42466617
Everett Avenue,Gerritsen Avenue,Brooklyn,40.593138,-73.925477,4729745527
Everett Avenue,Hazel Court,Brooklyn,40.591166,-73.928524,42525906
Everett Avenue,Ira Court,Brooklyn,40.590926,-73.928894,42467123
Everett Avenue,Joval Court,Brooklyn,40.590687,-73.929265,42489598
Everett Avenue,Knight Court,Brooklyn,40.590444,-73.92964,42512415
Everett Avenue,Lacon Court,Brooklyn,40.590204,-73.930011,11436083318
Evergreen Avenue,Flushing Avenue,Brooklyn,40.702674,-73.933951,42499797
Evergreen Avenue,Gates Avenue,Brooklyn,40.692149,-73.919459,42499843
Evergreen Avenue,George Street,Brooklyn,40.700059,-73.932781,42484343
Evergreen Avenue,Greene Avenue,Brooklyn,40.694001,-73.923498,42499836
Evergreen Avenue,Grove Street,Brooklyn,40.692823,-73.921215,42499840
Evergreen Avenue,Halsey Street,Brooklyn,40.688553,-73.912443,42499847
Evergreen Avenue,Hancock Street,Brooklyn,40.689409,-73.913946,42499846
Evergreen Avenue,Harman Street,Brooklyn,40.694429,-73.924249,42471580
Evergreen Avenue,Hart Street,Brooklyn,40.697189,-73.928843,42477886
Evergreen Avenue,Himrod Street,Brooklyn,40.694855,-73.924995,42499834
Evergreen Avenue,Jefferson Avenue,Brooklyn,40.689836,-73.914699,42499845
Evergreen Avenue,Jefferson Street,Brooklyn,40.699292,-73.931437,42499816/42499813
Evergreen Avenue,Linden Street,Brooklyn,40.692485,-73.920301,42499841
Evergreen Avenue,Madison Street,Brooklyn,40.69111,-73.916964,42486689
Evergreen Avenue,Melrose Street,Brooklyn,40.699721,-73.93219,42499809/42499806
Evergreen Avenue,Menahan Street,Brooklyn,40.693144,-73.921994,42477542
Evergreen Avenue,Moffat Street,Brooklyn,40.685988,-73.907934,42488746
Evergreen Avenue,Myrtle Avenue,Brooklyn,40.697646,-73.929323,42499827
Evergreen Avenue,Noll Street,Brooklyn,40.700863,-73.933162,42479511
Evergreen Avenue,Palmetto Street,Brooklyn,40.691808,-73.91862,42498806
Evergreen Avenue,Pilling Street,Brooklyn,40.685135,-73.906424,5473490486
Evergreen Avenue,Putnam Avenue,Brooklyn,40.690692,-73.916199,42489088
Evergreen Avenue,Schaefer Street,Brooklyn,40.687271,-73.910189,42499850
Evergreen Avenue,Stanhope Street,Brooklyn,40.695285,-73.92575,42499833
Evergreen Avenue,Stockholm Street,Brooklyn,40.695712,-73.926499,42499831
Evergreen Avenue,Suydam Street,Brooklyn,40.697646,-73.929323,42499827
Evergreen Avenue,Troutman Street,Brooklyn,40.698848,-73.93065,42499826/42499820
Evergreen Avenue,Weirfield Street,Brooklyn,40.68898,-73.913194,42490683
Evergreen Avenue,Willoughby Avenue,Brooklyn,40.69825,-73.929964,42492375
Evergreen Avenue,Woodbine Street,Brooklyn,40.69146,-73.917791,42499290
Everit Street,Old Fulton Street,Brooklyn,40.70274,-73.994185,3174844139
Exeter Street,Hampton Avenue,Brooklyn,40.579781,-73.948691,42490996
Exeter Street,Oriental Boulevard,Brooklyn,40.577393,-73.948246,1167644544/42464380
Exeter Street,Shore Boulevard,Brooklyn,40.581978,-73.949101,42486953
Fair Street,Prince Street,Brooklyn,40.692976,-73.982511,3550741801
Fairview Place,Martense Street,Brooklyn,40.651747,-73.948675,42489733
Falcon Trail,Fountain Ring Drive,Brooklyn,40.642288,-73.863692,6382611942
Falmouth Street,Hampton Avenue,Brooklyn,40.579996,-73.946744,42491003
Falmouth Street,Oriental Boulevard,Brooklyn,40.577607,-73.946295,1167643058/42464383
Falmouth Street,Shore Boulevard,Brooklyn,40.581595,-73.947044,42486962
Fanchon Place,Highland Boulevard,Brooklyn,40.67956,-73.898894,42526784
Fanchon Place,Jamaica Avenue,Brooklyn,40.677532,-73.898835,597773111
Fane Court,Fane Court South,Brooklyn,40.590684,-73.926729,42471932
Fane Court,Florence Avenue,Brooklyn,40.590684,-73.926729,42471932
Fane Court South,Florence Avenue,Brooklyn,40.590684,-73.926729,42471932
Fane Court South,Gotham Avenue,Brooklyn,40.590368,-73.926383,42471929
Farragut Road,Flatbush Avenue,Brooklyn,40.636083,-73.951112,9258589425
Farragut Road,Glenwood Road,Brooklyn,40.635543,-73.922832,42467749
Farragut Road,Kenilworth Place,Brooklyn,40.635955,-73.952257,42490672
Farragut Road,Kings Highway,Brooklyn,40.638546,-73.926021,42493581
Farragut Road,New York Avenue,Brooklyn,40.636458,-73.945123,42493528
Farragut Road,Nostrand Avenue,Brooklyn,40.636276,-73.948015,42481740
Farragut Road,Ocean Avenue,Brooklyn,40.6353,-73.958207,42493506
Farragut Road,Ralph Avenue,Brooklyn,40.63747,-73.919172,42493420
Farragut Road,Remsen Avenue,Brooklyn,40.643204,-73.90928,42468645
Farragut Road,Rockaway Parkway,Brooklyn,40.646625,-73.903989,42493474
Farragut Road,Rogers Avenue,Brooklyn,40.636083,-73.951112,9258589425
Farragut Road,Rose Street,Brooklyn,40.644304,-73.907579,42493454
Farragut Road,Schenectady Avenue,Brooklyn,40.637285,-73.931768,42493566
Farragut Road,Troy Avenue,Brooklyn,40.637109,-73.934639,42493089
Farragut Road,Utica Avenue,Brooklyn,40.637463,-73.928857,42493572
Farragut Road,Varkens Hook Road,Brooklyn,40.641734,-73.911567,42468013
Fenimore Street,Flatbush Avenue,Brooklyn,40.658045,-73.960412,42491678
Fenimore Street,New York Avenue,Brooklyn,40.658876,-73.947522,42493638
Fenimore Street,Nostrand Avenue,Brooklyn,40.658693,-73.950416,42481679
Fenimore Street,Rogers Avenue,Brooklyn,40.658514,-73.953309,42493634
Fenimore Street,Troy Avenue,Brooklyn,40.659527,-73.937035,42493291
Fern Avenue,Greenborough Avenue,Brooklyn,40.65519,-73.991858,758811570
Fern Avenue,Highland Avenue,Brooklyn,40.655948,-73.993009,757468313
Ferris Street,King Street,Brooklyn,40.680239,-74.014411,42524127
Ferris Street,Sullivan Street,Brooklyn,40.679717,-74.015029,3154320973
Ferris Street,Van Dyke Street,Brooklyn,40.677594,-74.017535,42529545
Ferris Street,Wolcott Street,Brooklyn,40.679188,-74.015653,3154320975
Fillmore Avenue,Flatbush Avenue,Brooklyn,40.614521,-73.927925,42479098/42479106
Fillmore Avenue,Gerritsen Avenue,Brooklyn,40.606642,-73.940508,42479055
Fillmore Avenue,Hendrickson Street,Brooklyn,40.614168,-73.928853,42479092
Fillmore Avenue,Kimball Street,Brooklyn,40.613245,-73.93028,42479080
Fillmore Avenue,Madison Place,Brooklyn,40.608068,-73.938306,42479063
Fillmore Avenue,Marine Parkway,Brooklyn,40.608556,-73.937535,42479066
Fillmore Avenue,Ryder Street,Brooklyn,40.612784,-73.930998,42479078
Fillmore Avenue,Stuart Street,Brooklyn,40.60714,-73.939732,42479057
Fillmore Avenue,Utica Avenue,Brooklyn,40.614487,-73.926402,42479116
Fillmore Place,Roebling Street,Brooklyn,40.713771,-73.958041,42489993
Fir Avenue,Grape Avenue,Brooklyn,40.647125,-73.986962,756246861
Fir Avenue,Sassafras Avenue,Brooklyn,40.649439,-73.981147,756247122
Fir Avenue,Vine Avenue,Brooklyn,40.648719,-73.983643,756246941
Fiske Place,Garfield Place,Brooklyn,40.67156,-73.975494,42514250
Flatbush Avenue,Flatbush Avenue Extension,Brooklyn,40.688851,-73.980946,42464848/42491589
Flatbush Avenue,Flatlands Avenue,Brooklyn,40.621216,-73.93538,42491864
Flatbush Avenue,Foster Avenue,Brooklyn,40.638497,-73.953674,42491751/9258570207
Flatbush Avenue,Fulton Mall,Brooklyn,40.688941,-73.98105,42464848
Flatbush Avenue,Fulton Street,Brooklyn,40.688941,-73.98105,42464848
Flatbush Avenue,Glenwood Road,Brooklyn,40.634229,-73.949148,9258589441/9258589444
Flatbush Avenue,Hawthorne Street,Brooklyn,40.657232,-73.960243,42491682
Flatbush Avenue,Hendrickson Place,Brooklyn,40.607234,-73.91983,3527276326
Flatbush Avenue,Hubbard Place,Brooklyn,40.624228,-73.938571,7960202505
Flatbush Avenue,Kings Highway,Brooklyn,40.622398,-73.936634,42491856/2317435444/2317435446
Flatbush Avenue,Lafayette Avenue,Brooklyn,40.686691,-73.97936,42491599
Flatbush Avenue,Lefferts Avenue,Brooklyn,40.661685,-73.961437,42472136
Flatbush Avenue,Lenox Road,Brooklyn,40.653575,-73.959451,42467292
Flatbush Avenue,Lincoln Road,Brooklyn,40.660895,-73.960875,42490208
Flatbush Avenue,Linden Boulevard,Brooklyn,40.652138,-73.959146,42491697
Flatbush Avenue,Livingston Street,Brooklyn,40.687314,-73.979813,42491592
Flatbush Avenue,Lott Place,Brooklyn,40.621922,-73.936128,42491859
Flatbush Avenue,Maple Street,Brooklyn,40.660197,-73.960612,42485079
Flatbush Avenue,Marine Parkway–Gil Hodges Memorial Bridge,Brooklyn,40.578432,-73.887909,452380898/452380556
Flatbush Avenue,Martense Street,Brooklyn,40.651213,-73.958905,42489721
Flatbush Avenue,Midwood Street,Brooklyn,40.659496,-73.960552,42467075
Flatbush Avenue,Nevins Street,Brooklyn,40.688761,-73.980843,42491589
Flatbush Avenue,New York Avenue,Brooklyn,40.629869,-73.944536,42491801
Flatbush Avenue,Newkirk Avenue,Brooklyn,40.639595,-73.954745,9258570215
Flatbush Avenue,Nostrand Avenue,Brooklyn,40.632846,-73.947659,9258552694
Flatbush Avenue,Ocean Avenue,Brooklyn,40.663097,-73.962384,42481948
Flatbush Avenue,Overbaugh Place,Brooklyn,40.623017,-73.937291,42491852
Flatbush Avenue,Pacific Street,Brooklyn,40.683164,-73.976801,4487203991
Flatbush Avenue,Park Place,Brooklyn,40.677537,-73.972717,42491638
Flatbush Avenue,Parkside Avenue,Brooklyn,40.655637,-73.95986,42491688
Flatbush Avenue,Prospect Place,Brooklyn,40.67868,-73.973547,42473595
Flatbush Avenue,Quentin Road,Brooklyn,40.617927,-73.931731,42470889
Flatbush Avenue,Regent Place,Brooklyn,40.646505,-73.958106,42460684
Flatbush Avenue,Rogers Avenue,Brooklyn,40.636083,-73.951112,9258589425
Flatbush Avenue,Rutland Road,Brooklyn,40.65878,-73.960496,42491671
Flatbush Avenue,Saint Johns Place,Brooklyn,40.675248,-73.971046,42491642
Flatbush Avenue,Saint Marks Avenue,Brooklyn,40.67975,-73.974324,42491632
Flatbush Avenue,Schenectady Avenue,Brooklyn,40.615897,-73.929461,42491906
Flatbush Avenue,Schermerhorn Street,Brooklyn,40.686271,-73.979035,42469253
Flatbush Avenue,Snyder Avenue,Brooklyn,40.648532,-73.958256,42491711
Flatbush Avenue,State Street,Brooklyn,40.685215,-73.978294,42491608
Flatbush Avenue,Stephens Court,Brooklyn,40.639115,-73.954273,42491746
Flatbush Avenue,Sterling Place,Brooklyn,40.676425,-73.971909,42474962
Flatbush Avenue,Tilden Avenue,Brooklyn,40.646505,-73.958106,42460684
Flatbush Avenue,Times Plaza,Brooklyn,40.684885,-73.978061,1372888639
Flatbush Avenue,Troy Avenue,Brooklyn,40.61901,-73.932917,42491883
Flatbush Avenue,Utica Avenue,Brooklyn,40.613044,-73.926242,42491930
Flatbush Avenue,Vanderbilt Avenue,Brooklyn,40.674507,-73.970459,4575780105/1123921870
Flatbush Avenue,Vanderveer Place,Brooklyn,40.641961,-73.95707,42491730
Flatbush Avenue,Washington Avenue,Brooklyn,40.660479,-73.960648,8303517460
Flatbush Avenue,Westbury Court,Brooklyn,40.656757,-73.960135,42491685
Flatbush Avenue,Winthrop Street,Brooklyn,40.656486,-73.960073,42491686
Flatbush Avenue,Woodruff Avenue,Brooklyn,40.654842,-73.959697,42491690
Flatbush Avenue Extension,Fleet Street,Brooklyn,40.69125,-73.982126,1258875373/42491582
Flatbush Avenue Extension,Fulton Mall,Brooklyn,40.688941,-73.98105,42464848
Flatbush Avenue Extension,Fulton Street,Brooklyn,40.688907,-73.98096,42464848/1258875754
Flatbush Avenue Extension,Gold Street,Brooklyn,40.69396,-73.98338,1258875524
Flatbush Avenue Extension,Johnson Street,Brooklyn,40.694833,-73.9838,1258875532
Flatbush Avenue Extension,Manhattan Bridge,Brooklyn,40.697629,-73.985297,541467370/42482557
Flatbush Avenue Extension,Manhattan Bridge lower level,Brooklyn,40.697625,-73.985202,42482557
Flatbush Avenue Extension,Myrtle Avenue,Brooklyn,40.693648,-73.98331,1258875665/4526565698/4209410683/3026465132
Flatbush Avenue Extension,Nevins Street,Brooklyn,40.688761,-73.980843,42491589
Flatbush Avenue Extension,Prince Street,Brooklyn,40.692464,-73.982639,3550741800
Flatbush Avenue Extension,Tech Place,Brooklyn,40.694846,-73.98402,42481904
Flatbush Avenue Extension,Tillary Street,Brooklyn,40.696046,-73.98453,42491554/1258875444/1258875733/598043790
Flatbush Avenue Extension,Willoughby Street,Brooklyn,40.692055,-73.98253,1258875710/42464631
Flatbush Avenue Greenway,Jamaica Bay Bike Path,Brooklyn,40.593422,-73.904648,466530316
Flatbush Avenue Greenway,Jamaica Bay Greenway,Brooklyn,40.593672,-73.904335,608493058
Flatlands Avenue,Forbell Street,Brooklyn,40.661539,-73.85991,8880682386
Flatlands Avenue,Fountain Avenue,Brooklyn,40.660463,-73.867187,42505118
Flatlands Avenue,Georgia Avenue,Brooklyn,40.652053,-73.887952,1273032310/42503799
Flatlands Avenue,Harden Street,Brooklyn,40.621758,-73.934543,42518660
Flatlands Avenue,Hendrickson Street,Brooklyn,40.620719,-73.93615,42498784
Flatlands Avenue,Hendrix Street,Brooklyn,40.655249,-73.880632,1273032385
Flatlands Avenue,Jerome Street,Brooklyn,40.656264,-73.878131,42504379/1273032446
Flatlands Avenue,Kimball Street,Brooklyn,40.619796,-73.937576,42498778
Flatlands Avenue,Linwood Street,Brooklyn,40.658018,-73.874061,1273032435/42470271
Flatlands Avenue,Logan Street,Brooklyn,40.660326,-73.86825,42518952/1273032436
Flatlands Avenue,Lotts Lane,Brooklyn,40.620179,-73.936992,42485899
Flatlands Avenue,Louisiana Avenue,Brooklyn,40.651141,-73.889995,1273032433/42516862
Flatlands Avenue,Malta Street,Brooklyn,40.651383,-73.889629,1273032332
Flatlands Avenue,Milford Street,Brooklyn,40.660123,-73.869158,42523481/1273032300
Flatlands Avenue,Montauk Avenue,Brooklyn,40.659768,-73.869986,42468545/1273032382
Flatlands Avenue,New Jersey Avenue,Brooklyn,40.653149,-73.885542,1273032319
Flatlands Avenue,Pennsylvania Avenue,Brooklyn,40.652755,-73.886278,5314096944/5314096946/42495675/1273032397
Flatlands Avenue,Ralph Avenue,Brooklyn,40.632069,-73.918607,42493972
Flatlands Avenue,Remsen Avenue,Brooklyn,40.640238,-73.905972,42468662
Flatlands Avenue,Rockaway Parkway,Brooklyn,40.64366,-73.90067,42512632
Flatlands Avenue,Schenck Avenue,Brooklyn,40.655616,-73.879782,1273032452
Flatlands Avenue,Schenck Street,Brooklyn,40.655552,-73.879728,7888207060/1273032452/7888207061
Flatlands Avenue,Schenectady Avenue,Brooklyn,40.624442,-73.930393,42516475
Flatlands Avenue,Sheffield Avenue,Brooklyn,40.652455,-73.887181,1273032413
Flatlands Avenue,Shepherd Avenue,Brooklyn,40.658715,-73.87243,42517244/1273032431
Flatlands Avenue,Sheridan Avenue,Brooklyn,40.661278,-73.861718,42482702
Flatlands Avenue,Troy Avenue,Brooklyn,40.622694,-73.9331,42493137
Flatlands Avenue,Utica Avenue,Brooklyn,40.626221,-73.927656,42521018
Flatlands Avenue,Van Siclen Avenue,Brooklyn,40.654497,-73.882241,42472320/1273032404
Flatlands Avenue,Vermont Street,Brooklyn,40.653464,-73.884665,1273032291/42511437
Flatlands Avenue,Williams Avenue,Brooklyn,40.65003,-73.891269,1273032443/42500293
Fleet Place,Fleet Street,Brooklyn,40.691649,-73.981804,42501776
Fleet Place,Myrtle Avenue,Brooklyn,40.693589,-73.981738,42501773
Fleet Place,Willoughby Street,Brooklyn,40.692036,-73.981793,42494926
Florence Avenue,Garland Court,Brooklyn,40.590449,-73.927092,42466615
Florence Avenue,Gerritsen Avenue,Brooklyn,40.592189,-73.924415,4729788362
Florence Avenue,Hazel Court,Brooklyn,40.590208,-73.927463,42501528
Florence Avenue,Ira Court,Brooklyn,40.589966,-73.927834,42467121
Florence Avenue,Joval Court,Brooklyn,40.589729,-73.9282,42489596
Florence Avenue,Knight Court,Brooklyn,40.589486,-73.928574,42501523
Flushing Avenue,Forrest Street,Brooklyn,40.703458,-73.931931,42504122
Flushing Avenue,Franklin Avenue,Brooklyn,40.698677,-73.958858,42504062
Flushing Avenue,Garden Street,Brooklyn,40.701567,-73.938325,42473650
Flushing Avenue,Gardner Avenue,Brooklyn,40.707782,-73.923748,1275778402
Flushing Avenue,Gerry Street,Brooklyn,40.699807,-73.949942,8229512422/42482215
Flushing Avenue,Hall Street,Brooklyn,40.697677,-73.966737,42466412
Flushing Avenue,Harrison Avenue,Brooklyn,40.700114,-73.947221,42504093
Flushing Avenue,Harrison Place,Brooklyn,40.707543,-73.924001,1275778430
Flushing Avenue,Humboldt Street,Brooklyn,40.701077,-73.94042,42499081
Flushing Avenue,Ingraham Street,Brooklyn,40.708417,-73.923021,42504181
Flushing Avenue,Johnson Avenue,Brooklyn,40.709402,-73.921898,3325564426
Flushing Avenue,Kent Avenue,Brooklyn,40.698462,-73.960197,42469382
Flushing Avenue,Knickerbocker Avenue,Brooklyn,40.704717,-73.928738,42504145
Flushing Avenue,Lee Avenue,Brooklyn,40.699405,-73.95337,42481529
Flushing Avenue,Marcy Avenue,Brooklyn,40.699791,-73.950091,42482215
Flushing Avenue,Melrose Street,Brooklyn,40.705764,-73.926041,7711304343
Flushing Avenue,Morgan Avenue,Brooklyn,40.70379,-73.931113,42490298
Flushing Avenue,Nassau Street,Brooklyn,40.698253,-73.980562,42481025
Flushing Avenue,Navy Street,Brooklyn,40.698253,-73.980562,42481025
Flushing Avenue,Noll Street,Brooklyn,40.704199,-73.930055,42479528
Flushing Avenue,North Elliott Place,Brooklyn,40.698131,-73.977535,42472987
Flushing Avenue,North Oxford Street,Brooklyn,40.698061,-73.975799,42490105
Flushing Avenue,North Portland Avenue,Brooklyn,40.698101,-73.976794,42504024
Flushing Avenue,Nostrand Avenue,Brooklyn,40.699405,-73.95337,42481529
Flushing Avenue,Porter Avenue,Brooklyn,40.704964,-73.928109,42504156
Flushing Avenue,Ryerson Street,Brooklyn,40.697635,-73.965785,42504046
Flushing Avenue,Saint Nicholas Avenue,Brooklyn,40.708417,-73.923021,42504181
Flushing Avenue,Scott Avenue,Brooklyn,40.709006,-73.922337,42474005
Flushing Avenue,Skillman Street,Brooklyn,40.69882,-73.957959,42492107
Flushing Avenue,Spencer Street,Brooklyn,40.69909,-73.956079,5481877394
Flushing Avenue,Stanwix Street,Brooklyn,40.702315,-73.935336,42500468
Flushing Avenue,Steuben Street,Brooklyn,40.69786,-73.963949,42504050
Flushing Avenue,Stewart Avenue,Brooklyn,40.706571,-73.925144,42504162
Flushing Avenue,Sumner Place,Brooklyn,40.701077,-73.94042,42499081
Flushing Avenue,Taaffe Place,Brooklyn,40.698326,-73.961051,42494532
Flushing Avenue,Thames Street,Brooklyn,40.705686,-73.926223,7711304344
Flushing Avenue,Thornton Street,Brooklyn,40.700405,-73.944617,42467502
Flushing Avenue,Throop Avenue,Brooklyn,40.700429,-73.944386,7711304351
Flushing Avenue,Tompkins Avenue,Brooklyn,40.700114,-73.947221,42504093
Flushing Avenue,Union Avenue,Brooklyn,40.699791,-73.950091,42482215
Flushing Avenue,Vanderbilt Avenue,Brooklyn,40.697883,-73.970767,9301030699/42469606
Flushing Avenue,Vandervoort Place,Brooklyn,40.704131,-73.930237,42504129
Flushing Avenue,Varick Avenue,Brooklyn,40.705561,-73.926592,42504158
Flushing Avenue,Walworth Street,Brooklyn,40.699193,-73.955184,42490730
Flushing Avenue,Warsoff Place,Brooklyn,40.699296,-73.95429,42504075
Flushing Avenue,Washington Avenue,Brooklyn,40.697749,-73.967736,42478369/1723603474
Flushing Avenue,Waverly Avenue,Brooklyn,40.69777,-73.968717,7238262336
Flushing Avenue,Whipple Street,Brooklyn,40.700215,-73.946316,42504097
Flushing Avenue,Williamsburg Street West,Brooklyn,40.698066,-73.962871,1723603476/42504053
Flushing Avenue,Wilson Avenue,Brooklyn,40.70379,-73.931113,42490298
Flushing Avenue,Wyckoff Avenue,Brooklyn,40.707394,-73.924169,42504174
Folsom Place,Linwood Street,Brooklyn,40.679248,-73.883538,42470280
Forbell Street,Glenmore Avenue,Brooklyn,40.67777,-73.863909,42504745
Forbell Street,Liberty Avenue,Brooklyn,40.679067,-73.864231,42460608/42527722
Forbell Street,Linden Boulevard,Brooklyn,40.669756,-73.861906,1942055353
Forbell Street,Loring Avenue,Brooklyn,40.667931,-73.861465,8387844325
Forbell Street,McKinley Avenue,Brooklyn,40.68086,-73.864678,42505779
Forbell Street,Pitkin Avenue,Brooklyn,40.676494,-73.863592,42511653
Forbell Street,South Conduit Boulevard,Brooklyn,40.674652,-73.86312,4486120797
Forbell Street,Stanley Avenue,Brooklyn,40.666382,-73.86108,42527735
Forbell Street,Sutter Avenue,Brooklyn,40.674083,-73.862997,42515167
Forbell Street,Wortman Avenue,Brooklyn,40.664834,-73.860706,3547826464
Force Tube Avenue,Fulton Street,Brooklyn,40.682088,-73.877679,42464799
Force Tube Avenue,Hale Avenue,Brooklyn,40.684497,-73.880995,42514580
Force Tube Avenue,Highland Boulevard,Brooklyn,40.68536,-73.882202,42475193
Force Tube Avenue,Highland Boulevard Greenway,Brooklyn,40.68536,-73.882202,42475193
Force Tube Avenue,Highland Place,Brooklyn,40.68536,-73.882202,42475193
Force Tube Avenue,Jamaica Avenue,Brooklyn,40.68536,-73.882202,42475193
Force Tube Avenue,Logan Street,Brooklyn,40.682268,-73.877928,42514587
Force Tube Avenue,Norwood Avenue,Brooklyn,40.68346,-73.879572,42502107
Force Tube Avenue,Ridgewood Avenue,Brooklyn,40.683648,-73.879809,42478941
Ford Street,Gerritsen Avenue,Brooklyn,40.605132,-73.938818,42534282
Ford Street,Shore Parkway,Brooklyn,40.586312,-73.935364,42480249/42480757
Ford Street,Voorhies Avenue,Brooklyn,40.587728,-73.935631,42524580
Forest Avenue,Landscape Avenue,Brooklyn,40.652715,-73.995004,757489259
Forest Avenue,Locust Avenue,Brooklyn,40.652535,-73.993956,758811412
Forest Avenue,Vista Avenue,Brooklyn,40.652061,-73.990381,757488209
Forrest Street,Garden Street,Brooklyn,40.700645,-73.936457,42513688
Forrest Street,Stanwix Street,Brooklyn,40.7011,-73.934799,42500482
Fort Greene Place,Fulton Street,Brooklyn,40.68718,-73.976617,42464859
Fort Greene Place,Hanson Place,Brooklyn,40.685299,-73.976199,42490936
Fort Greene Place,Lafayette Avenue,Brooklyn,40.686994,-73.976545,42490934
Fort Hamilton,John Warren Avenue,Brooklyn,40.606679,-74.024222,42463314
Fort Hamilton,Sterling Drive,Brooklyn,40.605728,-74.02469,2037630245
Fort Hamilton Manor,Hamilton Manor,Brooklyn,40.609744,-74.027231,42493067
Fort Hamilton Manor,North Grimes Road,Brooklyn,40.609523,-74.027267,42493065
Fort Hamilton Manor,Poly Place,Brooklyn,40.610129,-74.027204,42484835/42484124
Fort Hamilton Parkway,John Warren Avenue,Brooklyn,40.611154,-74.032555,5379191830
Fort Hamilton Parkway,Marine Avenue,Brooklyn,40.613132,-74.03086,42461098
Fort Hamilton Parkway,McDonald Avenue,Brooklyn,40.647708,-73.980375,42460846
Fort Hamilton Parkway,Micieli Place,Brooklyn,40.646928,-73.982312,42460856
Fort Hamilton Parkway,New Utrecht Avenue,Brooklyn,40.6406,-73.994331,42460894
Fort Hamilton Parkway,Park Circle,Brooklyn,40.650894,-73.97292,5181604814/1942053398
Foster Avenue,Marlborough Road,Brooklyn,40.634069,-73.963097,3514072653/3514072654
Foster Avenue,McDonald Avenue,Brooklyn,40.627606,-73.97656,42501969
Foster Avenue,New York Avenue,Brooklyn,40.638787,-73.945373,42496590
Foster Avenue,Nostrand Avenue,Brooklyn,40.638607,-73.948265,42481738
Foster Avenue,Ocean Avenue,Brooklyn,40.636326,-73.958401,42512759
Foster Avenue,Ocean Parkway,Brooklyn,40.629992,-73.971569,42508768/2282435339/2282435341
Foster Avenue,Ralph Avenue,Brooklyn,40.64024,-73.919466,42493963/4089962899
Foster Avenue,Remsen Avenue,Brooklyn,40.644876,-73.911147,42468641
Foster Avenue,Rockaway Avenue,Brooklyn,40.648563,-73.905337,42516741
Foster Avenue,Rockaway Parkway,Brooklyn,40.648265,-73.9058,5198593260
Foster Avenue,Rogers Avenue,Brooklyn,40.638426,-73.951158,42526070
Foster Avenue,Rugby Road,Brooklyn,40.633661,-73.963944,11377023695
Foster Avenue,Schenectady Avenue,Brooklyn,40.639616,-73.932013,42516427
Foster Avenue,Seton Place,Brooklyn,40.628806,-73.974027,42519954
Foster Avenue,Troy Avenue,Brooklyn,40.639439,-73.934887,42493087
Foster Avenue,Utica Avenue,Brooklyn,40.639795,-73.929106,42520984
Foster Avenue,Westminster Road,Brooklyn,40.632828,-73.96568,3695441638
Fountain Avenue,Glenmore Avenue,Brooklyn,40.676189,-73.875588,42504703
Fountain Avenue,Hegeman Avenue,Brooklyn,40.668032,-73.872841,42474517
Fountain Avenue,Liberty Avenue,Brooklyn,40.67743,-73.875896,42505086
Fountain Avenue,Linden Boulevard,Brooklyn,40.666709,-73.871828,1942055151/1942055156/1942055172/1942055159
Fountain Avenue,Loring Avenue,Brooklyn,40.66658,-73.871723,1942055151
Fountain Avenue,Old Mill Road,Brooklyn,40.661662,-73.86807,42486404
Fountain Avenue,Pitkin Avenue,Brooklyn,40.674925,-73.875277,42505088
Fountain Avenue,Schroeders Walk,Brooklyn,40.658105,-73.865502,10016084389
Fountain Avenue,Seaview Avenue,Brooklyn,40.655565,-73.862947,452384640
Fountain Avenue,Stanley Avenue,Brooklyn,40.665046,-73.870576,42505102
Fountain Avenue,Sutter Avenue,Brooklyn,40.672389,-73.874624,42505090
Fountain Avenue,Vandalia Avenue,Brooklyn,40.658862,-73.865998,452383841/7888207058/42505125/452385599
Fountain Avenue,Wells Street,Brooklyn,40.678248,-73.876099,42476015
Fountain Avenue,Wortman Avenue,Brooklyn,40.66357,-73.869488,42505106
Fountain Entrance,Fountain Ring Drive,Brooklyn,40.653267,-73.860635,7885014145
Fountain Ring Drive,Great Blue Heron Loop,Brooklyn,40.652651,-73.860289,6382611786
Frank Court,Lois Avenue,Brooklyn,40.586742,-73.921636,42500211
Frank Court,Seba Avenue,Brooklyn,40.587849,-73.92287,42466586
Franklin Avenue,Fulton Street,Brooklyn,40.681127,-73.955661,42464960
Franklin Avenue,Gates Avenue,Brooklyn,40.68553,-73.95655,42524144
Franklin Avenue,Greene Avenue,Brooklyn,40.687735,-73.956975,42501249
Franklin Avenue,Hancock Street,Brooklyn,40.681869,-73.955817,42524146
Franklin Avenue,Jefferson Avenue,Brooklyn,40.682599,-73.955966,42522063
Franklin Avenue,Lafayette Avenue,Brooklyn,40.689224,-73.957085,42523761/42523755
Franklin Avenue,Lefferts Place,Brooklyn,40.680195,-73.955486,42524151
Franklin Avenue,Lexington Avenue,Brooklyn,40.686996,-73.956841,42524143
Franklin Avenue,Lincoln Place,Brooklyn,40.671544,-73.95766,42518554
Franklin Avenue,Madison Street,Brooklyn,40.684066,-73.956257,42486640
Franklin Avenue,Monroe Street,Brooklyn,40.684801,-73.956403,42495185
Franklin Avenue,Montgomery Street,Brooklyn,40.666262,-73.959561,42479603
Franklin Avenue,Myrtle Avenue,Brooklyn,40.694366,-73.957997,42517044
Franklin Avenue,Pacific Street,Brooklyn,40.678344,-73.9552,42524164
Franklin Avenue,Park Avenue,Brooklyn,40.696571,-73.958435,42471836
Franklin Avenue,President Street,Brooklyn,40.6689,-73.958609,42515007
Franklin Avenue,Prospect Place,Brooklyn,40.67505,-73.956386,42473610
Franklin Avenue,Putnam Avenue,Brooklyn,40.683338,-73.956112,42489038
Franklin Avenue,Quincy Street,Brooklyn,40.686263,-73.956699,42498829
Franklin Avenue,Saint Johns Place,Brooklyn,40.672414,-73.957339,42524186
Franklin Avenue,Saint Marks Avenue,Brooklyn,40.675928,-73.956069,42522967
Franklin Avenue,Sterling Place,Brooklyn,40.673295,-73.957021,42474974
Franklin Avenue,Sullivan Place,Brooklyn,40.664108,-73.960337,42524197
Franklin Avenue,Wallabout Street,Brooklyn,40.699415,-73.959004,7722348499
Franklin Avenue,Willoughby Avenue,Brooklyn,40.692779,-73.957681,42492316
Franklin Avenue,Wythe Avenue,Brooklyn,40.699415,-73.959004,7722348499
Franklin Street,Freeman Street,Brooklyn,40.734147,-73.958296,42486597
Franklin Street,Green Street,Brooklyn,40.733433,-73.958178,42516047
Franklin Street,Greenpoint Avenue,Brooklyn,40.729888,-73.957595,42514451
Franklin Street,Huron Street,Brooklyn,40.732723,-73.958064,42500685
Franklin Street,India Street,Brooklyn,40.732013,-73.957945,42506516
Franklin Street,Java Street,Brooklyn,40.731304,-73.957828,42501785
Franklin Street,Kent Avenue,Brooklyn,40.72427,-73.957692,42469534
Franklin Street,Kent Street,Brooklyn,40.730592,-73.957713,42493352
Franklin Street,Meserole Avenue,Brooklyn,40.72557,-73.957487,42516599
Franklin Street,Milton Street,Brooklyn,40.729169,-73.957477,42520808
Franklin Street,Noble Street,Brooklyn,40.728467,-73.957363,42498317
Franklin Street,North 14th Street,Brooklyn,40.72427,-73.957692,42469534
Franklin Street,North 15th Street,Brooklyn,40.725108,-73.957548,42500969
Franklin Street,Oak Street,Brooklyn,40.727759,-73.957248,42484587
Franklin Street,Quay Street,Brooklyn,40.726306,-73.957356,42503841
Freeman Street,Manhattan Avenue,Brooklyn,40.734465,-73.954962,42486600
Freeman Street,McGuinness Boulevard,Brooklyn,40.734697,-73.952418,598391465/42486604
Freeman Street,Provost Street,Brooklyn,40.734933,-73.949928,42486608
Freeman Street,Pulaski Bridge,Brooklyn,40.734704,-73.952339,42486604
Freeman Street,West Street,Brooklyn,40.733988,-73.95993,42486594
Freeport Loop,Pennsylvania Avenue,Brooklyn,40.646728,-73.880542,11388370888/42495700/4202786887
Front Avenue,Pier C,Brooklyn,40.702789,-73.977139,42473945
Front Street,Gold Street,Brooklyn,40.702287,-73.982808,42500009
Front Street,Hudson Avenue,Brooklyn,40.702232,-73.981175,42500011
Front Street,Jay Street,Brooklyn,40.702424,-73.986688,42497720
Front Street,Main Street,Brooklyn,40.702559,-73.990704,42499999
Front Street,Old Fulton Street,Brooklyn,40.702435,-73.993281,3174844145/42499982
Front Street,Pearl Street,Brooklyn,40.702453,-73.987631,42469193
Front Street,Washington Street,Brooklyn,40.702523,-73.989627,42500003
Front Street,York Street,Brooklyn,40.702577,-73.991613,42499996
Frost Street,Graham Avenue,Brooklyn,40.718066,-73.944966,42467894
Frost Street,Humboldt Street,Brooklyn,40.718226,-73.943285,42502902
Frost Street,Kingsland Avenue,Brooklyn,40.718681,-73.940495,7722378705
Frost Street,Lorimer Street,Brooklyn,40.71759,-73.949948,42527665
Frost Street,Manhattan Avenue,Brooklyn,40.717907,-73.946653,42529769
Frost Street,Meeker Avenue,Brooklyn,40.717778,-73.948124,42476621/42476519
Frost Street,Morgan Avenue,Brooklyn,40.719457,-73.937534,42490380
Frost Street,Union Avenue,Brooklyn,40.717381,-73.952173,42520607
Frost Street,Vandervoort Avenue,Brooklyn,40.719904,-73.935902,42524631
Frost Street,Woodpoint Road,Brooklyn,40.718578,-73.940574,7722378705/7722378702
Fuller Place,Prospect Avenue,Brooklyn,40.657935,-73.980268,42510748
Fuller Place,Windsor Place,Brooklyn,40.65905,-73.97934,42525288
Fulton Mall,Fulton Street,Brooklyn,40.688941,-73.98105,42464848
Fulton Mall,Gallatin Place,Brooklyn,40.691089,-73.986427,588036470
Fulton Mall,Hanover Place,Brooklyn,40.689358,-73.982098,42464847
Fulton Mall,Hoyt Street,Brooklyn,40.690561,-73.985105,42464834
Fulton Mall,Jay Street,Brooklyn,40.691455,-73.987339,42464827
Fulton Mall,Joralemon Street,Brooklyn,40.692096,-73.98895,278630368
Fulton Mall,Lawrence Street,Brooklyn,40.691089,-73.986427,588036470
Fulton Mall,Pearl Street,Brooklyn,40.691802,-73.988213,42464824
Fulton Mall,Red Hook Lane,Brooklyn,40.691802,-73.988213,42464824
Fulton Mall,Smith Street,Brooklyn,40.691455,-73.987339,42464827
Fulton Street,Gates Avenue Plaza,Brooklyn,40.683998,-73.968676,42464930
Fulton Street,Georgia Avenue,Brooklyn,40.676916,-73.899094,42464666
Fulton Street,Grand Avenue,Brooklyn,40.682375,-73.961611,42464948
Fulton Street,Grant Avenue,Brooklyn,40.684957,-73.867599,42464815
Fulton Street,Greene Avenue,Brooklyn,40.685764,-73.973084,42464905
Fulton Street,Hale Avenue,Brooklyn,40.681355,-73.880213,42464794
Fulton Street,Hanson Place,Brooklyn,40.685764,-73.973084,42464905
Fulton Street,Hemlock Street,Brooklyn,40.683936,-73.871187,42464809
Fulton Street,Hendrix Street,Brooklyn,40.678165,-73.890773,42464758
Fulton Street,Highland Place,Brooklyn,40.681077,-73.881084,42464792
Fulton Street,Howard Avenue,Brooklyn,40.678738,-73.919127,42465043
Fulton Street,Hudson Avenue,Brooklyn,40.688652,-73.980298,42464852
Fulton Street,Hull Street,Brooklyn,40.678649,-73.917545,2800241803/42465047
Fulton Street,Irving Place,Brooklyn,40.681953,-73.959595,42464953
Fulton Street,Jamaica Avenue,Brooklyn,40.676823,-73.900032,597773107
Fulton Street,Jerome Street,Brooklyn,40.678828,-73.888156,42464767
Fulton Street,Kingston Avenue,Brooklyn,40.679938,-73.941209,4224536022
Fulton Street,Lafayette Avenue,Brooklyn,40.687024,-73.976231,42464861
Fulton Street,Lewis Avenue,Brooklyn,40.679578,-73.934612,42465008/42465011
Fulton Street,Lincoln Avenue,Brooklyn,40.684415,-73.8695,42464811
Fulton Street,Linwood Street,Brooklyn,40.680221,-73.883785,42464782
Fulton Street,Logan Street,Brooklyn,40.682033,-73.87787,42464798
Fulton Street,MacDougal Street,Brooklyn,40.678894,-73.922076,42465040/42465036
Fulton Street,Malcolm X Boulevard,Brooklyn,40.679277,-73.929058,42465019
Fulton Street,Marcus Garvey Boulevard,Brooklyn,40.67973,-73.937398,42465002
Fulton Street,Marcy Avenue,Brooklyn,40.680215,-73.946345,42464982
Fulton Street,Miller Avenue,Brooklyn,40.6779,-73.892579,42464682
Fulton Street,New Jersey Avenue,Brooklyn,40.677358,-73.896218,42464674
Fulton Street,New York Avenue,Brooklyn,40.68024,-73.946749,42464979
Fulton Street,Nichols Avenue,Brooklyn,40.684646,-73.86869,42464813
Fulton Street,Norwood Avenue,Brooklyn,40.681675,-73.879126,42464796
Fulton Street,Nostrand Avenue,Brooklyn,40.680391,-73.949555,42464975
Fulton Street,Patchen Avenue,Brooklyn,40.679071,-73.925279,42465030
Fulton Street,Pennsylvania Avenue,Brooklyn,40.677194,-73.897218,42464672
Fulton Street,Pine Street,Brooklyn,40.683387,-73.873116,42464804/42464805
Fulton Street,Ralph Avenue,Brooklyn,40.67887,-73.921646,42465040
Fulton Street,Richmond Street,Brooklyn,40.682391,-73.876616,42464800
Fulton Street,Rochester Avenue,Brooklyn,40.679183,-73.927356,42465024
Fulton Street,Rockaway Avenue,Brooklyn,40.67829,-73.910802,42465072
Fulton Street,Rockwell Place,Brooklyn,40.688249,-73.979289,42464854
Fulton Street,Sackman Street,Brooklyn,40.678009,-73.905983,42465078
Fulton Street,Saint Felix Street,Brooklyn,40.687534,-73.977495,42464856
Fulton Street,Saint James Place,Brooklyn,40.682807,-73.963664,42464941
Fulton Street,Saratoga Avenue,Brooklyn,40.678585,-73.916315,42465054
Fulton Street,Schenck Avenue,Brooklyn,40.678302,-73.889875,42464761
Fulton Street,Schenectady Avenue,Brooklyn,40.679485,-73.932897,42465016
Fulton Street,Sheffield Avenue,Brooklyn,40.677053,-73.898186,42464669
Fulton Street,Shepherd Avenue,Brooklyn,40.680789,-73.881999,42464789
Fulton Street,Somers Street,Brooklyn,40.678399,-73.913036,42465069
Fulton Street,South Elliott Place,Brooklyn,40.68673,-73.975499,42464864
Fulton Street,South Oxford Street,Brooklyn,40.685879,-73.973373,42464871
Fulton Street,South Portland Avenue,Brooklyn,40.686309,-73.974446,42464866
Fulton Street,Spencer Place,Brooklyn,40.680862,-73.954404,42464964
Fulton Street,Stuyvesant Avenue,Brooklyn,40.679389,-73.931365,42460654
Fulton Street,Sumpter Street,Brooklyn,40.679142,-73.926565,42465027
Fulton Street,Thomas S. Boyland Street,Brooklyn,40.678427,-73.913554,42465062
Fulton Street,Throop Avenue,Brooklyn,40.679889,-73.940334,42464995
Fulton Street,Tompkins Avenue,Brooklyn,40.680048,-73.943261,42464988
Fulton Street,Troy Avenue,Brooklyn,40.679593,-73.934872,42465008
Fulton Street,Truxton Street,Brooklyn,40.678176,-73.90907,42465075
Fulton Street,Utica Avenue,Brooklyn,40.679277,-73.929058,42465019
Fulton Street,Van Siclen Avenue,Brooklyn,40.678031,-73.891672,42464754
Fulton Street,Van Sinderen Avenue,Brooklyn,40.677866,-73.903338,42465082
Fulton Street,Vanderbilt Avenue,Brooklyn,40.683716,-73.967948,42464932
Fulton Street,Vermont Street,Brooklyn,40.677496,-73.895318,42464676
Fulton Street,Verona Place,Brooklyn,40.680292,-73.947731,42464977
Fulton Street,Warwick Street,Brooklyn,40.679097,-73.887305,42464770
Fulton Street,Washington Avenue,Brooklyn,40.68304,-73.964779,42464938
Fulton Street,Waverly Avenue,Brooklyn,40.683267,-73.965865,42464936
Fulton Street,William Place,Brooklyn,40.677577,-73.902239,597773177
Fulton Street,Wyona Street,Brooklyn,40.67763,-73.894388,42464677
Furman Street,Joralemon Street,Brooklyn,40.693903,-73.99921,42493403
Furman Street,Montague Street,Brooklyn,40.695884,-73.99828,598202954/598202957
Furman Street,Old Fulton Street,Brooklyn,40.70293,-73.99474,2340051732/42493375
Gain Court,Lois Avenue,Brooklyn,40.586295,-73.922325,42495761
Gain Court,Seba Avenue,Brooklyn,40.587401,-73.92356,42466573
Gallatin Place,Lawrence Street,Brooklyn,40.691089,-73.986427,588036470
Gallatin Place,Livingston Street,Brooklyn,40.690163,-73.987099,42510861
Garden Place,Joralemon Street,Brooklyn,40.693303,-73.995925,42512477
Garden Place,State Street,Brooklyn,40.691639,-73.996727,42512479
Gardner Avenue,Grand Street,Brooklyn,40.715401,-73.926926,42509758
Gardner Avenue,Ingraham Street,Brooklyn,40.708361,-73.924003,42487188
Gardner Avenue,Johnson Avenue,Brooklyn,40.709065,-73.924184,42496398
Gardner Avenue,Lombardy Street,Brooklyn,40.72422,-73.93088,42509694
Gardner Avenue,Meadow Street,Brooklyn,40.713375,-73.926029,42502453
Gardner Avenue,Meeker Avenue,Brooklyn,40.72791,-73.932513,42476687
Gardner Avenue,Meserole Street,Brooklyn,40.71134,-73.925126,42509743
Gardner Avenue,Metropolitan Avenue,Brooklyn,40.714045,-73.926333,42484146/1275778479
Gardner Avenue,Randolph Street,Brooklyn,40.709929,-73.924536,42502281
Gardner Avenue,Scholes Street,Brooklyn,40.712025,-73.925428,42509746
Gardner Avenue,Stagg Street,Brooklyn,40.712693,-73.92573,42509751
Garfield Place,Polhemus Place,Brooklyn,40.671933,-73.976263,42514244
Garfield Place,Prospect Park West,Brooklyn,40.670036,-73.972333,42476087
Garfield Place,Prospect Park West Bike Path,Brooklyn,40.670005,-73.972266,4482113702
Garland Avenue,Hemlock Avenue,Brooklyn,40.656894,-73.98799,757469138
Garland Avenue,Meadow Avenue,Brooklyn,40.655662,-73.987354,757454573
Garnet Street,Hamilton Avenue,Brooklyn,40.674706,-74.000201,42478287
Garnet Street,Mill Street,Brooklyn,40.674706,-74.000201,42478287
Garnet Street,Smith Street,Brooklyn,40.674115,-73.998077,42476765
Gates Avenue,Gates Avenue Plaza,Brooklyn,40.684205,-73.968054,42469626
Gates Avenue,Grand Avenue,Brooklyn,40.684891,-73.962107,42499385
Gates Avenue,Irving Avenue,Brooklyn,40.698409,-73.91331,42511980
Gates Avenue,Irving Place,Brooklyn,40.685109,-73.960221,42480153
Gates Avenue,Knickerbocker Avenue,Brooklyn,40.696826,-73.914865,42536224
Gates Avenue,Lewis Avenue,Brooklyn,40.687892,-73.936031,42466967
Gates Avenue,Malcolm X Boulevard,Brooklyn,40.688566,-73.930179,42499494
Gates Avenue,Marcus Garvey Boulevard,Brooklyn,40.687557,-73.938952,42516267
Gates Avenue,Marcy Avenue,Brooklyn,40.686578,-73.947456,42482354
Gates Avenue,Myrtle Avenue,Brooklyn,40.699444,-73.912286,42517107
Gates Avenue,Nostrand Avenue,Brooklyn,40.6862,-73.950737,42481580
Gates Avenue,Patchen Avenue,Brooklyn,40.6889,-73.92726,42485016
Gates Avenue,Ralph Avenue,Brooklyn,40.689275,-73.923979,42493905
Gates Avenue,Saint James Place,Brooklyn,40.684668,-73.964033,42479660
Gates Avenue,Saint Nicholas Avenue,Brooklyn,40.701049,-73.910681,3325564445
Gates Avenue,Stuyvesant Avenue,Brooklyn,40.688232,-73.933104,42473259
Gates Avenue,Throop Avenue,Brooklyn,40.687228,-73.941785,42499192
Gates Avenue,Tompkins Avenue,Brooklyn,40.686904,-73.944622,42514378
Gates Avenue,Vanderbilt Avenue,Brooklyn,40.684205,-73.968054,42469626
Gates Avenue,Washington Avenue,Brooklyn,40.684546,-73.965082,42478403
Gates Avenue,Waverly Avenue,Brooklyn,40.684431,-73.966094,42487087
Gates Avenue,Wilson Avenue,Brooklyn,40.695351,-73.916313,42496742
Gates Avenue,Wyckoff Avenue,Brooklyn,40.699931,-73.911812,3325564444
Gates Avenue Plaza,Vanderbilt Avenue,Brooklyn,40.684205,-73.968054,42469626
Gateway Drive,Gateway Plaza,Brooklyn,40.649997,-73.874873,7888314951
Gateway Drive,Schroeders Avenue,Brooklyn,40.653044,-73.877279,452383176
Gateway Drive,Seaview Avenue,Brooklyn,40.652916,-73.866722,452384729/7888332990
Gateway Drive,Vandalia Avenue,Brooklyn,40.654706,-73.877749,7888253444/452383181
Gateway Drive Greenway,Seaview Avenue,Brooklyn,40.652873,-73.866688,452384729
Gateway Drive Greenway,Vandalia Avenue,Brooklyn,40.654642,-73.877759,7888253444
Gaylord Drive North,Gaylord Drive South,Brooklyn,40.609355,-73.905722,42498958
Gee Avenue,Railroad Avenue,Brooklyn,40.704668,-73.970549,42466706
Gem Street,Meserole Avenue,Brooklyn,40.725705,-73.956926,42512889
Gem Street,North 15th Street,Brooklyn,40.724192,-73.956063,42500973
Geneva Loop,Pennsylvania Avenue,Brooklyn,40.645991,-73.879634,42495705/4202786883/4202786885
George Street,Knickerbocker Avenue,Brooklyn,40.704526,-73.928395,42484352
George Street,Wilson Avenue,Brooklyn,40.703047,-73.929843,42484348
Georgia Avenue,Glenmore Avenue,Brooklyn,40.672883,-73.89807,42503724
Georgia Avenue,Hegeman Avenue,Brooklyn,40.65923,-73.893279,42474333
Georgia Avenue,Jamaica Avenue,Brooklyn,40.677275,-73.899181,597773114/5473464590
Georgia Avenue,Liberty Avenue,Brooklyn,40.674121,-73.898387,42503719
Georgia Avenue,Linden Boulevard,Brooklyn,40.657864,-73.892268,1942054761/1942054802
Georgia Avenue,Livonia Avenue,Brooklyn,40.664471,-73.895921,42477814
Georgia Avenue,New Lots Avenue,Brooklyn,40.661064,-73.894856,42503765/42503782
Georgia Avenue,Newport Street,Brooklyn,40.661414,-73.895143,42503754
Georgia Avenue,Pitkin Avenue,Brooklyn,40.671615,-73.897745,42503728
Georgia Avenue,Riverdale Avenue,Brooklyn,40.662945,-73.895531,42496299
Georgia Avenue,Stanley Avenue,Brooklyn,40.656261,-73.891082,42503788
Georgia Avenue,Sutter Avenue,Brooklyn,40.669093,-73.8971,42503730
Georgia Avenue,Wortman Avenue,Brooklyn,40.65478,-73.889977,42503792
Gerritsen Avenue,Gotham Avenue,Brooklyn,40.591866,-73.924064,4729818078
Gerritsen Avenue,Haring Street,Brooklyn,40.608236,-73.942269,42505725
Gerritsen Avenue,Knapp Street,Brooklyn,40.600855,-73.934054,42524210/42524212
Gerritsen Avenue,Lois Avenue,Brooklyn,40.587987,-73.919725,42529657
Gerritsen Avenue,Nostrand Avenue,Brooklyn,40.609365,-73.943566,42481808
Gerritsen Avenue,Plumb 1st Street,Brooklyn,40.599764,-73.932854,42521501
Gerritsen Avenue,Seba Avenue,Brooklyn,40.589092,-73.920959,4203227192
Gerritsen Avenue,Whitney Avenue,Brooklyn,40.598476,-73.931404,42515240
Gerry Street,Harrison Avenue,Brooklyn,40.701029,-73.948116,42526740
Gerry Street,Marcy Avenue,Brooklyn,40.699791,-73.950091,42482215
Gerry Street,Throop Avenue,Brooklyn,40.70222,-73.946276,42499143
Gerry Street,Union Avenue,Brooklyn,40.699791,-73.950091,42482215
Girard Street,Hampton Avenue,Brooklyn,40.580097,-73.945825,42491009
Girard Street,Oriental Boulevard,Brooklyn,40.577708,-73.945376,42464385/1167643134
Girard Street,Shore Boulevard,Brooklyn,40.581414,-73.946073,42486967
Glendale Court,Schenectady Avenue,Brooklyn,40.633381,-73.931352,42492783
Glenmore Avenue,Grant Avenue,Brooklyn,40.677606,-73.865779,42500907
Glenmore Avenue,Hendrix Street,Brooklyn,40.674117,-73.889743,42504671
Glenmore Avenue,Hinsdale Street,Brooklyn,40.672471,-73.90083,42500015
Glenmore Avenue,Jerome Street,Brooklyn,40.674516,-73.887053,42504341
Glenmore Avenue,Junius Street,Brooklyn,40.67206,-73.903596,42491368
Glenmore Avenue,Lincoln Avenue,Brooklyn,40.677351,-73.867628,42504720
Glenmore Avenue,Linwood Street,Brooklyn,40.67513,-73.882908,42470221
Glenmore Avenue,Logan Street,Brooklyn,40.676055,-73.876509,42504700
Glenmore Avenue,Milford Street,Brooklyn,40.675923,-73.877431,42504696
Glenmore Avenue,Miller Avenue,Brooklyn,40.673851,-73.891544,42467157
Glenmore Avenue,Montauk Avenue,Brooklyn,40.67579,-73.878354,42468497
Glenmore Avenue,Mother Gaston Boulevard,Brooklyn,40.671506,-73.907337,42471653
Glenmore Avenue,New Jersey Avenue,Brooklyn,40.673304,-73.895178,42495783
Glenmore Avenue,Pennsylvania Avenue,Brooklyn,40.673148,-73.896189,42495626
Glenmore Avenue,Pine Street,Brooklyn,40.676811,-73.871308,42504709
Glenmore Avenue,Powell Street,Brooklyn,40.671925,-73.904515,42503968
Glenmore Avenue,Rockaway Avenue,Brooklyn,40.670955,-73.911066,42504632
Glenmore Avenue,Sackman Street,Brooklyn,40.671789,-73.905435,42504638
Glenmore Avenue,Schenck Avenue,Brooklyn,40.674251,-73.888838,42504674
Glenmore Avenue,Sheffield Avenue,Brooklyn,40.673017,-73.897167,42504650
Glenmore Avenue,Shepherd Avenue,Brooklyn,40.675392,-73.881119,42504689
Glenmore Avenue,Sheridan Avenue,Brooklyn,40.677478,-73.866703,42482725
Glenmore Avenue,Snediker Avenue,Brooklyn,40.672332,-73.901753,42469266
Glenmore Avenue,South Conduit Boulevard,Brooklyn,40.677035,-73.869779,7885679193
Glenmore Avenue,Van Siclen Avenue,Brooklyn,40.673983,-73.890639,42472369
Glenmore Avenue,Van Sinderen Avenue,Brooklyn,40.672207,-73.902633,42504641
Glenmore Avenue,Vermont Street,Brooklyn,40.673443,-73.89428,42504659
Glenmore Avenue,Warwick Street,Brooklyn,40.674648,-73.886165,42485156
Glenmore Avenue,Watkins Street,Brooklyn,40.671364,-73.908308,42500226
Glenmore Avenue,Williams Avenue,Brooklyn,40.672608,-73.899911,42500259
Glenmore Avenue,Wyona Street,Brooklyn,40.673582,-73.893352,42478540
Glenwood Road,Kenilworth Place,Brooklyn,40.634026,-73.950228,42490673
Glenwood Road,Kings Highway,Brooklyn,40.635259,-73.927439,42515792/2317413018/2317413019
Glenwood Road,Louisiana Avenue,Brooklyn,40.652375,-73.891379,42486414
Glenwood Road,New York Avenue,Brooklyn,40.63419,-73.944882,42496595
Glenwood Road,Nostrand Avenue,Brooklyn,40.634015,-73.947776,42481743
Glenwood Road,Ocean Avenue,Brooklyn,40.6329,-73.957763,3514028081/3514016522
Glenwood Road,Paerdegat Avenue South,Brooklyn,40.633474,-73.920412,42515629
Glenwood Road,Ralph Avenue,Brooklyn,40.634483,-73.918852,42493968
Glenwood Road,Remsen Avenue,Brooklyn,40.64173,-73.907637,42468654
Glenwood Road,Rockaway Parkway,Brooklyn,40.645134,-73.902313,42512622
Glenwood Road,Rockaway Parkway Bus Station,Brooklyn,40.645703,-73.901433,42475651
Glenwood Road,Rugby Road,Brooklyn,40.632249,-73.963677,3514057281/42490054
Glenwood Road,Schenectady Avenue,Brooklyn,40.635007,-73.931531,42515782
Glenwood Road,Troy Avenue,Brooklyn,40.634829,-73.934395,42493093
Glenwood Road,Utica Avenue,Brooklyn,40.635188,-73.928612,42515788
Glenwood Road,Varkens Hook Road,Brooklyn,40.639919,-73.910438,42467996
Glenwood Road,Westminster Road,Brooklyn,40.632048,-73.965534,11374643653/11374643654
Glenwood Road,Williams Avenue,Brooklyn,40.651351,-73.892766,42500291
Gold Street,Johnson Street,Brooklyn,40.694814,-73.983264,42481908
Gold Street,Marshall Street,Brooklyn,40.704853,-73.98249,42487125
Gold Street,Myrtle Avenue,Brooklyn,40.693606,-73.983575,597844772
Gold Street,Nassau Street,Brooklyn,40.698376,-73.983039,559865278
Gold Street,Plymouth Street,Brooklyn,40.703628,-73.982648,598050834
Gold Street,Sands Street,Brooklyn,40.69979,-73.982947,42521949/598050847
Gold Street,Sands Street Bike Path,Brooklyn,40.69979,-73.982947,42521949/598050847
Gold Street,Tillary Street,Brooklyn,40.696,-73.983217,598043788/42521956
Gold Street,Water Street,Brooklyn,40.702971,-73.982738,42469362
Gold Street,Willoughby Street,Brooklyn,40.69209,-73.983397,42494924
Gold Street,York Street,Brooklyn,40.701362,-73.982843,42503956
Goodwin Place,Greene Avenue,Brooklyn,40.692196,-73.924876,42501296
Goodwin Place,Grove Street,Brooklyn,40.6911,-73.92295,42501430
Gowanus Expressway,Verrazzano-Narrows Bridge (Staten Island Bound - Lower Level),Brooklyn,40.610026,-74.034325,598365308
Gowanus Expressway,Verrazzano-Narrows Bridge (Staten Island Bound),Brooklyn,40.610545,-74.032676,94436414
Gowanus Expressway (HOV),HOV Lane,Brooklyn,40.610248,-74.033362,5882644709
Gowanus Road,Martense Lane,Brooklyn,40.654314,-74.002161,7984118809/7984118818
Grace Court,Hicks Street,Brooklyn,40.693967,-73.996449,42475745
Grace Court Alley,Hicks Street,Brooklyn,40.694047,-73.996412,42483476
Grafton Street,Livonia Avenue,Brooklyn,40.661297,-73.917354,42477750
Grafton Street,Pitkin Avenue,Brooklyn,40.668441,-73.919193,42511497
Grafton Street,Sutter Avenue,Brooklyn,40.665909,-73.918535,42515033
Graham Avenue,Grand Street,Brooklyn,40.711641,-73.943911,42467848
Graham Avenue,Herbert Street,Brooklyn,40.718874,-73.945108,42467904
Graham Avenue,Jackson Street,Brooklyn,40.716649,-73.944734,42467889
Graham Avenue,Johnson Avenue,Brooklyn,40.706597,-73.943086,42467825
Graham Avenue,Maujer Street,Brooklyn,40.710901,-73.943788,42467844
Graham Avenue,McGuinness Boulevard,Brooklyn,40.723557,-73.947633,2987758888
Graham Avenue,McKibbin Street,Brooklyn,40.705182,-73.94285,42467820
Graham Avenue,Meeker Avenue,Brooklyn,40.719434,-73.945494,8702221552/42463363/42464292
Graham Avenue,Meserole Street,Brooklyn,40.70807,-73.943322,42467831
Graham Avenue,Metropolitan Avenue,Brooklyn,40.714532,-73.944388,42467872
Graham Avenue,Montrose Avenue,Brooklyn,40.707335,-73.943202,42467828
Graham Avenue,Moore Street,Brooklyn,40.70377,-73.942621,42467814
Graham Avenue,Newton Street,Brooklyn,40.720789,-73.946503,42467919
Graham Avenue,Powers Street,Brooklyn,40.712378,-73.944032,42467850
Graham Avenue,Richardson Street,Brooklyn,40.718782,-73.945084,42467896
Graham Avenue,Scholes Street,Brooklyn,40.708781,-73.94344,42467835
Graham Avenue,Seigel Street,Brooklyn,40.704473,-73.942734,42467817
Graham Avenue,Skillman Avenue,Brooklyn,40.715939,-73.944615,42467885
Graham Avenue,Varet Street,Brooklyn,40.703053,-73.942495,42467811
Graham Avenue,Withers Street,Brooklyn,40.717357,-73.94485,42467892
Grand Army Plaza,Plaza Street East,Brooklyn,40.672795,-73.969216,42491569
Grand Army Plaza,Plaza Street West,Brooklyn,40.672692,-73.969637,42491569/4482239795/4705971225
Grand Army Plaza,Vanderbilt Avenue,Brooklyn,40.67435,-73.970655,4575780105
Grand Army Plaza,West Drive,Brooklyn,40.672641,-73.970041,4705971225
Grand Avenue,Greene Avenue,Brooklyn,40.687086,-73.962547,42499380
Grand Avenue,Lafayette Avenue,Brooklyn,40.688555,-73.962836,42499376
Grand Avenue,Lefferts Place,Brooklyn,40.681434,-73.961424,42499388
Grand Avenue,Lexington Avenue,Brooklyn,40.686352,-73.962398,42499383
Grand Avenue,Myrtle Avenue,Brooklyn,40.693665,-73.964064,42499361
Grand Avenue,Pacific Street,Brooklyn,40.679702,-73.96168,42499394
Grand Avenue,Park Avenue,Brooklyn,40.695592,-73.96445,42471797
Grand Avenue,Park Place,Brooklyn,40.675528,-73.963175,42499416
Grand Avenue,Prospect Place,Brooklyn,40.676406,-73.962865,42473605
Grand Avenue,Putnam Avenue,Brooklyn,40.682695,-73.961671,42489019
Grand Avenue,Saint Marks Avenue,Brooklyn,40.677287,-73.962547,42499407
Grand Avenue,Washington Avenue,Brooklyn,40.675274,-73.963275,42478450
Grand Avenue,Williamsburg Street West,Brooklyn,40.696133,-73.964555,42471736
Grand Avenue,Willoughby Avenue,Brooklyn,40.692089,-73.963749,42492309
Grand Street,Havemeyer Street,Brooklyn,40.712756,-73.95681,42480109
Grand Street,Humboldt Street,Brooklyn,40.711801,-73.942228,42502968
Grand Street,Keap Street,Brooklyn,40.711424,-73.953129,42488306
Grand Street,Kent Avenue,Brooklyn,40.716201,-73.966072,42469478
Grand Street,Leonard Street,Brooklyn,40.711324,-73.947245,42491173
Grand Street,Lorimer Street,Brooklyn,40.711168,-73.948892,42527647
Grand Street,Manhattan Avenue,Brooklyn,40.711481,-73.945596,42535541
Grand Street,Marcy Avenue,Brooklyn,40.712266,-73.955476,42482403
Grand Street,Metropolitan Avenue,Brooklyn,40.714336,-73.931027,9084746097/5330321644
Grand Street,Morgan Avenue,Brooklyn,40.713388,-73.934809,42490339
Grand Street,Olive Street,Brooklyn,40.712501,-73.938471,42494193
Grand Street,River Street,Brooklyn,40.716362,-73.966609,42520683
Grand Street,Rodney Street,Brooklyn,40.71184,-73.954286,42520724
Grand Street,Roebling Street,Brooklyn,40.713302,-73.958328,42526516
Grand Street,Stewart Avenue,Brooklyn,40.714995,-73.928511,42516166
Grand Street,Union Avenue,Brooklyn,40.710961,-73.951119,42520579
Grand Street,Vandervoort Avenue,Brooklyn,40.713792,-73.933176,42524611
Grand Street,Waterbury Street,Brooklyn,40.712537,-73.93832,42474056
Grand Street,Wythe Avenue,Brooklyn,40.715739,-73.964485,42506325
Grant Avenue,Jamaica Avenue,Brooklyn,40.690987,-73.869027,42475238
Grant Avenue,Karweg Place,Brooklyn,40.687616,-73.868227,42494745
Grant Avenue,Liberty Avenue,Brooklyn,40.678836,-73.866176,42500905/42500955
Grant Avenue,McKinley Avenue,Brooklyn,40.680543,-73.866651,42500951
Grant Avenue,O'Brien Place,Brooklyn,40.68677,-73.868029,42499892
Grant Avenue,Pitkin Avenue,Brooklyn,40.676329,-73.865462,42500913
Grant Avenue,Ridgewood Avenue,Brooklyn,40.686594,-73.867986,42478977
Grant Avenue,South Conduit Boulevard,Brooklyn,40.675385,-73.865187,598629575
Grape Avenue,Grove Avenue,Brooklyn,40.650829,-73.989373,756246919
Grape Avenue,Locust Avenue,Brooklyn,40.650289,-73.989324,756246956
Grape Avenue,Sassafras Avenue,Brooklyn,40.649034,-73.987183,756247155
Grape Avenue,Vista Avenue,Brooklyn,40.650829,-73.989373,756246919
Grattan Street,Knickerbocker Avenue,Brooklyn,40.70588,-73.93031,42490914
Grattan Street,Morgan Avenue,Brooklyn,40.705656,-73.9317,42490308
Grattan Street,Porter Avenue,Brooklyn,40.706181,-73.92845,42490916
Grattan Street,Varick Avenue,Brooklyn,40.706445,-73.926824,42490921
Gravesend Neck Road,Homecrest Avenue,Brooklyn,40.594228,-73.958368,42475295
Gravesend Neck Road,McDonald Avenue,Brooklyn,40.595261,-73.973468,42502055
Gravesend Neck Road,Nostrand Avenue,Brooklyn,40.600199,-73.941845,42481825
Gravesend Neck Road,Ocean Avenue,Brooklyn,40.596611,-73.950881,42512828
Gravesend Neck Road,Ocean Parkway,Brooklyn,40.594432,-73.964831,2282434953/2282434955/42508861
Gravesend Neck Road,Sheepshead Bay Road,Brooklyn,40.59407,-73.95887,42519464
Gravesend Neck Road,Van Sicklen Street,Brooklyn,40.595392,-73.975235,42525250
Gravesend Neck Road,Village Road East,Brooklyn,40.595112,-73.971765,42506668
Gravesend Neck Road,West Street,Brooklyn,40.595049,-73.971082,42529551
Great Blue Heron Loop,Gull Trail,Brooklyn,40.644108,-73.864141,6382611755
Green Street,Manhattan Avenue,Brooklyn,40.733744,-73.954844,42516051
Green Street,McGuinness Boulevard,Brooklyn,40.733992,-73.952251,2987758904/4660170671
Green Street,Provost Street,Brooklyn,40.734223,-73.949812,42499740
Green Street,West Street,Brooklyn,40.733273,-73.959815,42516043
Greenborough Avenue,Pine Avenue,Brooklyn,40.654763,-73.992171,758811547
Greenborough Avenue,Sycamore Avenue,Brooklyn,40.65458,-73.992529,757489229
Greene Avenue,Hanson Place,Brooklyn,40.685764,-73.973084,42464905
Greene Avenue,Irving Avenue,Brooklyn,40.700537,-73.91708,42501190
Greene Avenue,Knickerbocker Avenue,Brooklyn,40.698985,-73.91861,42501187
Greene Avenue,Lewis Avenue,Brooklyn,40.69009,-73.936469,42466962
Greene Avenue,Malcolm X Boulevard,Brooklyn,40.690763,-73.930616,42499483
Greene Avenue,Marcus Garvey Boulevard,Brooklyn,40.689754,-73.93939,42501272
Greene Avenue,Marcy Avenue,Brooklyn,40.688776,-73.947893,42482258
Greene Avenue,Myrtle Avenue,Brooklyn,40.698762,-73.918835,42501174
Greene Avenue,Nostrand Avenue,Brooklyn,40.688398,-73.951175,42481566
Greene Avenue,Patchen Avenue,Brooklyn,40.691099,-73.927703,42485010
Greene Avenue,Saint James Place,Brooklyn,40.686865,-73.964467,42479658
Greene Avenue,Saint Nicholas Avenue,Brooklyn,40.703239,-73.914386,42501196
Greene Avenue,Stuyvesant Avenue,Brooklyn,40.690427,-73.933543,42473245
Greene Avenue,Throop Avenue,Brooklyn,40.689428,-73.94222,42499184
Greene Avenue,Tompkins Avenue,Brooklyn,40.689102,-73.945056,42501267
Greene Avenue,Vanderbilt Avenue,Brooklyn,40.686403,-73.968491,42469624
Greene Avenue,Washington Avenue,Brooklyn,40.686743,-73.965525,42478400
Greene Avenue,Waverly Avenue,Brooklyn,40.686627,-73.96653,42487083
Greene Avenue,Wilson Avenue,Brooklyn,40.69749,-73.920074,42496687
Greene Avenue,Wyckoff Avenue,Brooklyn,40.702047,-73.915598,42501192
Greenpoint Avenue,Humboldt Street,Brooklyn,40.731425,-73.9464,2422186264
Greenpoint Avenue,Jewel Street,Brooklyn,40.730722,-73.94877,3430220599
Greenpoint Avenue,Kingsland Avenue,Brooklyn,40.732733,-73.942793,622232010/42495908
Greenpoint Avenue,Leonard Street,Brooklyn,40.73028,-73.953464,42491236
Greenpoint Avenue,Manhattan Avenue,Brooklyn,40.730206,-73.954253,42514448
Greenpoint Avenue,McGuinness Boulevard,Brooklyn,40.730465,-73.951497,5052125058/2987758879
Greenpoint Avenue,Monitor Street,Brooklyn,40.732386,-73.94373,622232007
Greenpoint Avenue,Moultrie Street,Brooklyn,40.730884,-73.947895,3430220601
Greenpoint Avenue,Newel Street,Brooklyn,40.73055,-73.950627,5481915294
Greenpoint Avenue,North Henry Street,Brooklyn,40.732079,-73.94461,3430220604
Greenpoint Avenue,Provost Street,Brooklyn,40.730681,-73.949233,3430220598
Greenpoint Avenue,Russell Street,Brooklyn,40.73175,-73.945512,2422186263
Greenpoint Avenue,West Street,Brooklyn,40.729729,-73.959233,7725555869
Greenwood Avenue,McDonald Avenue,Brooklyn,40.649528,-73.980716,42501936
Greenwood Avenue,Prospect Avenue,Brooklyn,40.651432,-73.975818,42510770
Greenwood Avenue,Prospect Park Southwest,Brooklyn,40.652647,-73.972683,1691133686
Greenwood Avenue,Sherman Street,Brooklyn,40.652128,-73.974,42511481
Grimes Road,John Warren Avenue,Brooklyn,40.608367,-74.028487,42501751
Grimes Road,Liberty Way,Brooklyn,40.606956,-74.028951,1257470377
Grimes Road,Marshall Drive,Brooklyn,40.606557,-74.029104,42501743
Grimes Road,Roosevelt,Brooklyn,40.607393,-74.028789,42501747
Grimes Road,Sterling Drive,Brooklyn,40.606119,-74.030044,42501738/42501732/2862226407
Grimes Road,Stonewall Jackson Drive,Brooklyn,40.606307,-74.029619,42501738
Grove Avenue,Linden Avenue,Brooklyn,40.654319,-73.986002,757468149
Grove Avenue,Southwood Avenue,Brooklyn,40.651141,-73.988624,757468602
Grove Avenue,Vista Avenue,Brooklyn,40.650829,-73.989373,756246919
Grove Place,Hanover Place,Brooklyn,40.688896,-73.982413,42480595
Grove Street,Irving Avenue,Brooklyn,40.699268,-73.914813,42511964
Grove Street,Knickerbocker Avenue,Brooklyn,40.69768,-73.916368,5435873498
Grove Street,Myrtle Avenue,Brooklyn,40.699167,-73.914922,5435873483
Grove Street,Saint Nicholas Avenue,Brooklyn,40.701944,-73.912168,42524976
Grove Street,Wilson Avenue,Brooklyn,40.696208,-73.917818,42496698
Grove Street,Wyckoff Avenue,Brooklyn,40.700777,-73.913328,42512124
Guernsey Street,Meserole Avenue,Brooklyn,40.726542,-73.954395,42494582
Guernsey Street,Nassau Avenue,Brooklyn,40.723203,-73.952492,42479273
Guernsey Street,Norman Avenue,Brooklyn,40.724873,-73.953442,42494578
Guernsey Street,Oak Street,Brooklyn,40.727998,-73.955241,42484594
Guider Avenue,Homecrest Avenue,Brooklyn,40.58286,-73.956782,598788327
Guider Avenue,Neptune Avenue,Brooklyn,40.582653,-73.956534,42499779
Guider Avenue,Shore Parkway,Brooklyn,40.584196,-73.962177,598784323
Gunnison Court,Stanton Road,Brooklyn,40.584832,-73.9365,42494553
Gunther Place,Herkimer Street,Brooklyn,40.67757,-73.911749,42485175
Hale Avenue,Jamaica Avenue,Brooklyn,40.685779,-73.881312,42475198
Hale Avenue,Ridgewood Avenue,Brooklyn,40.683409,-73.880725,42478938
Hall Street,Myrtle Avenue,Brooklyn,40.693451,-73.96591,42466423
Hall Street,Park Avenue,Brooklyn,40.695813,-73.966393,42466419/42466413
Hall Street,Saint James Place,Brooklyn,40.689784,-73.965187,42466432
Hall Street,Willoughby Avenue,Brooklyn,40.691871,-73.9656,42466431
Halleck Street,Otsego Street,Brooklyn,40.672232,-74.011007,42475790
Halleck Street,Smith Street,Brooklyn,40.669694,-74.00059,42480555
Halsey Street,Howard Avenue,Brooklyn,40.685184,-73.920449,42479161
Halsey Street,Irving Avenue,Brooklyn,40.69455,-73.906554,42506752
Halsey Street,Knickerbocker Avenue,Brooklyn,40.692976,-73.908101,42506750
Halsey Street,Lewis Avenue,Brooklyn,40.683506,-73.935157,42466977
Halsey Street,Malcolm X Boulevard,Brooklyn,40.684173,-73.929318,42499504
Halsey Street,Marcus Garvey Boulevard,Brooklyn,40.683168,-73.938083,42506695
Halsey Street,Marcy Avenue,Brooklyn,40.682187,-73.946584,42482385
Halsey Street,Nostrand Avenue,Brooklyn,40.681807,-73.949863,42481593
Halsey Street,Patchen Avenue,Brooklyn,40.68451,-73.926388,42485035
Halsey Street,Ralph Avenue,Brooklyn,40.684878,-73.923105,42493912
Halsey Street,Saratoga Avenue,Brooklyn,40.685507,-73.917711,42476382
Halsey Street,Stuyvesant Avenue,Brooklyn,40.683839,-73.932235,42473289
Halsey Street,Throop Avenue,Brooklyn,40.68284,-73.940918,42499209
Halsey Street,Tompkins Avenue,Brooklyn,40.682513,-73.943747,42506685
Halsey Street,Wilson Avenue,Brooklyn,40.691503,-73.90955,42496779
Hamilton Avenue,Hamilton Place,Brooklyn,40.67027,-73.997628,42478307/598291108
Hamilton Avenue,Henry Street,Brooklyn,40.677936,-74.002507,42478160/598228660
Hamilton Avenue,Huntington Street,Brooklyn,40.676492,-74.001538,42478164/3547496117
Hamilton Avenue,Mill Street,Brooklyn,40.674776,-74.00044,42476753/42478287
Hamilton Avenue,Nelson Street,Brooklyn,40.677441,-74.002156,598227835/42478277
Hamilton Avenue,Prospect Avenue,Brooklyn,40.666602,-73.99456,598291100
Hamilton Avenue,Rapelye Street,Brooklyn,40.680987,-74.004453,42478233
Hamilton Avenue,Smith Street,Brooklyn,40.672451,-73.999047,598227824/42478194/42478191
Hamilton Avenue,Summit Street,Brooklyn,40.683017,-74.005829,598228721/42488507
Hamilton Avenue,Van Brunt Street,Brooklyn,40.682933,-74.006363,42488507/42478335
Hamilton Avenue,West 9th Street,Brooklyn,40.675966,-74.001122,598227849/42478283/3547496117
Hamilton Avenue,Woodhull Street,Brooklyn,40.681667,-74.005442,42478225/598229486
Hamilton Manor,Pence Street,Brooklyn,40.609034,-74.030872,42461370
Hamilton Manor,Roosevelt Lane,Brooklyn,40.608128,-74.031349,42461366
Hampton Avenue,Hastings Street,Brooklyn,40.580199,-73.944906,42491014
Hampton Avenue,Irwin Street,Brooklyn,40.580301,-73.943979,42491018
Hampton Avenue,Ocean Avenue,Brooklyn,40.579888,-73.947725,42490999
Hampton Avenue,Oceanview Avenue,Brooklyn,40.579267,-73.95335,42490980
Hampton Avenue,West End Avenue,Brooklyn,40.579267,-73.95335,42490980
Hampton Place,Park Place,Brooklyn,40.67291,-73.940764,42529533
Hampton Place,Saint Johns Place,Brooklyn,40.671126,-73.940931,42529535
Hampton Place,Sterling Place,Brooklyn,40.672016,-73.940847,42474993
Hancock Street,Howard Avenue,Brooklyn,40.685919,-73.920595,42479159
Hancock Street,Irving Avenue,Brooklyn,40.695408,-73.908056,42511997
Hancock Street,Knickerbocker Avenue,Brooklyn,40.693832,-73.909605,42536237
Hancock Street,Lewis Avenue,Brooklyn,40.684228,-73.935301,42466975
Hancock Street,Malcolm X Boulevard,Brooklyn,40.6849,-73.929451,42499502
Hancock Street,Marcus Garvey Boulevard,Brooklyn,40.683892,-73.93822,42516279
Hancock Street,Marcy Avenue,Brooklyn,40.682914,-73.946727,42482381
Hancock Street,Nostrand Avenue,Brooklyn,40.682537,-73.950009,42481590
Hancock Street,Patchen Avenue,Brooklyn,40.685236,-73.926532,42485033
Hancock Street,Ralph Avenue,Brooklyn,40.685613,-73.923252,42493911
Hancock Street,Saratoga Avenue,Brooklyn,40.686234,-73.91785,42476388
Hancock Street,Spencer Place,Brooklyn,40.682004,-73.954623,42530016
Hancock Street,Stuyvesant Avenue,Brooklyn,40.684564,-73.932378,42473286
Hancock Street,Throop Avenue,Brooklyn,40.683566,-73.941061,42499207
Hancock Street,Tompkins Avenue,Brooklyn,40.68324,-73.943891,42514388
Hancock Street,Wilson Avenue,Brooklyn,40.692358,-73.911053,42496768
Hanover Place,Livingston Street,Brooklyn,40.688451,-73.982716,42523688
Hanson Place,Saint Felix Street,Brooklyn,40.685202,-73.97702,42471620
Hanson Place,South Elliott Place,Brooklyn,40.685406,-73.975247,42528730
Hanson Place,South Oxford Street,Brooklyn,40.685609,-73.973306,42504219
Hanson Place,South Portland Avenue,Brooklyn,40.685506,-73.974281,42537496
Harbor Lane,Harbor View Terrace,Brooklyn,40.629113,-74.038577,42467219
Harden Street,Lott Place,Brooklyn,40.62264,-73.934962,42518655
Haring Street,Shore Parkway,Brooklyn,40.585876,-73.938122,42480736/42480242
Haring Street,Voorhies Avenue,Brooklyn,40.587422,-73.938412,42505748
Harkness Avenue,Knapp Street,Brooklyn,40.58635,-73.931439,42524219/5391550839
Harkness Avenue,Plumb 1st Street,Brooklyn,40.586435,-73.930443,42521512
Harkness Avenue,Plumb 2nd Street,Brooklyn,40.586534,-73.929523,42505633
Harkness Avenue,Plumb 3rd Street,Brooklyn,40.586626,-73.928665,42492139
Harkness Avenue,Shore Parkway,Brooklyn,40.58629,-73.932168,1957190631
Harman Street,Irving Avenue,Brooklyn,40.700978,-73.917817,42471602
Harman Street,Knickerbocker Avenue,Brooklyn,40.699392,-73.919377,42471599
Harman Street,Myrtle Avenue,Brooklyn,40.698633,-73.9201,42471595
Harman Street,Saint Nicholas Avenue,Brooklyn,40.703677,-73.915126,42471607
Harman Street,Wilson Avenue,Brooklyn,40.697918,-73.920824,42471591
Harman Street,Wyckoff Avenue,Brooklyn,40.702499,-73.916325,42471605
Harrison Avenue,Hewes Street,Brooklyn,40.706109,-73.953794,42490962
Harrison Avenue,Heyward Street,Brooklyn,40.704418,-73.9519,42477584
Harrison Avenue,Hooper Street,Brooklyn,40.706676,-73.954424,42491439
Harrison Avenue,Lorimer Street,Brooklyn,40.702726,-73.950013,42527626
Harrison Avenue,Lynch Street,Brooklyn,40.703853,-73.95127,42522399
Harrison Avenue,Middleton Street,Brooklyn,40.703287,-73.950641,42519635
Harrison Avenue,Penn Street,Brooklyn,40.705544,-73.953163,42482044
Harrison Avenue,Rutledge Street,Brooklyn,40.704983,-73.952532,42531741
Harrison Avenue,Tompkins Avenue,Brooklyn,40.700114,-73.947221,42504093
Harrison Avenue,Union Avenue,Brooklyn,40.70294,-73.950247,42520559
Harrison Avenue,Wallabout Street,Brooklyn,40.701594,-73.948748,42492003
Harrison Avenue,Walton Street,Brooklyn,40.702159,-73.949379,42475328
Harrison Place,Knickerbocker Avenue,Brooklyn,40.706514,-73.930893,42525014
Harrison Place,Morgan Avenue,Brooklyn,40.706354,-73.931894,42490311
Harrison Place,Porter Avenue,Brooklyn,40.706879,-73.928643,42525015
Harrison Place,Stewart Avenue,Brooklyn,40.707407,-73.925381,42516137
Harrison Place,Varick Avenue,Brooklyn,40.707146,-73.927015,42505687
Hart Place,West 15th Street,Brooklyn,40.582417,-73.983705,42516633
Hart Place,West 16th Street,Brooklyn,40.58154,-73.98463,42516636
Hart Street,Irving Avenue,Brooklyn,40.703115,-73.92158,42477871
Hart Street,Knickerbocker Avenue,Brooklyn,40.70153,-73.923133,42477867
Hart Street,Lewis Avenue,Brooklyn,40.694485,-73.937344,42466943
Hart Street,Marcus Garvey Boulevard,Brooklyn,40.694148,-73.940267,42477909
Hart Street,Marcy Avenue,Brooklyn,40.693172,-73.948768,42477903
Hart Street,Myrtle Avenue,Brooklyn,40.69781,-73.92783,42477890
Hart Street,Nostrand Avenue,Brooklyn,40.692794,-73.95205,42477901
Hart Street,Saint Nicholas Avenue,Brooklyn,40.705867,-73.918833,42477877
Hart Street,Stuyvesant Avenue,Brooklyn,40.694821,-73.93442,42473215
Hart Street,Throop Avenue,Brooklyn,40.693824,-73.943089,42477907
Hart Street,Tompkins Avenue,Brooklyn,40.693497,-73.945932,42477905
Hart Street,Wilson Avenue,Brooklyn,40.700056,-73.924582,42477864
Hart Street,Wyckoff Avenue,Brooklyn,40.704764,-73.919957,42477874
Harway Avenue,Stillwell Avenue,Brooklyn,40.587338,-73.983484,42503104
Hastings Street,Oriental Boulevard,Brooklyn,40.577808,-73.944464,42464386/1167644902
Hastings Street,Shore Boulevard,Brooklyn,40.581227,-73.945096,42486973
Hattie Jones Place,Herkimer Street,Brooklyn,40.678828,-73.934784,42514492
Hausman Street,Meeker Avenue,Brooklyn,40.723854,-73.938446,42476675
Hausman Street,Nassau Avenue,Brooklyn,40.726151,-73.938876,42479403
Hausman Street,Norman Avenue,Brooklyn,40.728016,-73.939181,42527832
Havemeyer Street,Hope Street,Brooklyn,40.713399,-73.956402,42480117
Havemeyer Street,Metropolitan Avenue,Brooklyn,40.714087,-73.955624,42480120/42480149
Havemeyer Street,North 5th Street,Brooklyn,40.714334,-73.955051,42480143
Havemeyer Street,North 6th Street,Brooklyn,40.71488,-73.95446,42480139
Havemeyer Street,North 7th Street,Brooklyn,40.715433,-73.953865,42480075
Havemeyer Street,North 8th Street,Brooklyn,40.715987,-73.953272,42480132
Havemeyer Street,North 9th Street,Brooklyn,40.716545,-73.952678,42480130
Havemeyer Street,South 1st Street,Brooklyn,40.712239,-73.957136,42480099
Havemeyer Street,South 2nd Street,Brooklyn,40.711609,-73.957535,42480096
Havemeyer Street,South 3rd Street,Brooklyn,40.710864,-73.958003,42474135
Havemeyer Street,South 5th Street,Brooklyn,40.709554,-73.95886,42480088
Havemeyer Street,Withers Street,Brooklyn,40.716545,-73.952678,42480130
Havens Place,Herkimer Street,Brooklyn,40.677159,-73.90426,42516014
Hawthorne Street,New York Avenue,Brooklyn,40.658031,-73.947433,42496553
Hawthorne Street,Nostrand Avenue,Brooklyn,40.657838,-73.950326,42481683
Hawthorne Street,Rogers Avenue,Brooklyn,40.657661,-73.95322,42511668
Hawthorne Street,Troy Avenue,Brooklyn,40.658698,-73.936948,42493296
Hegeman Avenue,Hendrix Street,Brooklyn,40.662394,-73.885936,42474354
Hegeman Avenue,Herzl Street,Brooklyn,40.655561,-73.911996,42474532
Hegeman Avenue,Jerome Street,Brooklyn,40.663448,-73.883487,42474364
Hegeman Avenue,Linwood Street,Brooklyn,40.665202,-73.879406,42470251
Hegeman Avenue,Logan Street,Brooklyn,40.667665,-73.873688,42474514
Hegeman Avenue,Louisiana Avenue,Brooklyn,40.658176,-73.895727,42474328
Hegeman Avenue,Malta Street,Brooklyn,40.658526,-73.894913,42474329
Hegeman Avenue,Milford Street,Brooklyn,40.667314,-73.874503,42474511
Hegeman Avenue,Miller Avenue,Brooklyn,40.661689,-73.887568,42467180
Hegeman Avenue,Montauk Avenue,Brooklyn,40.666962,-73.87532,42468534
Hegeman Avenue,Mother Gaston Boulevard,Brooklyn,40.656826,-73.903564,42474570
Hegeman Avenue,New Jersey Avenue,Brooklyn,40.660284,-73.890832,42474343
Hegeman Avenue,New Lots Avenue,Brooklyn,40.656684,-73.90453,42474565
Hegeman Avenue,Osborn Street,Brooklyn,40.656547,-73.90545,42474557
Hegeman Avenue,Pennsylvania Avenue,Brooklyn,40.659933,-73.891649,42474338
Hegeman Avenue,Powell Street,Brooklyn,40.657264,-73.900772,42474582
Hegeman Avenue,Rockaway Avenue,Brooklyn,40.656273,-73.907307,42474549
Hegeman Avenue,Sackman Street,Brooklyn,40.657113,-73.90169,42474579
Hegeman Avenue,Schenck Avenue,Brooklyn,40.662746,-73.885118,42474358
Hegeman Avenue,Sheffield Avenue,Brooklyn,40.659581,-73.892464,42474335
Hegeman Avenue,Shepherd Avenue,Brooklyn,40.665908,-73.877771,42474496
Hegeman Avenue,Thatford Avenue,Brooklyn,40.656412,-73.906369,42474553
Hegeman Avenue,Thomas S. Boyland Street,Brooklyn,40.655852,-73.910123,42474539
Hegeman Avenue,Van Siclen Avenue,Brooklyn,40.662014,-73.886814,42472336
Hegeman Avenue,Vermont Street,Brooklyn,40.660636,-73.890015,42474347
Hegeman Avenue,Warwick Street,Brooklyn,40.663798,-73.88267,42474367
Hegeman Avenue,Watkins Street,Brooklyn,40.656684,-73.90453,42474565
Hegeman Avenue,Williams Avenue,Brooklyn,40.657967,-73.896165,1942054790
Hegeman Avenue,Wyona Street,Brooklyn,40.660988,-73.8892,42474349
Hemlock Street,Jamaica Avenue,Brooklyn,40.689921,-73.872603,42475212
Hemlock Street,Kiely Place,Brooklyn,40.686291,-73.871742,42527849
Hemlock Street,Liberty Avenue,Brooklyn,40.678311,-73.869794,42528982
Hemlock Street,Linden Boulevard,Brooklyn,40.668961,-73.867451,1942055300
Hemlock Street,Pitkin Avenue,Brooklyn,40.675811,-73.869141,42511641
Hemlock Street,Ridgewood Avenue,Brooklyn,40.685696,-73.871601,42478961
Hemlock Street,South Conduit Boulevard,Brooklyn,40.676913,-73.86942,598629589
Hemlock Street,Stanley Avenue,Brooklyn,40.665605,-73.866614,42528960
Hemlock Street,Sutter Avenue,Brooklyn,40.673279,-73.868523,42515148
Hemlock Street,Wortman Avenue,Brooklyn,40.664048,-73.866229,42523625
Henderson Walk,Surf Avenue,Brooklyn,40.57556,-73.980621,2377652140
Hendrickson Place,Hendrickson Street,Brooklyn,40.606757,-73.920592,42509885
Hendrickson Street,Quentin Road,Brooklyn,40.617432,-73.932487,42470886
Hendrix Creek Road,Penn Ring Drive,Brooklyn,40.638822,-73.870121,2870898381
Hendrix Street,Jamaica Avenue,Brooklyn,40.680971,-73.891489,42475126
Hendrix Street,Liberty Avenue,Brooklyn,40.67536,-73.890057,42528538
Hendrix Street,Linden Boulevard,Brooklyn,40.66103,-73.884925,1942054900/1942054901
Hendrix Street,Livonia Avenue,Brooklyn,40.665717,-73.887593,42477837
Hendrix Street,New Lots Avenue,Brooklyn,40.664383,-73.887327,42515538/42515541
Hendrix Street,Pitkin Avenue,Brooklyn,40.672848,-73.889418,42511571
Hendrix Street,Stanley Avenue,Brooklyn,40.659427,-73.883739,42528563
Hendrix Street,Sunnyside Avenue,Brooklyn,40.681668,-73.892018,42528533
Hendrix Street,Sutter Avenue,Brooklyn,40.670328,-73.888773,42515098
Henry Street,Huntington Street,Brooklyn,40.676915,-74.002881,42516555
Henry Street,Hunts Lane,Brooklyn,40.693673,-73.994829,42519230
Henry Street,Joralemon Street,Brooklyn,40.693151,-73.995076,42519232
Henry Street,Kane Street,Brooklyn,40.686698,-73.99819,42514188
Henry Street,Lorraine Street,Brooklyn,40.673712,-74.00443,42519197
Henry Street,Love Lane,Brooklyn,40.69587,-73.993785,42519216
Henry Street,Middagh Street,Brooklyn,40.700051,-73.99176,42502401
Henry Street,Mill Street,Brooklyn,40.675622,-74.003489,42476748
Henry Street,Montague Street,Brooklyn,40.6948,-73.994301,42485640
Henry Street,Old Fulton Street,Brooklyn,40.700992,-73.99131,42519202
Henry Street,Orange Street,Brooklyn,40.698745,-73.992392,42517910
Henry Street,Pacific Street,Brooklyn,40.690104,-73.996548,42519238
Henry Street,Pierrepont Street,Brooklyn,40.695465,-73.993977,42476721
Henry Street,Pineapple Street,Brooklyn,40.698097,-73.99271,42483640
Henry Street,Poplar Street,Brooklyn,40.700691,-73.991454,42498552
Henry Street,President Street,Brooklyn,40.682803,-74.000048,42514974
Henry Street,Rapelye Street,Brooklyn,40.680121,-74.00134,42480534
Henry Street,Remsen Street,Brooklyn,40.694122,-73.994618,42519223
Henry Street,Sackett Street,Brooklyn,40.684144,-73.999401,42478109
Henry Street,State Street,Brooklyn,40.691416,-73.995914,42517465
Henry Street,Summit Street,Brooklyn,40.681424,-74.000713,42519264
Henry Street,Union Street,Brooklyn,40.683473,-73.999725,42486329
Henry Street,Verandah Place,Brooklyn,40.688481,-73.997326,42498628
Henry Street,Warren Street,Brooklyn,40.688002,-73.997557,42484034
Henry Street,West 9th Street,Brooklyn,40.676271,-74.003193,42488398
Henry Street,Woodhull Street,Brooklyn,40.680792,-74.001018,42519271
Herbert Street,Humboldt Street,Brooklyn,40.719604,-73.943899,42463370
Herbert Street,Kingsland Avenue,Brooklyn,40.72046,-73.940794,42495871
Herbert Street,Monitor Street,Brooklyn,40.720366,-73.941747,42503833
Herbert Street,North Henry Street,Brooklyn,40.720277,-73.942678,42503829
Herkimer Place,Nostrand Avenue,Brooklyn,40.678963,-73.949647,42468387
Herkimer Place,Perry Place,Brooklyn,40.67907,-73.952007,42468386
Herkimer Street,Howard Avenue,Brooklyn,40.677975,-73.919121,42479213
Herkimer Street,Hunterfly Place,Brooklyn,40.678486,-73.928473,42485616
Herkimer Street,Jardine Place,Brooklyn,40.677208,-73.905137,42516007
Herkimer Street,Jewell McKoy Lane,Brooklyn,40.678779,-73.933894,42476848
Herkimer Street,Kane Place,Brooklyn,40.678222,-73.923673,42466682
Herkimer Street,Kingston Avenue,Brooklyn,40.679182,-73.941269,42467425
Herkimer Street,Louis Place,Brooklyn,40.677872,-73.917289,42492799
Herkimer Street,Marconi Place,Brooklyn,40.67762,-73.912647,42489400
Herkimer Street,Monaco Place,Brooklyn,40.67742,-73.908982,42515995
Herkimer Street,New York Avenue,Brooklyn,40.679485,-73.946818,42496492
Herkimer Street,Nostrand Avenue,Brooklyn,40.679636,-73.949585,42481606
Herkimer Street,Pleasant Place,Brooklyn,40.67747,-73.909881,42488496
Herkimer Street,Prescott Place,Brooklyn,40.678069,-73.920842,42478658
Herkimer Street,Radde Place,Brooklyn,40.677724,-73.914519,42515989
Herkimer Street,Ralph Avenue,Brooklyn,40.678116,-73.921711,42494030
Herkimer Street,Rochester Avenue,Brooklyn,40.678428,-73.927427,42515961
Herkimer Street,Rockaway Avenue,Brooklyn,40.677521,-73.910814,42515994
Herkimer Street,Roosevelt Place,Brooklyn,40.677774,-73.915426,42464341
Herkimer Street,Sackman Street,Brooklyn,40.677261,-73.90602,42515447
Herkimer Street,Saint Andrews Place,Brooklyn,40.679281,-73.943094,42473182
Herkimer Street,Saratoga Avenue,Brooklyn,40.677824,-73.916354,42476355
Herkimer Street,Schenectady Avenue,Brooklyn,40.678729,-73.932969,42515948
Herkimer Street,Sherlock Place,Brooklyn,40.677312,-73.907023,42516000
Herkimer Street,Suydam Place,Brooklyn,40.678378,-73.926492,42515964
Herkimer Street,Thomas S. Boyland Street,Brooklyn,40.677672,-73.913585,42509406
Herkimer Street,Troy Avenue,Brooklyn,40.678872,-73.935584,42493173
Herkimer Street,Utica Avenue,Brooklyn,40.678562,-73.929794,42515953
Herkimer Street,Van Sinderen Avenue,Brooklyn,40.677112,-73.903355,42516016
Herkimer Street,William Place,Brooklyn,40.677065,-73.90243,42493051
Herkimer Street,Williams Avenue,Brooklyn,40.676633,-73.900849,6907071326
Herzl Street,Livonia Avenue,Brooklyn,40.661854,-73.913604,42477758
Herzl Street,Lott Avenue,Brooklyn,40.657247,-73.912423,42493596
Herzl Street,Newport Street,Brooklyn,40.658783,-73.912817,42493594
Herzl Street,Pitkin Avenue,Brooklyn,40.668988,-73.91543,42493606
Herzl Street,Riverdale Avenue,Brooklyn,40.660319,-73.91321,42493591
Herzl Street,Sutter Avenue,Brooklyn,40.666468,-73.914786,42493609
Hewes Street,Kent Avenue,Brooklyn,40.700508,-73.96248,42469405
Hewes Street,Lee Avenue,Brooklyn,40.703639,-73.957616,42490957
Hewes Street,Marcy Avenue,Brooklyn,40.704876,-73.955704,42482178
Hewes Street,South 3rd Street,Brooklyn,40.708431,-73.951335,42474161
Hewes Street,South 4th Street,Brooklyn,40.70782,-73.951718,42490943
Hewes Street,South 5th Street,Brooklyn,40.707221,-73.952084,42490942
Hewes Street,Union Avenue,Brooklyn,40.708997,-73.950792,4593135573
Hewes Street,Williamsburg Street East,Brooklyn,40.701711,-73.96054,42461490
Hewes Street,Williamsburg Street West,Brooklyn,40.700931,-73.961864,42490972
Heyward Street,Lee Avenue,Brooklyn,40.701946,-73.955724,42477578
Heyward Street,Marcy Avenue,Brooklyn,40.703181,-73.953812,42477581
Heyward Street,Union Avenue,Brooklyn,40.705437,-73.950218,42477588
Heyward Street,Wallabout Street,Brooklyn,40.699285,-73.959822,7722348498
Heyward Street,Wythe Avenue,Brooklyn,40.699668,-73.959238,42477573
Hicks Street,Huntington Street,Brooklyn,40.677355,-74.004454,42483602
Hicks Street,Joralemon Street,Brooklyn,40.693444,-73.996713,42483487
Hicks Street,Kane Street,Brooklyn,40.687254,-73.99988,42483414/42483551
Hicks Street,Lorraine Street,Brooklyn,40.674154,-74.005995,42483620
Hicks Street,Love Lane,Brooklyn,40.696374,-73.995313,42483469
Hicks Street,Luquer Street,Brooklyn,40.678644,-74.003828,42483591
Hicks Street,McKenny Street,Brooklyn,40.701608,-73.993273,42463965
Hicks Street,Middagh Street,Brooklyn,40.700486,-73.993359,42483453
Hicks Street,Mill Street,Brooklyn,40.676047,-74.005108,42476744/10729985952
Hicks Street,Montague Street,Brooklyn,40.695226,-73.995853,42483473
Hicks Street,Nelson Street,Brooklyn,40.677998,-74.004142,42483596
Hicks Street,Old Fulton Street,Brooklyn,40.701879,-73.992362,598054754/42486083/465132522/3174844140/42483438
Hicks Street,Orange Street,Brooklyn,40.699185,-73.993981,42483461
Hicks Street,Pacific Street,Brooklyn,40.690537,-73.99809,42483509
Hicks Street,Pierrepont Street,Brooklyn,40.695892,-73.99554,42476720
Hicks Street,Pineapple Street,Brooklyn,40.698534,-73.994292,42483466
Hicks Street,Poplar Street,Brooklyn,40.701135,-73.993049,42483450
Hicks Street,President Street,Brooklyn,40.683285,-74.001784,42483561/42483407
Hicks Street,Rapelye Street,Brooklyn,40.680611,-74.003091,2631946239/42480527
Hicks Street,Remsen Street,Brooklyn,40.694559,-73.996165,42483475
Hicks Street,Sackett Street,Brooklyn,40.684631,-74.001145,42478107/42478102
Hicks Street,State Street,Brooklyn,40.69185,-73.997488,42483496
Hicks Street,Summit Street,Brooklyn,40.681945,-74.002423,42463657/42463651
Hicks Street,Union Street,Brooklyn,40.68396,-74.001463,42483560/42483410
Hicks Street,Vine Street,Brooklyn,40.701586,-73.993345,6720148786
Hicks Street,Warren Street,Brooklyn,40.688558,-73.999249,42483527/42483431
Hicks Street,West 9th Street,Brooklyn,40.676711,-74.004766,42483607
Hicks Street,Woodhull Street,Brooklyn,40.681281,-74.002764,42483401/42463294
High Street,Jay Street,Brooklyn,40.699228,-73.98686,42497729
High Street,Pearl Street,Brooklyn,40.699266,-73.987821,42469218
Highland Avenue,Laurel Avenue,Brooklyn,40.577751,-74.008136,42466733
Highland Avenue,Lyme Avenue,Brooklyn,40.577072,-74.008001,42466730
Highland Avenue,Manhattan Avenue,Brooklyn,40.579408,-74.008451,42466748
Highland Avenue,Maple Avenue,Brooklyn,40.579108,-74.008394,42466742
Highland Avenue,Nautilus Avenue,Brooklyn,40.575683,-74.007727,42466726
Highland Avenue,Neptune Avenue,Brooklyn,40.576381,-74.007866,42466727
Highland Avenue,Ocean View Avenue,Brooklyn,40.580189,-74.0086,42466765
Highland Avenue,Poplar Avenue,Brooklyn,40.579784,-74.008523,42466754
Highland Boulevard,Highland Park Greenway,Brooklyn,40.682678,-73.892085,42530250
Highland Boulevard,Highland Place,Brooklyn,40.68536,-73.882202,42475193
Highland Boulevard,Jackie Robinson Parkway,Brooklyn,40.680822,-73.896146,824069026
Highland Boulevard,Jamaica Avenue,Brooklyn,40.68536,-73.882202,42475193
Highland Boulevard,Miller Avenue,Brooklyn,40.681565,-73.894311,42467138
Highland Boulevard,Miller Place,Brooklyn,40.681565,-73.894311,42467138
Highland Boulevard,Vermont Place,Brooklyn,40.685232,-73.88824,42927436
Highland Boulevard Greenway,Highland Place,Brooklyn,40.68536,-73.882202,42475193
Highland Boulevard Greenway,Jamaica Avenue,Brooklyn,40.68536,-73.882202,42475193
Highland Place,Jamaica Avenue,Brooklyn,40.68536,-73.882202,42475193
Highland Place,Ridgewood Avenue,Brooklyn,40.68327,-73.881645,42478936
Highlawn Avenue,Stillwell Avenue,Brooklyn,40.602649,-73.986388,7769117147
Highlawn Avenue,West 10th Street,Brooklyn,40.603065,-73.982612,7769081792
Highlawn Avenue,West 11th Street,Brooklyn,40.602964,-73.983532,42468828
Highlawn Avenue,West 12th Street,Brooklyn,40.602862,-73.984454,42505344
Highlawn Avenue,West 13th Street,Brooklyn,40.602759,-73.985384,42501478
Highlawn Avenue,West 3rd Street,Brooklyn,40.603804,-73.975971,42505369
Highlawn Avenue,West 4th Street,Brooklyn,40.603695,-73.976905,42501355
Highlawn Avenue,West 5th Street,Brooklyn,40.603586,-73.977828,42505364
Highlawn Avenue,West 6th Street,Brooklyn,40.603475,-73.978828,42482594
Highlawn Avenue,West 7th Street,Brooklyn,40.603371,-73.979818,3509309095
Highlawn Avenue,West 8th Street,Brooklyn,40.60327,-73.980753,42505345
Highlawn Avenue,West 9th Street,Brooklyn,40.603168,-73.981678,42488374
Hill Drive,Terrace Bridge,Brooklyn,40.658308,-73.968109,1913646009
Hillel Place,Kenilworth Place,Brooklyn,40.632308,-73.94841,42488178
Hillock Avenue,Landscape Avenue,Brooklyn,40.651149,-73.995251,757488762
Hillock Avenue,Oak Avenue,Brooklyn,40.652341,-73.996844,756246958
Hillock Avenue,Orchard Avenue,Brooklyn,40.651149,-73.995251,757488762
Hillside Avenue,Ocean Avenue,Brooklyn,40.654352,-73.983853,757468844
Himrod Street,Irving Avenue,Brooklyn,40.701405,-73.91857,42509655
Himrod Street,Knickerbocker Avenue,Brooklyn,40.69982,-73.920127,42509649
Himrod Street,Myrtle Avenue,Brooklyn,40.698483,-73.921471,42509643
Himrod Street,Saint Nicholas Avenue,Brooklyn,40.704114,-73.915868,42509663
Himrod Street,Wilson Avenue,Brooklyn,40.698363,-73.921612,42496680
Himrod Street,Wyckoff Avenue,Brooklyn,40.702953,-73.91705,42509659
Hinckley Place,Stratford Road,Brooklyn,40.644697,-73.968871,42467235
Hinsdale Street,Liberty Avenue,Brooklyn,40.673713,-73.901149,42500014
Hinsdale Street,Linden Boulevard,Brooklyn,40.657671,-73.897046,1942054769/2543148391/1942054764/1942054727
Hinsdale Street,Livonia Avenue,Brooklyn,40.664062,-73.89868,42477803
Hinsdale Street,New Lots Avenue,Brooklyn,40.659833,-73.8976,42500032
Hinsdale Street,Newport Street,Brooklyn,40.660999,-73.897896,42500031
Hinsdale Street,Pitkin Avenue,Brooklyn,40.671205,-73.900507,42500018
Hinsdale Street,Riverdale Avenue,Brooklyn,40.662534,-73.89829,42496286
Hinsdale Street,Stanley Avenue,Brooklyn,40.654173,-73.895944,42500036
Hinsdale Street,Sutter Avenue,Brooklyn,40.668684,-73.899863,42500021
Holly Street,Linden Boulevard,Brooklyn,40.667168,-73.870824,1942055180
Holly Street,Loring Avenue,Brooklyn,40.666602,-73.870688,42478712
Homecrest Avenue,Shore Parkway,Brooklyn,40.585206,-73.956688,598788322/42475251/598788324
Homecrest Avenue,William Court,Brooklyn,40.586874,-73.956979,42475271
Hooper Street,Kent Avenue,Brooklyn,40.701033,-73.963179,42469409/3552687146
Hooper Street,Lee Avenue,Brooklyn,40.704203,-73.958244,42491429
Hooper Street,Marcy Avenue,Brooklyn,40.705439,-73.956337,42482174
Hooper Street,South 1st Street,Brooklyn,40.710336,-73.951968,42491468
Hooper Street,South 2nd Street,Brooklyn,40.709716,-73.95236,42491462
Hooper Street,South 3rd Street,Brooklyn,40.708974,-73.95283,42474156
Hooper Street,South 4th Street,Brooklyn,40.708366,-73.953213,42491456
Hooper Street,South 5th Street,Brooklyn,40.707745,-73.953606,42491453
Hooper Street,Williamsburg Street East,Brooklyn,40.703191,-73.9598,42491426
Hooper Street,Wythe Avenue,Brooklyn,40.701963,-73.96175,42491495
Hope Street,Keap Street,Brooklyn,40.71206,-73.952719,42481921
Hope Street,Marcy Avenue,Brooklyn,40.712904,-73.955046,598033037
Hope Street,Rodney Street,Brooklyn,40.712463,-73.953897,42463350
Hope Street,Roebling Street,Brooklyn,40.713958,-73.957929,42481938
Hope Street,Union Avenue,Brooklyn,40.711497,-73.9512,42481931
Hopkins Street,Marcy Avenue,Brooklyn,40.699047,-73.949944,42482217
Hopkins Street,Throop Avenue,Brooklyn,40.699698,-73.94425,42499151
Hopkins Street,Tompkins Avenue,Brooklyn,40.699374,-73.947105,42514342
Horace Court,Sherman Street,Brooklyn,40.656524,-73.975856,42494733
Hornell Loop,Pennsylvania Avenue,Brooklyn,40.64496,-73.878577,4202786882/42480580/42480590
Howard Alley,Main Street,Brooklyn,40.702835,-73.990689,42501454
Howard Avenue,Jefferson Avenue,Brooklyn,40.68665,-73.92074,42479155
Howard Avenue,Lincoln Place,Brooklyn,40.669144,-73.920034,42479244/1942055310
Howard Avenue,Livonia Avenue,Brooklyn,40.661162,-73.918299,42475721
Howard Avenue,MacDonough Street,Brooklyn,40.683724,-73.920157,42479167
Howard Avenue,MacDougal Street,Brooklyn,40.679323,-73.919286,42479181
Howard Avenue,Macon Street,Brooklyn,40.684459,-73.920305,42479164
Howard Avenue,Madison Street,Brooklyn,40.688115,-73.921032,42479148
Howard Avenue,Marion Street,Brooklyn,40.680788,-73.919574,42460611
Howard Avenue,Monroe Street,Brooklyn,40.688747,-73.921152,2799410691
Howard Avenue,Pacific Street,Brooklyn,40.675989,-73.919312,42479220
Howard Avenue,Park Place,Brooklyn,40.671758,-73.91971,42479234
Howard Avenue,Pitkin Avenue,Brooklyn,40.668329,-73.920071,1942055217/1942055212
Howard Avenue,Prospect Place,Brooklyn,40.67265,-73.919625,42473556
Howard Avenue,Putnam Avenue,Brooklyn,40.687385,-73.920888,42479153
Howard Avenue,Saint Johns Place,Brooklyn,40.669978,-73.919878,42479237
Howard Avenue,Saint Marks Avenue,Brooklyn,40.673542,-73.919541,42479230
Howard Avenue,Sterling Place,Brooklyn,40.670868,-73.919794,42475041
Howard Avenue,Sumpter Street,Brooklyn,40.680055,-73.91943,42470013
Howard Avenue,Sutter Avenue,Brooklyn,40.665791,-73.919416,42479194
Howard Avenue,Tapscott Street,Brooklyn,40.665064,-73.919333,42460705
Howard Place,Prospect Avenue,Brooklyn,40.658363,-73.980978,42510747
Howard Place,Windsor Place,Brooklyn,40.659416,-73.980092,42518898
Hoyt Street,Livingston Street,Brooklyn,40.689629,-73.985733,42523684
Hoyt Street,Pacific Street,Brooklyn,40.687138,-73.987429,42527865
Hoyt Street,President Street,Brooklyn,40.6801,-73.992198,42514981/42514967
Hoyt Street,Sackett Street,Brooklyn,40.681433,-73.991296,42478118
Hoyt Street,Schermerhorn Street,Brooklyn,40.689009,-73.986159,42523094
Hoyt Street,State Street,Brooklyn,40.688408,-73.986568,42517472
Hoyt Street,Union Street,Brooklyn,40.680796,-73.991728,42486345
Hoyt Street,Warren Street,Brooklyn,40.68459,-73.989129,42484013
Hoyt Street,Wyckoff Street,Brooklyn,40.685224,-73.988712,42498532
Hubbard Place,Kings Highway,Brooklyn,40.624928,-73.93449,2317435486
Hubbard Street,Ocean Court,Brooklyn,40.590542,-73.96364,42512401
Hubbard Street,Parkway Court,Brooklyn,40.589857,-73.963511,42530791
Hubbard Street,Shore Parkway,Brooklyn,40.584787,-73.962567,42480222
Hudson Avenue,John Street,Brooklyn,40.704229,-73.98102,42479472
Hudson Avenue,Marshall Street,Brooklyn,40.704798,-73.980976,42487131
Hudson Avenue,Navy Street,Brooklyn,40.701234,-73.980863,598050845
Hudson Avenue,Plymouth Street,Brooklyn,40.703576,-73.981072,42472734
Hudson Avenue,Water Street,Brooklyn,40.702909,-73.981124,42469364
Hudson Avenue,York Street,Brooklyn,40.701234,-73.980863,598050845
Hull Street,Mother Gaston Boulevard,Brooklyn,40.67982,-73.908424,42477959
Hull Street,Rockaway Avenue,Brooklyn,40.679515,-73.911082,42477955
Hull Street,Saratoga Avenue,Brooklyn,40.678906,-73.916393,42476358
Hull Street,Thomas S. Boyland Street,Brooklyn,40.67921,-73.913739,42477951
Humboldt Street,Jackson Street,Brooklyn,40.716805,-73.943055,42502897
Humboldt Street,Johnson Avenue,Brooklyn,40.706758,-73.941399,42496356
Humboldt Street,Maspeth Avenue,Brooklyn,40.714881,-73.94273,8668750429
Humboldt Street,Maujer Street,Brooklyn,40.71106,-73.942105,42502965
Humboldt Street,McGuinness Boulevard South,Brooklyn,40.720242,-73.944394,42502920
Humboldt Street,Meeker Avenue,Brooklyn,40.720143,-73.944319,42502920/42502915/42463374
Humboldt Street,Meserole Avenue,Brooklyn,40.729258,-73.946041,42502935
Humboldt Street,Meserole Street,Brooklyn,40.70823,-73.94164,42502957
Humboldt Street,Metropolitan Avenue,Brooklyn,40.714695,-73.942705,7712107372
Humboldt Street,Montrose Avenue,Brooklyn,40.707493,-73.941518,42502953
Humboldt Street,Moore Street,Brooklyn,40.703923,-73.940845,42502945
Humboldt Street,Moultrie Street,Brooklyn,40.727377,-73.945895,42512677
Humboldt Street,Nassau Avenue,Brooklyn,40.725531,-73.945432,42479372
Humboldt Street,Norman Avenue,Brooklyn,40.72739,-73.945815,42512677/42502933
Humboldt Street,Powers Street,Brooklyn,40.712537,-73.94235,42502970
Humboldt Street,Richardson Street,Brooklyn,40.718932,-73.943432,42502909
Humboldt Street,Scholes Street,Brooklyn,40.708944,-73.941759,42502959
Humboldt Street,Seigel Street,Brooklyn,40.704638,-73.941022,42502948
Humboldt Street,Skillman Avenue,Brooklyn,40.716096,-73.942935,42502895
Humboldt Street,Sumner Place,Brooklyn,40.701077,-73.94042,42499081
Humboldt Street,Varet Street,Brooklyn,40.703215,-73.940749,42502943
Humboldt Street,Withers Street,Brooklyn,40.717517,-73.94317,42502899
Huntington Street,Smith Street,Brooklyn,40.6754,-73.997447,5777720605
Huntington Street,West 9th Street,Brooklyn,40.676292,-74.001015,3547496117
Huron Street,Manhattan Avenue,Brooklyn,40.733034,-73.954728,42500689
Huron Street,McGuinness Boulevard,Brooklyn,40.73328,-73.952135,2987758869/2987758870
Huron Street,Provost Street,Brooklyn,40.733516,-73.949692,42499736
Huron Street,West Street,Brooklyn,40.732567,-73.959698,42500683
Hyman Court,Lois Avenue,Brooklyn,40.586096,-73.922639,42476922
Hyman Court,Seba Avenue,Brooklyn,40.587209,-73.923858,42466564
Imlay Street,Imlay Street Cycleway,Brooklyn,40.680429,-74.010448,8115286460
Imlay Street,Pioneer Street,Brooklyn,40.679371,-74.011695,42464589
Imlay Street,Summit Street,Brooklyn,40.683599,-74.006684,42464570
Imlay Street,Verona Street,Brooklyn,40.680429,-74.010448,8115286460
Imlay Street Cycleway,Pioneer Street Cycleway,Brooklyn,40.679588,-74.011709,4491449722
Imlay Street Cycleway,Verona Street,Brooklyn,40.680429,-74.010448,8115286460
India Street,Manhattan Avenue,Brooklyn,40.73233,-73.95461,42506522
India Street,McGuinness Boulevard,Brooklyn,40.732576,-73.952019,4660170670/2987758871
India Street,Provost Street,Brooklyn,40.732807,-73.949579,42499733
India Street,West Street,Brooklyn,40.731858,-73.959584,42506511
Indiana Place,Mayfair Drive South,Brooklyn,40.607537,-73.905762,42497045
Indiana Place,National Drive,Brooklyn,40.605436,-73.904871,42489409
Indiana Place,Whitman Drive,Brooklyn,40.60686,-73.905475,42517808
Ingraham Street,Knickerbocker Avenue,Brooklyn,40.707153,-73.931479,42487177
Ingraham Street,Morgan Avenue,Brooklyn,40.707051,-73.932086,42487175
Ingraham Street,Porter Avenue,Brooklyn,40.707577,-73.928838,42487180
Ingraham Street,Saint Nicholas Avenue,Brooklyn,40.708417,-73.923021,42504181
Ingraham Street,Stewart Avenue,Brooklyn,40.708104,-73.925582,42487186
Ingraham Street,Varick Avenue,Brooklyn,40.707842,-73.927212,42487182
Irving Avenue,Jefferson Avenue,Brooklyn,40.695837,-73.908807,42511993
Irving Avenue,Jefferson Street,Brooklyn,40.705251,-73.925338,42511908
Irving Avenue,Linden Street,Brooklyn,40.698838,-73.914061,42511976
Irving Avenue,Madison Street,Brooklyn,40.697121,-73.911054,42486700
Irving Avenue,Melrose Street,Brooklyn,40.705668,-73.926123,7711304345
Irving Avenue,Menahan Street,Brooklyn,40.699696,-73.915562,42477552
Irving Avenue,Myrtle Avenue,Brooklyn,40.699189,-73.914674,5435873461
Irving Avenue,Palmetto Street,Brooklyn,40.69798,-73.912558,42498815
Irving Avenue,Putnam Avenue,Brooklyn,40.696695,-73.910308,42489096
Irving Avenue,Stanhope Street,Brooklyn,40.701832,-73.919322,42511934
Irving Avenue,Starr Street,Brooklyn,40.7044,-73.923832,42511913
Irving Avenue,Stockholm Street,Brooklyn,40.70226,-73.920074,42511930
Irving Avenue,Suydam Street,Brooklyn,40.703537,-73.922333,42506548
Irving Avenue,Thames Street,Brooklyn,40.705668,-73.926123,7711304345
Irving Avenue,Troutman Street,Brooklyn,40.704824,-73.924587,42511911
Irving Avenue,Weirfield Street,Brooklyn,40.694979,-73.907304,42490690
Irving Avenue,Willoughby Avenue,Brooklyn,40.703969,-73.923079,42492385
Irving Avenue,Woodbine Street,Brooklyn,40.697552,-73.911808,42499298
Irving Place,Putnam Avenue,Brooklyn,40.682915,-73.959785,42480155
Irwin Street,Oriental Boulevard,Brooklyn,40.577911,-73.943523,1167645349/4643580006
Irwin Street,Shore Boulevard,Brooklyn,40.581038,-73.944117,42486976
Ivan Court,Seba Avenue,Brooklyn,40.587012,-73.924164,42466561
Ivy Hill Road,Rewe Street,Brooklyn,40.716422,-73.9307,42515027
Jackie Robinson Parkway,Jamaica Avenue,Brooklyn,40.678247,-73.897473,7722419297
Jackie Robinson Parkway,Pennsylvania Avenue,Brooklyn,40.678247,-73.897473,7722419297
Jackie Robinson Parkway,Vermont Court,Brooklyn,40.68358,-73.895332,42467207
Jackie Robinson Parkway,Vermont Street,Brooklyn,40.680394,-73.896045,8243403092
Jackson Place,Prospect Avenue,Brooklyn,40.661914,-73.986856,42510743
Jackson Street,Kingsland Avenue,Brooklyn,40.717094,-73.940233,42489753
Jackson Street,Leonard Street,Brooklyn,40.716331,-73.948067,42491203
Jackson Street,Lorimer Street,Brooklyn,40.716177,-73.949715,42509922
Jackson Street,Manhattan Avenue,Brooklyn,40.716487,-73.946417,42509933
Jackson Street,Meeker Avenue,Brooklyn,40.716121,-73.950667,42476497/42476610
Jackson Street,Morgan Avenue,Brooklyn,40.718101,-73.936949,42490375
Jackson Street,Union Avenue,Brooklyn,40.715958,-73.951926,42509952
Jackson Street,Vandervoort Avenue,Brooklyn,40.718521,-73.935286,42509901
Jackson Street,Woodpoint Road,Brooklyn,40.716921,-73.941845,42491527
Jaffray Street,Oriental Boulevard,Brooklyn,40.578016,-73.942592,1167645331/42464388
Jaffray Street,Shore Boulevard,Brooklyn,40.580857,-73.943127,42486983
Jamaica Avenue,Jerome Street,Brooklyn,40.682166,-73.889009,42475146
Jamaica Avenue,Lincoln Avenue,Brooklyn,40.690502,-73.870948,42475220
Jamaica Avenue,Linwood Street,Brooklyn,40.684152,-73.884796,42470277
Jamaica Avenue,Logan Street,Brooklyn,40.686882,-73.879075,42475205
Jamaica Avenue,Marginal Street East,Brooklyn,40.678585,-73.896535,42475114
Jamaica Avenue,Miller Avenue,Brooklyn,40.680161,-73.893185,42467143
Jamaica Avenue,New Jersey Avenue,Brooklyn,40.678585,-73.896535,42475114
Jamaica Avenue,Nichols Avenue,Brooklyn,40.690709,-73.870128,42475235
Jamaica Avenue,Norwood Avenue,Brooklyn,40.686281,-73.880273,42475203
Jamaica Avenue,Pennsylvania Avenue,Brooklyn,40.678174,-73.897469,7722419297/7722419300
Jamaica Avenue,Richmond Street,Brooklyn,40.687491,-73.877887,42475207
Jamaica Avenue,Ridgewood Avenue,Brooklyn,40.682209,-73.888924,10652489638
Jamaica Avenue,Schenck Avenue,Brooklyn,40.681373,-73.890655,42475134
Jamaica Avenue,Schenck Court,Brooklyn,40.681292,-73.890817,42475130
Jamaica Avenue,Sheffield Avenue,Brooklyn,40.677571,-73.898341,597773116
Jamaica Avenue,Shepherd Avenue,Brooklyn,40.684972,-73.883042,42475190
Jamaica Avenue,Van Siclen Avenue,Brooklyn,40.680569,-73.892328,42472384
Jamaica Avenue,Van Siclen Court,Brooklyn,40.680702,-73.892051,42475123
Jamaica Avenue,Vermont Street,Brooklyn,40.678971,-73.895698,42475116
Jamaica Avenue,Warwick Street,Brooklyn,40.682556,-73.888191,42475161
Jamaica Avenue,Wyona Street,Brooklyn,40.679365,-73.89485,42475118
Jamaica Bay Bike Path,Shore Parkway Greenway,Brooklyn,40.593554,-73.904834,466530312/466530316
Java Street,Manhattan Avenue,Brooklyn,40.731623,-73.954497,42501788
Java Street,McGuinness Boulevard,Brooklyn,40.731866,-73.951901,2987758873/2987758874
Java Street,Provost Street,Brooklyn,40.732103,-73.949462,42499729
Java Street,West Street,Brooklyn,40.731147,-73.959467,42501782
Jay Street,Jay Street Cycleway,Brooklyn,40.700639,-73.986778,4555926569
Jay Street,John Street,Brooklyn,40.704419,-73.986568,250451189
Jay Street,Myrtle Avenue,Brooklyn,40.693774,-73.987215,6993160948/5954600181
Jay Street,Nassau Street,Brooklyn,40.698508,-73.986972,6324352259
Jay Street,Plymouth Street,Brooklyn,40.703757,-73.986608,42472725
Jay Street,Prospect Street,Brooklyn,40.700643,-73.986867,4555926569/42471291/42497724
Jay Street,Sands Street,Brooklyn,40.700079,-73.986661,1371803820/494509169/370870741/3413665526/42497727
Jay Street,Smith Street,Brooklyn,40.691455,-73.987339,42464827
Jay Street,Tech Place,Brooklyn,40.694966,-73.987162,42481889
Jay Street,Tillary Street,Brooklyn,40.696132,-73.987103,42497737/7909208014
Jay Street,Water Street,Brooklyn,40.703106,-73.986647,42469358
Jay Street,Willoughby Street,Brooklyn,40.692232,-73.987296,4735727610
Jay Street,York Street,Brooklyn,40.701529,-73.986745,42497721
Jay Street Cycleway,Prospect Street,Brooklyn,40.700639,-73.986778,4555926569
Jefferson Avenue,Knickerbocker Avenue,Brooklyn,40.694259,-73.910357,42522087
Jefferson Avenue,Lewis Avenue,Brooklyn,40.684963,-73.935447,42466974
Jefferson Avenue,Malcolm X Boulevard,Brooklyn,40.685635,-73.929596,42499500
Jefferson Avenue,Marcus Garvey Boulevard,Brooklyn,40.684627,-73.938366,42516276
Jefferson Avenue,Marcy Avenue,Brooklyn,40.683646,-73.946873,42482378
Jefferson Avenue,Nostrand Avenue,Brooklyn,40.683269,-73.950155,42481589
Jefferson Avenue,Patchen Avenue,Brooklyn,40.685971,-73.926678,42485030
Jefferson Avenue,Ralph Avenue,Brooklyn,40.686345,-73.923396,42493909
Jefferson Avenue,Saratoga Avenue,Brooklyn,40.68696,-73.918011,42476402
Jefferson Avenue,Stuyvesant Avenue,Brooklyn,40.685298,-73.932524,42473278
Jefferson Avenue,Throop Avenue,Brooklyn,40.6843,-73.941206,42499201
Jefferson Avenue,Tompkins Avenue,Brooklyn,40.683973,-73.944036,42514385
Jefferson Avenue,Wilson Avenue,Brooklyn,40.692785,-73.911805,42496762
Jefferson Avenue,Wyckoff Avenue,Brooklyn,40.697477,-73.907431,42892225/597700354
Jefferson Street,Knickerbocker Avenue,Brooklyn,40.703667,-73.926891,42530350
Jefferson Street,Myrtle Avenue,Brooklyn,40.696985,-73.935293,42505482
Jefferson Street,Saint Nicholas Avenue,Brooklyn,40.70806,-73.922538,42530355
Jefferson Street,Scott Avenue,Brooklyn,40.708484,-73.922104,42474002
Jefferson Street,Stanwix Street,Brooklyn,40.698416,-73.933793,42500475
Jefferson Street,Wilson Avenue,Brooklyn,40.702192,-73.928339,42496649
Jefferson Street,Wyckoff Avenue,Brooklyn,40.707029,-73.923591,42512091
Jerome Avenue,Ocean Avenue,Brooklyn,40.588029,-73.94926,42512845
Jerome Avenue,Sheepshead Bay Road,Brooklyn,40.587147,-73.952707,9132534660
Jerome Street,Liberty Avenue,Brooklyn,40.675765,-73.887373,42504337
Jerome Street,Linden Boulevard,Brooklyn,40.662233,-73.882577,1942054929
Jerome Street,Livonia Avenue,Brooklyn,40.666134,-73.884908,42477846
Jerome Street,McClancy Place,Brooklyn,40.664561,-73.884309,42504325
Jerome Street,New Lots Avenue,Brooklyn,40.665451,-73.88484,42504321/42504369
Jerome Street,Pitkin Avenue,Brooklyn,40.673248,-73.886728,42504343
Jerome Street,Schroeders Avenue,Brooklyn,40.653433,-73.876369,6411331104
Jerome Street,Sutter Avenue,Brooklyn,40.670727,-73.886082,42504346
Jerome Street,Vandalia Avenue,Brooklyn,40.654544,-73.876723,452384277/452384206
Jerome Street,Wortman Avenue,Brooklyn,40.659011,-73.88019,42504375
Jewel Street,Meserole Avenue,Brooklyn,40.728758,-73.947666,42498667
Jewel Street,Nassau Avenue,Brooklyn,40.725425,-73.945768,42479299
Jewel Street,Norman Avenue,Brooklyn,40.727094,-73.946715,42498664
Jodie Court,Kings Highway,Brooklyn,40.641593,-73.925322,2317413056
John Berry Boulevard,Perry Avenue,Brooklyn,40.576338,-73.936588,42467380
John Berry Boulevard,Seawall Avenue,Brooklyn,40.575806,-73.931599,42467387
John Warren Avenue,Macarthur Road,Brooklyn,40.607349,-74.025357,42525443
John Warren Avenue,Pershing Loop,Brooklyn,40.60606,-74.023146,42485456
John Warren Avenue,Schum Avenue,Brooklyn,40.609888,-74.030537,42523221
John Warren Avenue,Sterling Drive,Brooklyn,40.610408,-74.031293,42523060
John Warren Avenue,Wainwright Drive,Brooklyn,40.607998,-74.026454,42489608
John Warren Avenue,White Avenue,Brooklyn,40.609413,-74.029869,42511817
Johnson Avenue,Knickerbocker Avenue,Brooklyn,40.707786,-73.932072,42496384
Johnson Avenue,Manhattan Avenue,Brooklyn,40.706441,-73.944802,42496352
Johnson Avenue,Morgan Avenue,Brooklyn,40.707746,-73.932314,42490315
Johnson Avenue,Porter Avenue,Brooklyn,40.708277,-73.929026,42496387
Johnson Avenue,Scott Avenue,Brooklyn,40.709333,-73.922483,42474010
Johnson Avenue,Stewart Avenue,Brooklyn,40.70881,-73.92577,42496394
Johnson Avenue,Union Avenue,Brooklyn,40.705914,-73.950289,42496426
Johnson Avenue,Varick Avenue,Brooklyn,40.708544,-73.927413,42496391
Johnson Avenue,White Street,Brooklyn,40.707291,-73.935898,42496372
Johnson Street,Prince Street,Brooklyn,40.69479,-73.982454,42464610
Johnson Street,Tech Place,Brooklyn,40.695068,-73.988788,9925763612
Joralemon Street,Sidney Place,Brooklyn,40.693009,-73.994195,42528916
Joralemon Street,Willow Place,Brooklyn,40.693603,-73.997608,42464551
Judge Street,Powers Street,Brooklyn,40.712876,-73.940131,42514879
Juliana Place,Morton Street,Brooklyn,40.706195,-73.965723,42469117
Junius Street,Liberty Avenue,Brooklyn,40.673301,-73.903913,42491365
Junius Street,Linden Boulevard,Brooklyn,40.657343,-73.900299,6813010380
Junius Street,Livonia Avenue,Brooklyn,40.663659,-73.901451,42477789
Junius Street,Lott Avenue,Brooklyn,40.659051,-73.900265,42491405
Junius Street,New Lots Avenue,Brooklyn,40.658689,-73.90019,42491408
Junius Street,Newport Street,Brooklyn,40.660587,-73.900661,42491398
Junius Street,Pitkin Avenue,Brooklyn,40.670793,-73.903269,42491372
Junius Street,Riverdale Avenue,Brooklyn,40.662125,-73.901053,42491396
Junius Street,Sutter Avenue,Brooklyn,40.668273,-73.902626,42491380
Just Court,Kay Court,Brooklyn,40.588773,-73.926506,42512898
Just Court,Landis Court,Brooklyn,40.588558,-73.926262,42503004
Just Court,Merit Court,Brooklyn,40.588336,-73.926016,42510317
Just Court,Opal Court,Brooklyn,40.586558,-73.924179,42507964
Just Court,Seba Avenue,Brooklyn,40.586814,-73.92446,42466557
K Avenue,Railroad Avenue,Brooklyn,40.704987,-73.970692,42466708
Kane Street,Strong Place,Brooklyn,40.686398,-73.997278,42513496
Kane Street,Tiffany Place,Brooklyn,40.687478,-74.000533,42514168
Kane Street,Tompkins Place,Brooklyn,40.685775,-73.995386,42488209
Kansas Place,National Drive,Brooklyn,40.605654,-73.903984,42489414
Keap Street,Kent Avenue,Brooklyn,40.701572,-73.963848,3552687147/42469414
Keap Street,Lee Avenue,Brooklyn,40.704768,-73.958884,42488343
Keap Street,Marcy Avenue,Brooklyn,40.706003,-73.956967,42482168
Keap Street,South 1st Street,Brooklyn,40.710896,-73.953478,42488303
Keap Street,South 2nd Street,Brooklyn,40.710264,-73.953856,42488298
Keap Street,South 3rd Street,Brooklyn,40.709522,-73.954326,42474153
Keap Street,South 4th Street,Brooklyn,40.708913,-73.954715,42488291
Keap Street,South 5th Street,Brooklyn,40.708266,-73.955119,42488286
Keap Street,Union Avenue,Brooklyn,40.713827,-73.951573,42488313
Keap Street,Williamsburg Street East,Brooklyn,40.704768,-73.958884,42488343
Keap Street,Williamsburg Street West,Brooklyn,40.704082,-73.959971,42488330
Keap Street,Wythe Avenue,Brooklyn,40.702514,-73.962386,42488355
Keen Court,Madoc Avenue,Brooklyn,40.587505,-73.925942,42469103
Keen Court,Noel Avenue,Brooklyn,40.58858,-73.924281,42469105
Kensington Street,Oriental Boulevard,Brooklyn,40.578118,-73.941665,42464389/1167645398
Kensington Street,Shore Boulevard,Brooklyn,40.580798,-73.942168,42486989
Kensington Walk,Riegelmann Boardwalk,Brooklyn,40.572824,-73.982845,2385856591
Kensington Walk,Surf Avenue,Brooklyn,40.575429,-73.98342,42503409
Kensington Walk,West 16th Street,Brooklyn,40.575429,-73.98342,42503409
Kent Avenue,Little Nassau Street,Brooklyn,40.69784,-73.960065,42468473
Kent Avenue,Metropolitan Avenue,Brooklyn,40.717508,-73.964714,42469489
Kent Avenue,Morton Street,Brooklyn,40.704965,-73.967594,42469440
Kent Avenue,Myrtle Avenue,Brooklyn,40.694215,-73.959311,42469374
Kent Avenue,North 10th Street,Brooklyn,40.721966,-73.959918,42469514
Kent Avenue,North 11th Street,Brooklyn,40.722522,-73.959326,42469520
Kent Avenue,North 12th Street,Brooklyn,40.723075,-73.958739,42469528
Kent Avenue,North 13th Street,Brooklyn,40.723632,-73.958139,42469531
Kent Avenue,North 14th Street,Brooklyn,40.72427,-73.957692,42469534
Kent Avenue,North 1st Street,Brooklyn,40.717011,-73.965237,42469485
Kent Avenue,North 3rd Street,Brooklyn,40.718058,-73.964112,42469492
Kent Avenue,North 4th Street,Brooklyn,40.718652,-73.96348,42469494
Kent Avenue,North 5th Street,Brooklyn,40.719202,-73.962894,42469496
Kent Avenue,North 6th Street,Brooklyn,40.719759,-73.96229,42469499
Kent Avenue,North 7th Street,Brooklyn,40.720317,-73.961698,42469503
Kent Avenue,North 8th Street,Brooklyn,40.720861,-73.961105,42469507
Kent Avenue,North 9th Street,Brooklyn,40.721417,-73.960518,42469511
Kent Avenue,Park Avenue,Brooklyn,40.696418,-73.959769,42469376
Kent Avenue,Rodney Street,Brooklyn,40.702106,-73.964463,42469421
Kent Avenue,Ross Street,Brooklyn,40.702652,-73.965142,42469425
Kent Avenue,Rutledge Street,Brooklyn,40.699485,-73.961032,42469391
Kent Avenue,South 10th Street,Brooklyn,40.708478,-73.968436,4456578359
Kent Avenue,South 11th Street,Brooklyn,40.707751,-73.968402,42469449
Kent Avenue,South 1st Street,Brooklyn,40.715523,-73.966396,42469475
Kent Avenue,South 2nd Street,Brooklyn,40.714726,-73.966755,11249142483
Kent Avenue,South 3rd Street,Brooklyn,40.713921,-73.96712,42469468
Kent Avenue,South 4th Street,Brooklyn,40.713294,-73.967393,42469464
Kent Avenue,South 5th Street,Brooklyn,40.712603,-73.967705,42469461
Kent Avenue,South 6th Street,Brooklyn,40.711917,-73.968017,42468731
Kent Avenue,South 8th Street,Brooklyn,40.71004,-73.968502,42469451
Kent Avenue,South 9th Street,Brooklyn,40.709219,-73.968469,4207774907
Kent Avenue,Taylor Street,Brooklyn,40.703741,-73.96649,42469435
Kent Avenue,Wallabout Street,Brooklyn,40.699181,-73.960471,42469389
Kent Avenue,Washington Avenue,Brooklyn,40.704218,-73.967209,7711046936/42469437
Kent Avenue,Williamsburg Street East,Brooklyn,40.69992,-73.961609,42469395
Kent Avenue,Williamsburg Street West,Brooklyn,40.700296,-73.962308,42469400/10142828160/1723603478
Kent Avenue,Willoughby Avenue,Brooklyn,40.692628,-73.958993,42469370
Kent Avenue,Wilson Street,Brooklyn,40.703148,-73.9659,9998897944/5861248523/42469430/9998897942
Kent Street,Manhattan Avenue,Brooklyn,40.730912,-73.954382,42493355
Kent Street,McGuinness Boulevard,Brooklyn,40.73116,-73.951781,2987758875/2987758876
Kent Street,Provost Street,Brooklyn,40.731395,-73.949348,42493365
Kent Street,West Street,Brooklyn,40.730439,-73.959349,42493348
Kermit Place,Ocean Parkway,Brooklyn,40.647988,-73.974699,42508686
Kimball Street,Quentin Road,Brooklyn,40.616508,-73.933917,42470882
King Street,Richards Street,Brooklyn,40.677358,-74.010181,8719252714
King Street,Van Brunt Street,Brooklyn,40.678393,-74.011681,42524119
Kings Highway,Kings Place,Brooklyn,40.604504,-73.974904,42526658
Kings Highway,Lake Street,Brooklyn,40.604293,-73.973061,42467525
Kings Highway,Lenox Road,Brooklyn,40.657864,-73.920816,2806744592/2806744590
Kings Highway,Linden Boulevard,Brooklyn,40.654437,-73.922053,1942054045/1942054189/1942054062/42473383
Kings Highway,McDonald Avenue,Brooklyn,40.604208,-73.972217,42502040
Kings Highway,New York Avenue,Brooklyn,40.618586,-73.942415,2317462491/42496635/2317462499
Kings Highway,Nostrand Avenue,Brooklyn,40.616046,-73.944827,2279612183/42481782/2279612182
Kings Highway,Ocean Avenue,Brooklyn,40.610659,-73.953544,42512807
Kings Highway,Ocean Parkway,Brooklyn,40.605667,-73.966966,42508832/2295009540/2282435078
Kings Highway,Ocean Parkway Bike Path,Brooklyn,40.605606,-73.967144,454381310
Kings Highway,Overbaugh Place,Brooklyn,40.62351,-73.935799,2317435459
Kings Highway,Remsen Avenue,Brooklyn,40.654631,-73.922012,1942054187/42468587/1942054145
Kings Highway,Rockaway Parkway,Brooklyn,40.660782,-73.919754,2806745701/42512583/9898494216/9898516620/9898516621/2806744600
Kings Highway,Ryder Street,Brooklyn,40.622092,-73.937512,2063064664/42508148/5113694935
Kings Highway,Schenectady Avenue,Brooklyn,40.631431,-73.93114,42516456/2317435537/2317435536
Kings Highway,Snyder Avenue,Brooklyn,40.650527,-73.923587,42502868/2800223414/42502863
Kings Highway,Stillwell Avenue,Brooklyn,40.606032,-73.987025,42503026
Kings Highway,Tapscott Street,Brooklyn,40.662101,-73.919582,2806745709/42460694
Kings Highway,Tilden Avenue,Brooklyn,40.648545,-73.924256,2317413073/2317413074/42467702
Kings Highway,Utica Avenue,Brooklyn,40.634129,-73.928503,42521001/2317435546/2317435548
Kings Highway,Van Sicklen Street,Brooklyn,40.604399,-73.973982,42525229
Kings Highway,West 10th Street,Brooklyn,40.605508,-73.983077,42470939
Kings Highway,West 11th Street,Brooklyn,40.605601,-73.984041,42468821
Kings Highway,West 12th Street,Brooklyn,40.605738,-73.985011,42525366
Kings Highway,West 13th Street,Brooklyn,40.605888,-73.985984,42501472
Kings Highway,West 1st Street,Brooklyn,40.604425,-73.974215,42530526
Kings Highway,West 2nd Street,Brooklyn,40.604535,-73.975183,42466902
Kings Highway,West 3rd Street,Brooklyn,40.604647,-73.976145,42519385
Kings Highway,West 4th Street,Brooklyn,40.604783,-73.977116,42501354
Kings Highway,West 5th Street,Brooklyn,40.604933,-73.978093,42509107
Kings Highway,West 6th Street,Brooklyn,40.605083,-73.979138,42482593
Kings Highway,West 7th Street,Brooklyn,40.605184,-73.980171,3509309096
Kings Highway,West 8th Street,Brooklyn,40.605288,-73.981144,42514633
Kings Highway,West 9th Street,Brooklyn,40.60539,-73.982104,42488369
Kings Highway,Whitty Lane,Brooklyn,40.64037,-73.925551,2317413051
Kingsborough 1st Walk,Pacific Street,Brooklyn,40.676417,-73.92711,42531915
Kingsborough 2nd Walk,Pacific Street,Brooklyn,40.676363,-73.926143,42472203
Kingsborough 3rd Walk,Pacific Street,Brooklyn,40.676314,-73.925246,42501344
Kingsborough 4th Walk,Pacific Street,Brooklyn,40.676293,-73.924831,42469114
Kingsland Avenue,Lombardy Street,Brooklyn,40.721606,-73.940989,42495884
Kingsland Avenue,Maspeth Avenue,Brooklyn,40.715813,-73.94002,7725510883
Kingsland Avenue,Meeker Avenue,Brooklyn,40.722158,-73.94107,42476536/9649686763/42476656/9937834480
Kingsland Avenue,Nassau Avenue,Brooklyn,40.725882,-73.941687,42479388
Kingsland Avenue,Norman Avenue,Brooklyn,40.72775,-73.941992,42495899
Kingsland Avenue,North Henry Street,Brooklyn,40.734795,-73.945117,42523815
Kingsland Avenue,Richardson Street,Brooklyn,40.719324,-73.940605,42495865/42495860
Kingsland Avenue,Skillman Avenue,Brooklyn,40.716369,-73.940113,7725510882
Kingsland Avenue,Withers Street,Brooklyn,40.717788,-73.940348,42495847
Kingsland Avenue,Woodpoint Road,Brooklyn,40.718681,-73.940495,7722378705
Kingston Avenue,Lefferts Avenue,Brooklyn,40.662849,-73.942822,42467480
Kingston Avenue,Lincoln Place,Brooklyn,40.670342,-73.942106,42467463
Kingston Avenue,Maple Street,Brooklyn,40.66132,-73.942688,42467484
Kingston Avenue,Midwood Street,Brooklyn,40.66061,-73.942611,42467104
Kingston Avenue,Montgomery Street,Brooklyn,40.664947,-73.942613,42467476
Kingston Avenue,Pacific Street,Brooklyn,40.6772,-73.941463,42467435
Kingston Avenue,Park Place,Brooklyn,40.672968,-73.94186,42467454
Kingston Avenue,President Street,Brooklyn,40.667622,-73.942361,42467470
Kingston Avenue,Prospect Place,Brooklyn,40.673859,-73.941775,42467452
Kingston Avenue,Rutland Road,Brooklyn,40.659896,-73.942544,42467487
Kingston Avenue,Saint Johns Place,Brooklyn,40.671185,-73.94203,42467460
Kingston Avenue,Saint Marks Avenue,Brooklyn,40.674748,-73.941694,42467448
Kingston Avenue,Sterling Place,Brooklyn,40.672078,-73.941945,42467456
Kingston Avenue,Union Street,Brooklyn,40.668461,-73.942285,42467469
Kingston Avenue,Winthrop Street,Brooklyn,40.657607,-73.942313,42467490
Kingsway Place,Ralph Avenue,Brooklyn,40.64141,-73.919589,42493962
Knapp Street,Shore Parkway,Brooklyn,40.585756,-73.931329,5391550840/42480769/42480267/5391550845
Knapp Street,Voorhies Avenue,Brooklyn,40.588148,-73.931788,5391550837
Knapp Street,Whitney Avenue,Brooklyn,40.597141,-73.933483,42515234
Knickerbocker Avenue,Linden Street,Brooklyn,40.697253,-73.915616,42536220
Knickerbocker Avenue,Madison Street,Brooklyn,40.695541,-73.912608,42486696
Knickerbocker Avenue,Melrose Street,Brooklyn,40.704092,-73.927644,42525548
Knickerbocker Avenue,Menahan Street,Brooklyn,40.69811,-73.917118,5435873481
Knickerbocker Avenue,Moffat Street,Brooklyn,40.690409,-73.903597,42488752
Knickerbocker Avenue,Morgan Avenue,Brooklyn,40.708238,-73.932523,42490318
Knickerbocker Avenue,Myrtle Avenue,Brooklyn,40.698817,-73.918286,42517094
Knickerbocker Avenue,Palmetto Street,Brooklyn,40.696398,-73.914114,42498811
Knickerbocker Avenue,Putnam Avenue,Brooklyn,40.695115,-73.91186,42489094
Knickerbocker Avenue,Schaefer Street,Brooklyn,40.691692,-73.905846,42520200
Knickerbocker Avenue,Stanhope Street,Brooklyn,40.700247,-73.92088,42536212
Knickerbocker Avenue,Starr Street,Brooklyn,40.702813,-73.925393,42516312
Knickerbocker Avenue,Stockholm Street,Brooklyn,40.700675,-73.921631,42536210
Knickerbocker Avenue,Suydam Street,Brooklyn,40.70196,-73.923879,42506544
Knickerbocker Avenue,Thames Street,Brooklyn,40.70525,-73.929682,42520109
Knickerbocker Avenue,Troutman Street,Brooklyn,40.703239,-73.92614,42528515
Knickerbocker Avenue,Weirfield Street,Brooklyn,40.693405,-73.908853,42490688
Knickerbocker Avenue,Willoughby Avenue,Brooklyn,40.702388,-73.924636,42492398
Knickerbocker Avenue,Woodbine Street,Brooklyn,40.69597,-73.913361,42499296
Kosciuszko Street,Lewis Avenue,Brooklyn,40.692288,-73.936907,42466957
Kosciuszko Street,Malcolm X Boulevard,Brooklyn,40.692961,-73.931053,42499473
Kosciuszko Street,Marcus Garvey Boulevard,Brooklyn,40.69195,-73.939828,42516255
Kosciuszko Street,Marcy Avenue,Brooklyn,40.690974,-73.948331,42482246
Kosciuszko Street,Nostrand Avenue,Brooklyn,40.690597,-73.951612,42481555
Kosciuszko Street,Spencer Court,Brooklyn,40.690289,-73.954326,42531892
Kosciuszko Street,Stuyvesant Avenue,Brooklyn,40.692624,-73.933982,42473229
Kosciuszko Street,Throop Avenue,Brooklyn,40.691625,-73.942654,42499174
Kosciuszko Street,Tompkins Avenue,Brooklyn,40.6913,-73.945496,42514364
Kossuth Place,Lafayette Avenue,Brooklyn,40.692569,-73.927993,42485004
Kossuth Place,Patchen Avenue,Brooklyn,40.692569,-73.927993,42485004
Krier Place,Remsen Avenue,Brooklyn,40.645405,-73.911728,42468637
Lafayette Avenue,Lewis Avenue,Brooklyn,40.691556,-73.936761,42466959
Lafayette Avenue,Malcolm X Boulevard,Brooklyn,40.692228,-73.930907,42499477
Lafayette Avenue,Marcus Garvey Boulevard,Brooklyn,40.691219,-73.939683,42516258
Lafayette Avenue,Marcy Avenue,Brooklyn,40.690242,-73.948185,42482253
Lafayette Avenue,Nostrand Avenue,Brooklyn,40.689864,-73.951464,42481558
Lafayette Avenue,Patchen Avenue,Brooklyn,40.692569,-73.927993,42485004
Lafayette Avenue,Rockwell Place,Brooklyn,40.686725,-73.979059,42469250
Lafayette Avenue,Saint Felix Street,Brooklyn,40.686919,-73.977361,42471617
Lafayette Avenue,Saint James Place,Brooklyn,40.688326,-73.96481,42479649
Lafayette Avenue,Schermerhorn Street,Brooklyn,40.686641,-73.979812,42466306
Lafayette Avenue,Skillman Street,Brooklyn,40.689339,-73.956065,42492122
Lafayette Avenue,South Elliott Place,Brooklyn,40.687087,-73.975577,42523737
Lafayette Avenue,South Oxford Street,Brooklyn,40.687303,-73.973648,42504234
Lafayette Avenue,South Portland Avenue,Brooklyn,40.687191,-73.974616,42523739
Lafayette Avenue,Stuyvesant Avenue,Brooklyn,40.691893,-73.933836,42473232
Lafayette Avenue,Throop Avenue,Brooklyn,40.690893,-73.942509,42499177
Lafayette Avenue,Tompkins Avenue,Brooklyn,40.690567,-73.945349,42514366
Lafayette Avenue,Vanderbilt Avenue,Brooklyn,40.687868,-73.968785,42469621
Lafayette Avenue,Washington Avenue,Brooklyn,40.688209,-73.965822,42478396
Lafayette Avenue,Waverly Avenue,Brooklyn,40.688088,-73.966821,42487074
Lake Avenue,Landscape Avenue,Brooklyn,40.655879,-73.99568,756246872
Lake Avenue,Magnolia Avenue,Brooklyn,40.656057,-73.996268,756246803
Lake Avenue,Oak Avenue,Brooklyn,40.651986,-73.998314,756246893
Lake Avenue,Sylvan Avenue,Brooklyn,40.654306,-73.9981,757468187
Lake Avenue,Walnut Avenue,Brooklyn,40.655922,-73.997941,756246844
Lake Place,Van Sicklen Street,Brooklyn,40.595102,-73.975273,42505962
Lake Place,West 10th Street,Brooklyn,40.595064,-73.981087,42495138
Lake Place,West 11th Street,Brooklyn,40.595044,-73.982029,42468845
Lake Place,West 5th Street,Brooklyn,40.595096,-73.97622,42505957
Lake Place,West 6th Street,Brooklyn,40.595091,-73.97724,42482604
Lake Place,West 7th Street,Brooklyn,40.595085,-73.978245,42505952
Lake Place,West 8th Street,Brooklyn,40.595067,-73.979197,11504345540
Lake Place,West 9th Street,Brooklyn,40.595074,-73.980148,42488385
Lake Road,West Dolorosa,Brooklyn,40.691064,-73.876807,3638322688/775973996
Lake Street,Village Road North,Brooklyn,40.596608,-73.974123,42467533
Lake Street,Village Road South,Brooklyn,40.594017,-73.974652,42467536
Lama Court,Van Sicklen Street,Brooklyn,40.596016,-73.975146,42524423
Lama Court,West 5th Street,Brooklyn,40.596121,-73.976412,42509117
Lamont Court,Lefferts Avenue,Brooklyn,40.66277,-73.944209,42472170
Lancaster Avenue,Ocean Parkway,Brooklyn,40.592618,-73.964508,2282434947
Landscape Avenue,Lawn Avenue,Brooklyn,40.654793,-73.996224,757469026
Landscape Avenue,Oak Avenue,Brooklyn,40.653251,-73.995863,756247085
Landscape Avenue,Sylvan Avenue,Brooklyn,40.653404,-73.996742,757468218
Landscape Avenue,Tulip Avenue,Brooklyn,40.650622,-73.995795,757489305
Landscape Avenue,Vista Avenue,Brooklyn,40.653095,-73.995233,757468025
Landscape Avenue,Walnut Avenue,Brooklyn,40.655437,-73.995967,757469040
Landscape Avenue,Willow Avenue,Brooklyn,40.656559,-73.995357,756247034/756247172
Langham Street,Oriental Boulevard,Brooklyn,40.578218,-73.940754,42464392/1167630661
Langham Street,Shore Boulevard,Brooklyn,40.580813,-73.941236,42486996
Laurel Avenue,Manhattan Avenue,Brooklyn,40.577592,-74.009576,42518870
Laurel Avenue,Sea Gate Avenue,Brooklyn,40.578005,-74.005829,42467968
Lawn Avenue,Vista Avenue,Brooklyn,40.653368,-73.994225,757468045
Lawrence Avenue,McDonald Avenue,Brooklyn,40.629089,-73.97685,42501964
Lawrence Avenue,Newkirk Avenue,Brooklyn,40.631371,-73.972116,42485779
Lawrence Avenue,Ocean Parkway,Brooklyn,40.631371,-73.972116,42485779
Lawrence Avenue,Seton Place,Brooklyn,40.629979,-73.974997,42514420
Lawrence Street,MetroTech Walk,Brooklyn,40.694405,-73.986158,1849248786
Lawrence Street,Myrtle Avenue,Brooklyn,40.693737,-73.986195,4978194634/8098433844
Lawrence Street,Tech Place,Brooklyn,40.694924,-73.986128,42481892
Lawrence Street,Willoughby Street,Brooklyn,40.692204,-73.986273,42494919
Lawton Street,Pulaski Street,Brooklyn,40.694675,-73.931144,42470002
Lee Avenue,Lorimer Street,Brooklyn,40.700206,-73.953893,42492065
Lee Avenue,Lynch Street,Brooklyn,40.701382,-73.955091,42522394
Lee Avenue,Middleton Street,Brooklyn,40.700816,-73.95446,42519630
Lee Avenue,Nostrand Avenue,Brooklyn,40.699405,-73.95337,42481529
Lee Avenue,Penn Street,Brooklyn,40.703075,-73.956985,42482039
Lee Avenue,Rodney Street,Brooklyn,40.705332,-73.959509,42520740
Lee Avenue,Roebling Street,Brooklyn,40.707007,-73.961371,42514854
Lee Avenue,Ross Street,Brooklyn,40.705898,-73.960138,42506832
Lee Avenue,Rutledge Street,Brooklyn,40.70251,-73.956353,42523048
Lee Avenue,Taylor Street,Brooklyn,40.707007,-73.961371,42514854
Lee Avenue,Wallabout Street,Brooklyn,40.700152,-73.953858,5368768968/42492065
Lee Avenue,Williamsburg Street East,Brooklyn,40.704768,-73.958884,42488343
Lee Avenue,Williamsburg Street West,Brooklyn,40.705181,-73.959338,42508123
Lee Avenue,Wilson Street,Brooklyn,40.706464,-73.960767,42475764
Lefferts Avenue,New York Avenue,Brooklyn,40.662533,-73.947915,42472158
Lefferts Avenue,Nostrand Avenue,Brooklyn,40.662354,-73.95081,42472153
Lefferts Avenue,Rogers Avenue,Brooklyn,40.662174,-73.9537,42472144
Lefferts Avenue,Schenectady Avenue,Brooklyn,40.663376,-73.934538,42472185
Lefferts Avenue,Troy Avenue,Brooklyn,40.663178,-73.937319,42472180
Lefferts Avenue,Washington Avenue,Brooklyn,40.661734,-73.960773,42472138
Lefferts Place,Saint James Place,Brooklyn,40.681869,-73.963474,42479663
Legion Street,Livonia Avenue,Brooklyn,40.661432,-73.916434,42477753
Legion Street,Pitkin Avenue,Brooklyn,40.66857,-73.918261,42511503
Legion Street,Riverdale Avenue,Brooklyn,40.659897,-73.916039,42496203
Legion Street,Sutter Avenue,Brooklyn,40.666046,-73.917614,42515036
Lenox Road,New York Avenue,Brooklyn,40.654339,-73.947032,42467302
Lenox Road,Nostrand Avenue,Brooklyn,40.65415,-73.94993,42467300
Lenox Road,Remsen Avenue,Brooklyn,40.655962,-73.923495,42467272/42467360
Lenox Road,Rockaway Parkway,Brooklyn,40.659484,-73.918294,42467262
Lenox Road,Rogers Avenue,Brooklyn,40.653978,-73.952824,42467298
Lenox Road,Schenectady Avenue,Brooklyn,40.655156,-73.933676,42467330
Lenox Road,Troy Avenue,Brooklyn,40.654985,-73.936551,42467324
Lenox Road,Utica Avenue,Brooklyn,40.655344,-73.930776,42467334
Leonard Street,Manhattan Avenue,Brooklyn,40.721292,-73.948875,42466376
Leonard Street,Maujer Street,Brooklyn,40.710588,-73.947104,42491169
Leonard Street,Meeker Avenue,Brooklyn,40.717606,-73.948289,42476625/42476514/8702221554
Leonard Street,Meserole Avenue,Brooklyn,40.727392,-73.951827,42491228
Leonard Street,Meserole Street,Brooklyn,40.707754,-73.946656,42491152
Leonard Street,Metropolitan Avenue,Brooklyn,40.714216,-73.947719,42484205
Leonard Street,Montrose Avenue,Brooklyn,40.707011,-73.946523,42491149
Leonard Street,Moore Street,Brooklyn,40.703422,-73.945909,42491139
Leonard Street,Nassau Avenue,Brooklyn,40.724056,-73.949924,42479283
Leonard Street,Norman Avenue,Brooklyn,40.725721,-73.950875,42491226
Leonard Street,Powers Street,Brooklyn,40.712061,-73.947366,42491177
Leonard Street,Richardson Street,Brooklyn,40.718455,-73.948416,42491217
Leonard Street,Scholes Street,Brooklyn,40.708466,-73.946756,42491159
Leonard Street,Skillman Avenue,Brooklyn,40.715617,-73.947954,42491195
Leonard Street,Stagg Street,Brooklyn,40.709178,-73.946853,42491164
Leonard Street,Ten Eyck Street,Brooklyn,40.709894,-73.946973,42489757
Leonard Street,Withers Street,Brooklyn,40.717034,-73.948185,42491205
Lester Court,Madoc Avenue,Brooklyn,40.587273,-73.925684,42518629
Lester Court,Noel Avenue,Brooklyn,40.588347,-73.924023,42476456
Lewis Avenue,Lexington Avenue,Brooklyn,40.689354,-73.936322,42466965
Lewis Avenue,Locust Street,Brooklyn,40.698612,-73.938135,42466921
Lewis Avenue,MacDonough Street,Brooklyn,40.682029,-73.934863,42466980
Lewis Avenue,Macon Street,Brooklyn,40.682762,-73.935009,42466978
Lewis Avenue,Madison Street,Brooklyn,40.686428,-73.935739,42466971
Lewis Avenue,Monroe Street,Brooklyn,40.687158,-73.935885,42466970
Lewis Avenue,Myrtle Avenue,Brooklyn,40.69669,-73.937793,42466929
Lewis Avenue,Pulaski Street,Brooklyn,40.693752,-73.937198,42466947
Lewis Avenue,Putnam Avenue,Brooklyn,40.685693,-73.935593,42466972
Lewis Avenue,Quincy Street,Brooklyn,40.688625,-73.936177,42466966
Lewis Avenue,Stockton Street,Brooklyn,40.697423,-73.937956,42466926
Lewis Avenue,Troy Avenue,Brooklyn,40.679593,-73.934872,42465008
Lewis Avenue,Van Buren Street,Brooklyn,40.690822,-73.936615,42466960
Lewis Avenue,Vernon Avenue,Brooklyn,40.69595,-73.937636,42466932
Lewis Avenue,Willoughby Avenue,Brooklyn,40.695218,-73.93749,42466939
Lewis Place,Stratford Road,Brooklyn,40.643175,-73.968584,42475836
Lexington Avenue,Malcolm X Boulevard,Brooklyn,40.690031,-73.93047,42499487
Lexington Avenue,Marcus Garvey Boulevard,Brooklyn,40.689023,-73.939244,42516263
Lexington Avenue,Marcy Avenue,Brooklyn,40.688044,-73.947748,42482263
Lexington Avenue,Nostrand Avenue,Brooklyn,40.687667,-73.951028,42481569
Lexington Avenue,Patchen Avenue,Brooklyn,40.690368,-73.927556,42485012
Lexington Avenue,Stuyvesant Avenue,Brooklyn,40.6897,-73.933397,42473252
Lexington Avenue,Throop Avenue,Brooklyn,40.688697,-73.942075,42499187
Lexington Avenue,Tompkins Avenue,Brooklyn,40.68837,-73.944911,42514373
Liberty Avenue,Lincoln Avenue,Brooklyn,40.678571,-73.86798,42529264
Liberty Avenue,Linwood Street,Brooklyn,40.67637,-73.883226,42470218
Liberty Avenue,Logan Street,Brooklyn,40.677296,-73.876816,42518909
Liberty Avenue,Milford Street,Brooklyn,40.677165,-73.877739,42530139
Liberty Avenue,Miller Avenue,Brooklyn,40.675089,-73.891859,42467155
Liberty Avenue,Montauk Avenue,Brooklyn,40.677033,-73.878662,42468495
Liberty Avenue,Mother Gaston Boulevard,Brooklyn,40.672745,-73.907655,42471652
Liberty Avenue,New Jersey Avenue,Brooklyn,40.674551,-73.895499,42495779
Liberty Avenue,Pennsylvania Avenue,Brooklyn,40.674397,-73.896509,42495624
Liberty Avenue,Powell Street,Brooklyn,40.673165,-73.904834,42503966
Liberty Avenue,Sackman Street,Brooklyn,40.673027,-73.905756,42515419
Liberty Avenue,Schenck Avenue,Brooklyn,40.675496,-73.889151,42524667
Liberty Avenue,Sheffield Avenue,Brooklyn,40.674255,-73.897485,42511287
Liberty Avenue,Shepherd Avenue,Brooklyn,40.676634,-73.881427,42517221
Liberty Avenue,Sheridan Avenue,Brooklyn,40.678702,-73.867078,42482724/42482734
Liberty Avenue,Snediker Avenue,Brooklyn,40.673573,-73.902077,42469263
Liberty Avenue,South Conduit Boulevard,Brooklyn,40.677903,-73.872657,598629626
Liberty Avenue,Van Siclen Avenue,Brooklyn,40.675224,-73.890959,42472371
Liberty Avenue,Van Sinderen Avenue,Brooklyn,40.673442,-73.902948,42520637
Liberty Avenue,Vermont Street,Brooklyn,40.674684,-73.894594,42511388
Liberty Avenue,Warwick Street,Brooklyn,40.675896,-73.886484,42485154
Liberty Avenue,Williams Avenue,Brooklyn,40.673849,-73.900228,42500257
Liberty Avenue,Wyona Street,Brooklyn,40.674822,-73.89367,42478536
Liberty Way,Macarthur Road,Brooklyn,40.607075,-74.025457,1257470443
Liberty Way,Marshall Drive,Brooklyn,40.60593,-74.026112,2316127145
Lincoln Avenue,Linden Boulevard,Brooklyn,40.669224,-73.865579,1942055324
Lincoln Avenue,McKinley Avenue,Brooklyn,40.680312,-73.868433,42505770
Lincoln Avenue,O'Brien Place,Brooklyn,40.686503,-73.869997,42499886
Lincoln Avenue,Pitkin Avenue,Brooklyn,40.676071,-73.867308,2303669065
Lincoln Avenue,Ridgewood Avenue,Brooklyn,40.686117,-73.869905,42478967
Lincoln Avenue,Stanley Avenue,Brooklyn,40.665869,-73.864764,42529271
Lincoln Avenue,Sutter Avenue,Brooklyn,40.673553,-73.866673,42515153
Lincoln Avenue,Wortman Avenue,Brooklyn,40.664339,-73.864388,42523632
Lincoln Place,New York Avenue,Brooklyn,40.670631,-73.947644,42496521/42496518
Lincoln Place,Nostrand Avenue,Brooklyn,40.670748,-73.950418,42481641
Lincoln Place,Plaza Street West,Brooklyn,40.674502,-73.971429,42518543
Lincoln Place,Ralph Avenue,Brooklyn,40.669276,-73.922544,42494062
Lincoln Place,Rochester Avenue,Brooklyn,40.669588,-73.928261,42518593
Lincoln Place,Rogers Avenue,Brooklyn,40.670898,-73.953187,42518571
Lincoln Place,Saint Charles Place,Brooklyn,40.67118,-73.955937,42469690
Lincoln Place,Saint Francis Place,Brooklyn,40.671356,-73.95679,42498598
Lincoln Place,Schenectady Avenue,Brooklyn,40.669891,-73.933798,42516389
Lincoln Place,Troy Avenue,Brooklyn,40.670041,-73.936569,42493251
Lincoln Place,Underhill Avenue,Brooklyn,40.673694,-73.967191,42518604
Lincoln Place,Utica Avenue,Brooklyn,40.669738,-73.931033,42518588
Lincoln Place,Washington Avenue,Brooklyn,40.672686,-73.962771,42478458/42478460
Lincoln Road,New York Avenue,Brooklyn,40.661746,-73.947832,42490221
Lincoln Road,Nostrand Avenue,Brooklyn,40.661569,-73.950724,42481669
Lincoln Road,Ocean Avenue,Brooklyn,40.660504,-73.962814,42472893
Lincoln Road,Rogers Avenue,Brooklyn,40.661388,-73.953615,42490216
Lincoln Road,Washington Avenue,Brooklyn,40.660939,-73.960662,42478481
Linden Boulevard,Linwood Street,Brooklyn,40.663845,-73.878399,1942054971/1942054979
Linden Boulevard,Logan Street,Brooklyn,40.666293,-73.87267,1942055134/1942055111
Linden Boulevard,Loring Avenue,Brooklyn,40.66658,-73.871723,1942055151
Linden Boulevard,Louisiana Avenue,Brooklyn,40.657725,-73.895388,1942054707/1942054780
Linden Boulevard,Malta Street,Brooklyn,40.657553,-73.894188,1942054768/1942054730/1942054626/1942054694
Linden Boulevard,Milford Street,Brooklyn,40.665946,-73.873489,1942055107/1942055094
Linden Boulevard,Miller Avenue,Brooklyn,40.660474,-73.886659,1942054891
Linden Boulevard,Montauk Avenue,Brooklyn,40.665601,-73.87431,1942055081/1942055085
Linden Boulevard,Mother Gaston Boulevard,Brooklyn,40.655309,-73.90317,1942054329/42510551/1942054285/1942054249
Linden Boulevard,New Jersey Avenue,Brooklyn,40.658921,-73.88982,1942054818/1942054819
Linden Boulevard,New York Avenue,Brooklyn,40.652796,-73.946873,42496563
Linden Boulevard,Nostrand Avenue,Brooklyn,40.652642,-73.949769,42481699
Linden Boulevard,Osborn Street,Brooklyn,40.655173,-73.905098,1942054253
Linden Boulevard,Pennsylvania Avenue,Brooklyn,40.658578,-73.89062,1942054809/1942054811/1942054812/1942054813
Linden Boulevard,Pine Street,Brooklyn,40.668511,-73.869247,1942055278/1942055215
Linden Boulevard,Remsen Avenue,Brooklyn,40.654356,-73.921711,42468603
Linden Boulevard,Rockaway Avenue,Brooklyn,40.654733,-73.906916,1942054168/1942054210/1942054213/1942054175
Linden Boulevard,Rockaway Parkway,Brooklyn,40.654126,-73.912349,1942053856/1942053881/1942053964/1942054020
Linden Boulevard,Rogers Avenue,Brooklyn,40.65249,-73.952664,42510355
Linden Boulevard,Ruby Street,Brooklyn,40.670025,-73.860084,1942055362
Linden Boulevard,Schenck Avenue,Brooklyn,40.661385,-73.8841,1942054914/1942054908/1942054909/1942054903
Linden Boulevard,Schenectady Avenue,Brooklyn,40.653626,-73.93351,42510401
Linden Boulevard,Sheffield Avenue,Brooklyn,40.658217,-73.891453,1942054803/1942054806
Linden Boulevard,Shepherd Avenue,Brooklyn,40.664548,-73.876762,1942055038/1942055015
Linden Boulevard,Snediker Avenue,Brooklyn,40.657534,-73.897966,1942054673/1942054754/1942054724/1942054628
Linden Boulevard,Thomas S. Boyland Street,Brooklyn,40.654317,-73.909727,1942053920/1942054139/1942054078/1942053999
Linden Boulevard,Troy Avenue,Brooklyn,40.653445,-73.936386,42493154
Linden Boulevard,Utica Avenue,Brooklyn,40.653805,-73.930604,42510419
Linden Boulevard,Van Siclen Avenue,Brooklyn,40.660659,-73.885789,1942054896/1942054897/1942054898/1942054899
Linden Boulevard,Van Sinderen Avenue,Brooklyn,40.657359,-73.898966,1942054668/1942054706/2995821108/2543148284/1942054623
Linden Boulevard,Vermont Street,Brooklyn,40.659275,-73.888994,1942054833/1942054835/1942054829/1942054839
Linden Boulevard,Warwick Street,Brooklyn,40.662574,-73.881777,1942054934
Linden Boulevard,Watkins Street,Brooklyn,40.655308,-73.904183,1942054266
Linden Boulevard,Williams Avenue,Brooklyn,40.657802,-73.896122,1942054790/1942054775/1942054750/1942054767
Linden Boulevard,Willmohr Street,Brooklyn,40.654581,-73.921512,598401081
Linden Boulevard,Wyona Street,Brooklyn,40.659771,-73.888296,1942054849
Linden Street,Myrtle Avenue,Brooklyn,40.699304,-73.913602,42517106
Linden Street,Saint Nicholas Avenue,Brooklyn,40.701491,-73.911422,597700290
Linden Street,Wilson Avenue,Brooklyn,40.695782,-73.917071,42496701
Linden Street,Wyckoff Avenue,Brooklyn,40.700358,-73.912569,42512126
Linwood Street,New Lots Avenue,Brooklyn,40.667173,-73.88085,42470244
Linwood Street,Pitkin Avenue,Brooklyn,40.673862,-73.882585,42470224
Linwood Street,Ridgewood Avenue,Brooklyn,40.682861,-73.884462,42470278
Linwood Street,Stanley Avenue,Brooklyn,40.662241,-73.877203,42470260
Linwood Street,Sutter Avenue,Brooklyn,40.671341,-73.881939,42470230
Linwood Street,Wortman Avenue,Brooklyn,40.660757,-73.876101,42470263
Little Nassau Street,Taaffe Place,Brooklyn,40.697737,-73.960925,42468472
Little Street,Plymouth Street,Brooklyn,40.703549,-73.979987,42472736
Livingston Street,Nevins Street,Brooklyn,40.687937,-73.981399,42523691
Livingston Street,Smith Street,Brooklyn,40.690467,-73.987877,42492210
Livonia Avenue,Miller Avenue,Brooklyn,40.665453,-73.889381,42467168
Livonia Avenue,Mother Gaston Boulevard,Brooklyn,40.663107,-73.905174,42477773
Livonia Avenue,New Jersey Avenue,Brooklyn,40.664902,-73.893051,42477825
Livonia Avenue,New Lots Avenue,Brooklyn,40.666469,-73.882507,42477854
Livonia Avenue,Pennsylvania Avenue,Brooklyn,40.664752,-73.894042,42477821
Livonia Avenue,Powell Street,Brooklyn,40.663517,-73.902376,42477783
Livonia Avenue,Rockaway Avenue,Brooklyn,40.662554,-73.90892,42477768
Livonia Avenue,Sackman Street,Brooklyn,40.663384,-73.903284,42477780
Livonia Avenue,Saratoga Avenue,Brooklyn,40.661574,-73.915477,42476300
Livonia Avenue,Schenck Avenue,Brooklyn,40.665851,-73.886688,42477839
Livonia Avenue,Sheffield Avenue,Brooklyn,40.6646,-73.895016,42477817
Livonia Avenue,Snediker Avenue,Brooklyn,40.663926,-73.899605,42469284
Livonia Avenue,Strauss Street,Brooklyn,40.661722,-73.914526,42477756
Livonia Avenue,Thomas S. Boyland Street,Brooklyn,40.662135,-73.911727,42477761
Livonia Avenue,Van Siclen Avenue,Brooklyn,40.665592,-73.888498,42472346
Livonia Avenue,Van Sinderen Avenue,Brooklyn,40.663804,-73.900432,42477797
Livonia Avenue,Vermont Street,Brooklyn,40.665034,-73.892132,42477828
Livonia Avenue,Warwick Street,Brooklyn,40.66626,-73.884017,42477850
Livonia Avenue,Watkins Street,Brooklyn,40.662967,-73.906138,42477771
Livonia Avenue,Williams Avenue,Brooklyn,40.664201,-73.897758,42477807
Livonia Avenue,Wyona Street,Brooklyn,40.665176,-73.891214,42477831
Lloyd Court,Van Sicklen Street,Brooklyn,40.602615,-73.974225,42525232
Lloyd Court,West 3rd Street,Brooklyn,40.602763,-73.975776,42519389
Logan Street,New Lots Avenue,Brooklyn,40.6697,-73.874931,42515574
Logan Street,Pitkin Avenue,Brooklyn,40.674797,-73.87619,42511617
Logan Street,Ridgewood Avenue,Brooklyn,40.684009,-73.878362,42478944
Logan Street,Stanley Avenue,Brooklyn,40.6647,-73.871486,42518936
Logan Street,Sutter Avenue,Brooklyn,40.672263,-73.875566,42515133
Logan Street,Wortman Avenue,Brooklyn,40.66321,-73.870376,42518942
Lois Avenue,Noel Avenue,Brooklyn,40.586516,-73.921985,42476446
Lombardy Street,Morgan Avenue,Brooklyn,40.722182,-73.938734,42490476
Lombardy Street,Porter Avenue,Brooklyn,40.723,-73.93559,42522377
Lombardy Street,Stewart Avenue,Brooklyn,40.723814,-73.932444,42516101
Lombardy Street,Vandervoort Avenue,Brooklyn,40.722607,-73.937107,42522375
Lombardy Street,Varick Avenue,Brooklyn,40.723404,-73.934027,42505675
Lorimer Street,Marcy Avenue,Brooklyn,40.701495,-73.951915,42482202
Lorimer Street,Maujer Street,Brooklyn,40.710432,-73.948771,42527642
Lorimer Street,Meeker Avenue,Brooklyn,40.716645,-73.949793,8702221555/42476614/42476503
Lorimer Street,Meserole Avenue,Brooklyn,40.726821,-73.953549,42516604
Lorimer Street,Meserole Street,Brooklyn,40.707597,-73.948303,42527635
Lorimer Street,Metropolitan Avenue,Brooklyn,40.714081,-73.949372,5482177473
Lorimer Street,Montrose Avenue,Brooklyn,40.706852,-73.948207,42523539
Lorimer Street,Nassau Avenue,Brooklyn,40.723488,-73.951643,42479277
Lorimer Street,Noble Street,Brooklyn,40.72873,-73.95462,42498320
Lorimer Street,Norman Avenue,Brooklyn,40.725152,-73.952597,42527678
Lorimer Street,Powers Street,Brooklyn,40.711904,-73.949014,42514864
Lorimer Street,Richardson Street,Brooklyn,40.7183,-73.950065,42511013
Lorimer Street,Scholes Street,Brooklyn,40.708305,-73.948421,42511044
Lorimer Street,Skillman Avenue,Brooklyn,40.715464,-73.949598,42527659
Lorimer Street,Stagg Street,Brooklyn,40.709015,-73.948539,42523854
Lorimer Street,Ten Eyck Street,Brooklyn,40.709725,-73.948655,42496943
Lorimer Street,Throop Avenue,Brooklyn,40.703915,-73.948181,42499136
Lorimer Street,Union Avenue,Brooklyn,40.70257,-73.950251,42520556
Lorimer Street,Wallabout Street,Brooklyn,40.700206,-73.953893,42492065
Lorimer Street,Withers Street,Brooklyn,40.716926,-73.949839,42476614
Loring Avenue,Pine Street,Brooklyn,40.666867,-73.868837,42478719
Loring Avenue,Ruby Street,Brooklyn,40.668196,-73.859624,42471526
Lorraine Street,Otsego Street,Brooklyn,40.675141,-74.009612,42518693
Lorraine Street,Smith Street,Brooklyn,40.672305,-73.999333,3556787838
Lorraine Street,Wolcott Street,Brooklyn,40.675141,-74.009612,42518693
Losee Terrace,Stanton Road,Brooklyn,40.585537,-73.936634,42494551
Lott Avenue,Mother Gaston Boulevard,Brooklyn,40.658498,-73.903992,42517514
Lott Avenue,Osborn Street,Brooklyn,40.658218,-73.905879,42522744
Lott Avenue,Powell Street,Brooklyn,40.658915,-73.901186,42504008
Lott Avenue,Rockaway Avenue,Brooklyn,40.657943,-73.907736,42516721
Lott Avenue,Sackman Street,Brooklyn,40.658777,-73.902107,42515397
Lott Avenue,Strauss Street,Brooklyn,40.657108,-73.913343,42515206
Lott Avenue,Thatford Avenue,Brooklyn,40.658084,-73.906795,42485258
Lott Avenue,Thomas S. Boyland Street,Brooklyn,40.657525,-73.910549,42509494
Lott Avenue,Watkins Street,Brooklyn,40.658353,-73.904959,42500245
Lott Street,Snyder Avenue,Brooklyn,40.648719,-73.954086,42502203
Lott Street,Tilden Avenue,Brooklyn,40.646687,-73.954125,42502190
Louisa Street,Story Street,Brooklyn,40.643025,-73.981889,42495072
Louise Terrace,MacKay Place,Brooklyn,40.636202,-74.032501,42475918
Louisiana Avenue,Seaview Avenue,Brooklyn,40.641661,-73.879193,42469863
Louisiana Avenue,Stanley Avenue,Brooklyn,40.655202,-73.893547,42516853
Louisiana Avenue,Twin Pines Drive East,Brooklyn,40.646793,-73.884979,5490131102
Louisiana Avenue,Vandalia Avenue,Brooklyn,40.649201,-73.887672,42516874
Louisiana Avenue,Williams Avenue,Brooklyn,40.659103,-73.896449,42500275
Louisiana Avenue,Wortman Avenue,Brooklyn,40.653714,-73.892444,42516855
Ludlam Place,Montgomery Street,Brooklyn,40.665621,-73.954975,42479617
Ludlam Place,Sullivan Place,Brooklyn,40.664433,-73.955085,42508239
Luquer Street,Smith Street,Brooklyn,40.676694,-73.996828,42492274
Lyme Avenue,Manhattan Avenue,Brooklyn,40.576918,-74.009393,42535498
Lyme Avenue,Sea Gate Avenue,Brooklyn,40.577326,-74.005699,42467965
Lynch Street,Marcy Avenue,Brooklyn,40.702617,-73.953181,42482192
Lynch Street,Union Avenue,Brooklyn,40.704544,-73.950202,42520562
Lynch Street,Wallabout Street,Brooklyn,40.699606,-73.957809,7722348497
MacDonough Street,Malcolm X Boulevard,Brooklyn,40.682704,-73.929009,42499509
MacDonough Street,Marcus Garvey Boulevard,Brooklyn,40.681692,-73.937781,42502371
MacDonough Street,Marcy Avenue,Brooklyn,40.680734,-73.946287,42482392
MacDonough Street,Patchen Avenue,Brooklyn,40.68304,-73.926095,42485047
MacDonough Street,Ralph Avenue,Brooklyn,40.683418,-73.922815,42493918
MacDonough Street,Saratoga Avenue,Brooklyn,40.684041,-73.917414,42476374
MacDonough Street,Stuyvesant Avenue,Brooklyn,40.682366,-73.931941,42473295
MacDonough Street,Thomas S. Boyland Street,Brooklyn,40.684347,-73.914757,42502390
MacDonough Street,Throop Avenue,Brooklyn,40.68137,-73.940625,42499213
MacDonough Street,Tompkins Avenue,Brooklyn,40.681043,-73.943448,42502366
MacDougal Street,Mother Gaston Boulevard,Brooklyn,40.680554,-73.908571,42482513
MacDougal Street,Ralph Avenue,Brooklyn,40.678973,-73.921803,42465040/42482543
MacDougal Street,Rockaway Avenue,Brooklyn,40.68024,-73.911225,42482509
MacDougal Street,Saratoga Avenue,Brooklyn,40.679637,-73.91654,42476360
MacDougal Street,Thomas S. Boyland Street,Brooklyn,40.679935,-73.913883,42482506
MacKay Place,Narrows Avenue,Brooklyn,40.6368,-74.034441,42475915
MacKay Place,Shore Road,Brooklyn,40.637305,-74.036064,2323022218
Macarthur Road,Marshall Drive,Brooklyn,40.605886,-74.0259,2316127142
Mackenzie Street,Oriental Boulevard,Brooklyn,40.578321,-73.939774,1167630612/2356694542
Mackenzie Street,Shore Boulevard,Brooklyn,40.580828,-73.940278,42486999
Macon Street,Malcolm X Boulevard,Brooklyn,40.683438,-73.929161,42499507
Macon Street,Marcus Garvey Boulevard,Brooklyn,40.68243,-73.937929,42516282
Macon Street,Marcy Avenue,Brooklyn,40.681452,-73.946437,42482388
Macon Street,Nostrand Avenue,Brooklyn,40.681069,-73.949715,42481599
Macon Street,Patchen Avenue,Brooklyn,40.683771,-73.926241,42485041
Macon Street,Ralph Avenue,Brooklyn,40.684153,-73.92296,42493915
Macon Street,Saratoga Avenue,Brooklyn,40.684775,-73.917559,42476378
Macon Street,Stuyvesant Avenue,Brooklyn,40.683098,-73.932087,42473293
Macon Street,Thomas S. Boyland Street,Brooklyn,40.685075,-73.914916,42509371
Macon Street,Throop Avenue,Brooklyn,40.682099,-73.940771,42499211
Macon Street,Tompkins Avenue,Brooklyn,40.681779,-73.943602,42514395
Macon Street,Verona Place,Brooklyn,40.681309,-73.94763,42468443
Madison Place,Nostrand Avenue,Brooklyn,40.613289,-73.94429,42481789
Madison Place,Quentin Road,Brooklyn,40.611321,-73.941926,42470825
Madison Street,Malcolm X Boulevard,Brooklyn,40.6871,-73.929888,42486667
Madison Street,Marcus Garvey Boulevard,Brooklyn,40.686091,-73.938659,42486657
Madison Street,Marcy Avenue,Brooklyn,40.685113,-73.947165,42482366
Madison Street,Nostrand Avenue,Brooklyn,40.684735,-73.950446,42481583
Madison Street,Patchen Avenue,Brooklyn,40.687438,-73.926969,42485022
Madison Street,Ralph Avenue,Brooklyn,40.687811,-73.923689,42486677
Madison Street,Ridgewood Place,Brooklyn,40.69793,-73.910272,42486701
Madison Street,Stuyvesant Avenue,Brooklyn,40.686763,-73.932811,42473266
Madison Street,Throop Avenue,Brooklyn,40.685764,-73.941496,42486654
Madison Street,Tompkins Avenue,Brooklyn,40.685439,-73.944328,42486650
Madison Street,Wilson Avenue,Brooklyn,40.694068,-73.914057,42486694
Madoc Avenue,Melba Court,Brooklyn,40.587042,-73.925426,42525877
Madoc Avenue,Nova Court,Brooklyn,40.586812,-73.925172,42503016
Madoc Avenue,Opal Court,Brooklyn,40.586288,-73.92459,42507962
Madoc Avenue,Post Court,Brooklyn,40.586056,-73.924325,42525630
Madoc Avenue,Seba Avenue,Brooklyn,40.586549,-73.924878,42466554
Main Street,Plymouth Street,Brooklyn,40.703878,-73.990613,1258945452
Main Street,Water Street,Brooklyn,40.703247,-73.990666,2687331105
Malbone Street,New York Avenue,Brooklyn,40.6644,-73.948217,42496535
Malcolm X Boulevard,Marion Street,Brooklyn,40.679749,-73.928651,42460657
Malcolm X Boulevard,Monroe Street,Brooklyn,40.68783,-73.930035,2969849194
Malcolm X Boulevard,Pulaski Street,Brooklyn,40.694434,-73.931351,42499465
Malcolm X Boulevard,Putnam Avenue,Brooklyn,40.686365,-73.92975,42489066
Malcolm X Boulevard,Quincy Street,Brooklyn,40.689302,-73.930326,42498900
Malcolm X Boulevard,Utica Avenue,Brooklyn,40.679277,-73.929058,42465019
Malcolm X Boulevard,Van Buren Street,Brooklyn,40.691495,-73.93076,42499480
Malta Street,New Lots Avenue,Brooklyn,40.660413,-73.89631,42503169
Malta Street,Stanley Avenue,Brooklyn,40.655561,-73.892713,42503178
Malta Street,Wortman Avenue,Brooklyn,40.65408,-73.891608,42503181
Manhattan Avenue,Maple Avenue,Brooklyn,40.579073,-74.008704,42512573
Manhattan Avenue,Maujer Street,Brooklyn,40.71074,-73.945475,42535525
Manhattan Avenue,McKibbin Street,Brooklyn,40.705021,-73.944567,42535511
Manhattan Avenue,Meeker Avenue,Brooklyn,40.718655,-73.946763,42476522/11139864252/42476636
Manhattan Avenue,Meserole Avenue,Brooklyn,40.727111,-73.952693,42516607
Manhattan Avenue,Meserole Street,Brooklyn,40.707911,-73.945006,42529162
Manhattan Avenue,Metropolitan Avenue,Brooklyn,40.714372,-73.94607,42484207
Manhattan Avenue,Milton Street,Brooklyn,40.72951,-73.953958,42535489
Manhattan Avenue,Montrose Avenue,Brooklyn,40.707169,-73.944904,42523544
Manhattan Avenue,Moore Street,Brooklyn,40.703578,-73.944316,42528868
Manhattan Avenue,Nassau Avenue,Brooklyn,40.723772,-73.950788,42479281
Manhattan Avenue,Neptune Avenue,Brooklyn,40.576274,-74.008814,42505054
Manhattan Avenue,Newton Street,Brooklyn,40.720139,-73.947577,42532947
Manhattan Avenue,Noble Street,Brooklyn,40.728825,-73.953665,42498324
Manhattan Avenue,Norman Avenue,Brooklyn,40.725436,-73.951736,42527806
Manhattan Avenue,Powers Street,Brooklyn,40.712218,-73.945717,42514870
Manhattan Avenue,Scholes Street,Brooklyn,40.708625,-73.945125,42511050
Manhattan Avenue,Seigel Street,Brooklyn,40.704309,-73.94445,42521981
Manhattan Avenue,Skillman Avenue,Brooklyn,40.715779,-73.946303,42535559
Manhattan Avenue,Varet Street,Brooklyn,40.702901,-73.944193,42509015
Manhattan Avenue,Withers Street,Brooklyn,40.717198,-73.946533,42505939
Manhattan Bridge,Manhattan Bridge lower level,Brooklyn,40.697625,-73.985202,42482557
Manhattan Court,Ocean Parkway,Brooklyn,40.588135,-73.965815,2282434917/2282434919
Maple Avenue,Sea Gate Avenue,Brooklyn,40.579362,-74.006088,42467973
Maple Avenue,Spruce Avenue,Brooklyn,40.651604,-73.998845,756247003
Maple Street,New York Avenue,Brooklyn,40.661007,-73.947753,42485089
Maple Street,Nostrand Avenue,Brooklyn,40.660827,-73.950644,42481672
Maple Street,Rogers Avenue,Brooklyn,40.660648,-73.953539,42485084
Maple Street,Schenectady Avenue,Brooklyn,40.661862,-73.934392,42485107
Maple Street,Troy Avenue,Brooklyn,40.66167,-73.937262,42485103
Maple Street,Utica Avenue,Brooklyn,40.66204,-73.931487,42485115
Marcus Garvey Boulevard,Monroe Street,Brooklyn,40.686831,-73.938807,2969849195
Marcus Garvey Boulevard,Myrtle Avenue,Brooklyn,40.696354,-73.940707,42516233
Marcus Garvey Boulevard,Park Avenue,Brooklyn,40.698542,-73.941144,42471874
Marcus Garvey Boulevard,Pulaski Street,Brooklyn,40.693416,-73.940121,42516245
Marcus Garvey Boulevard,Putnam Avenue,Brooklyn,40.685357,-73.938513,42489060
Marcus Garvey Boulevard,Quincy Street,Brooklyn,40.688288,-73.939098,42498881
Marcus Garvey Boulevard,Sumner Place,Brooklyn,40.700281,-73.941149,42499079
Marcus Garvey Boulevard,Van Buren Street,Brooklyn,40.690485,-73.939536,42515255
Marcus Garvey Boulevard,Vernon Avenue,Brooklyn,40.695615,-73.94056,42516238
Marcus Garvey Boulevard,Willoughby Avenue,Brooklyn,40.694881,-73.940413,42492346
Marcy Avenue,Martin Luther King Place,Brooklyn,40.696847,-73.9495,42482222
Marcy Avenue,Metropolitan Avenue,Brooklyn,40.714074,-73.95434,42482398
Marcy Avenue,Middleton Street,Brooklyn,40.702051,-73.952551,42482198
Marcy Avenue,Monroe Street,Brooklyn,40.685845,-73.94731,42482358
Marcy Avenue,Myrtle Avenue,Brooklyn,40.695376,-73.949207,42482227
Marcy Avenue,Park Avenue,Brooklyn,40.697583,-73.949647,42471855
Marcy Avenue,Penn Street,Brooklyn,40.704312,-73.955074,42482042
Marcy Avenue,Pulaski Street,Brooklyn,40.69244,-73.948622,42482236
Marcy Avenue,Putnam Avenue,Brooklyn,40.684379,-73.947017,42482372
Marcy Avenue,Quincy Street,Brooklyn,40.68731,-73.947602,42482266
Marcy Avenue,Rodney Street,Brooklyn,40.706568,-73.957597,42482165
Marcy Avenue,Rutledge Street,Brooklyn,40.703747,-73.954442,42482183
Marcy Avenue,South 1st Street,Brooklyn,40.711752,-73.955797,42482410
Marcy Avenue,South 2nd Street,Brooklyn,40.711113,-73.956199,42482417
Marcy Avenue,South 4th Street,Brooklyn,40.709774,-73.957059,42482424
Marcy Avenue,South 5th Street,Brooklyn,40.70908,-73.957488,42482429
Marcy Avenue,South 9th Street,Brooklyn,40.708041,-73.958152,42474674
Marcy Avenue,Stockton Street,Brooklyn,40.696121,-73.949356,42482223
Marcy Avenue,Union Avenue,Brooklyn,40.699791,-73.950091,42482215
Marcy Avenue,Vernon Avenue,Brooklyn,40.694637,-73.94906,42482231
Marcy Avenue,Wallabout Street,Brooklyn,40.700457,-73.950781,42482207
Marcy Avenue,Walton Street,Brooklyn,40.700922,-73.951288,42475322
Marcy Avenue,Williamsburg Street West,Brooklyn,40.70726,-73.958455,42478008
Marcy Avenue,Willoughby Avenue,Brooklyn,40.693905,-73.948914,42482234
Marginal Street East,New Jersey Avenue,Brooklyn,40.678585,-73.896535,42475114
Marine Avenue,Oliver Street,Brooklyn,40.619956,-74.037689,42531134
Marine Avenue,Ridge Boulevard,Brooklyn,40.617992,-74.036492,42508104
Marine Parkway,Nostrand Avenue,Brooklyn,40.614804,-73.944574,42481786
Marine Parkway,Quentin Road,Brooklyn,40.61182,-73.941161,42470829
Marion Street,Patchen Avenue,Brooklyn,40.680111,-73.925489,42460660
Marion Street,Ralph Avenue,Brooklyn,40.68048,-73.922261,42460610
Marion Street,Rockaway Avenue,Brooklyn,40.681712,-73.911518,42460622
Marion Street,Saratoga Avenue,Brooklyn,40.681101,-73.916833,42460617
Marion Street,Thomas S. Boyland Street,Brooklyn,40.681408,-73.914178,42460619
Marlborough Road,Newkirk Avenue,Brooklyn,40.635518,-73.963349,42485802
Marshall Drive,Pence Street,Brooklyn,40.607977,-74.030796,42487257
Marshall Drive,Roosevelt,Brooklyn,40.607977,-74.030796,42487257
Marshall Drive,Roosevelt Lane,Brooklyn,40.607977,-74.030796,42487257
Marshall Drive,Sterling Drive,Brooklyn,40.605741,-74.025316,42515593/42463316
Marshall Drive,Stonewall Jackson Drive,Brooklyn,40.607125,-74.02998,42515600
Martense Court,Martense Street,Brooklyn,40.65126,-73.958003,42489722
Martense Street,New York Avenue,Brooklyn,40.651848,-73.946775,42489740
Martense Street,Nostrand Avenue,Brooklyn,40.651697,-73.949668,42481702
Martense Street,Raleigh Place,Brooklyn,40.651798,-73.94774,42489736
Martense Street,Rogers Avenue,Brooklyn,40.651545,-73.952566,42489728
Martin Luther King Place,Tompkins Avenue,Brooklyn,40.69718,-73.946658,42502169
Maspeth Avenue,Morgan Avenue,Brooklyn,40.716786,-73.936331,42489486
Maspeth Avenue,Olive Street,Brooklyn,40.716067,-73.939024,42489474
Maspeth Avenue,Vandervoort Avenue,Brooklyn,40.717216,-73.934706,5838943038
Maspeth Avenue,Varick Avenue,Brooklyn,40.718013,-73.931611,42489494
Maspeth Avenue,Woodpoint Road,Brooklyn,40.715072,-73.942161,7722378710
Matthews Court,Stratford Road,Brooklyn,40.642498,-73.968455,42475838
Maujer Street,Morgan Avenue,Brooklyn,40.712754,-73.934534,42490334
Maujer Street,South 1st Street,Brooklyn,40.710172,-73.951516,42504294
Maujer Street,Union Avenue,Brooklyn,40.710221,-73.950994,42520577
Maujer Street,Waterbury Street,Brooklyn,40.711815,-73.937979,42474052
Mayfair Drive North,Mayfair Drive South,Brooklyn,40.608879,-73.903954,42495582
Mayfair Drive North,Mill Avenue,Brooklyn,40.611739,-73.910433,42495464
Mayfair Drive South,Mill Avenue,Brooklyn,40.609656,-73.911448,42497097
Mayfair Drive South,Strickland Avenue,Brooklyn,40.610278,-73.913479,5369529460/42497100
McClancy Place,Schenck Avenue,Brooklyn,40.663861,-73.885948,42524687
McDonald Avenue,Parkville Avenue,Brooklyn,40.628364,-73.9767,42501968
McDonald Avenue,Quentin Road,Brooklyn,40.606679,-73.972591,42470967
McDonald Avenue,Ryder Avenue,Brooklyn,40.612566,-73.973713,42474768
McDonald Avenue,Seeley Street,Brooklyn,40.652634,-73.981306,42480973
McDonald Avenue,Shell Road,Brooklyn,40.590131,-73.974158,42488082
McDonald Avenue,Sloan Place,Brooklyn,40.598519,-73.973022,42486627
McDonald Avenue,Terrace Place,Brooklyn,40.653417,-73.981454,42498568
McDonald Avenue,Vanderbilt Street,Brooklyn,40.651594,-73.981108,42501934
McDonald Avenue,Village Road North,Brooklyn,40.596528,-73.973306,42502053
McDonald Avenue,Village Road South,Brooklyn,40.593924,-73.973662,42502059
McDonald Avenue,Webster Avenue,Brooklyn,40.629882,-73.977001,42486038
McDonald Avenue,Whitney Place,Brooklyn,40.597791,-73.973123,42502050
McDonald Avenue,Woodside Avenue,Brooklyn,40.605657,-73.9724,42502036
McGuinness Boulevard,McGuinness Boulevard South,Brooklyn,40.722775,-73.947079,2987758892/2987758893
McGuinness Boulevard,Meserole Avenue,Brooklyn,40.727966,-73.950066,42513154/2987758883
McGuinness Boulevard,Nassau Avenue,Brooklyn,40.724638,-73.948172,5051959089/2987758886
McGuinness Boulevard,Norman Avenue,Brooklyn,40.7263,-73.949119,5051959088/5051959086
McGuinness Boulevard,Paidge Avenue,Brooklyn,40.737522,-73.952757,42469141
McGuinness Boulevard,Pulaski Bridge,Brooklyn,40.73495,-73.952546,42486604/597261861/597261862
McGuinness Boulevard South,Meeker Avenue,Brooklyn,40.720242,-73.944394,42502920
McGuinness Boulevard South,Newton Street,Brooklyn,40.721362,-73.945548,2987758898/2987758899
McKeever Place,Montgomery Street,Brooklyn,40.666062,-73.958641,42479606
McKeever Place,Sullivan Place,Brooklyn,40.664174,-73.959347,42535861
McKibbin Court,McKibbin Street,Brooklyn,40.705516,-73.938073,42501140
McKibbin Court,Seigel Street,Brooklyn,40.704822,-73.937849,42504272
McKibbin Street,Seigel Court,Brooklyn,40.705868,-73.936234,42479987
McKibbin Street,White Street,Brooklyn,40.706012,-73.935477,42501147
McKinley Avenue,Sheridan Avenue,Brooklyn,40.680429,-73.867541,42482732
Meadow Street,Morgan Avenue,Brooklyn,40.711336,-73.933893,42490329
Meadow Street,Stewart Avenue,Brooklyn,40.712965,-73.927605,42502455
Meadow Street,Varick Avenue,Brooklyn,40.712576,-73.929184,42502458
Meadow Street,Waterbury Street,Brooklyn,40.710452,-73.93734,42474050
Meeker Avenue,Metropolitan Avenue,Brooklyn,40.714066,-73.953059,6116989028/42476485/2089937767
Meeker Avenue,Monitor Street,Brooklyn,40.721493,-73.941933,42476651/42476534
Meeker Avenue,Morgan Avenue,Brooklyn,40.723278,-73.939261,11184578272/42476545/42476669
Meeker Avenue,North 6th Street,Brooklyn,40.714204,-73.953277,42476565
Meeker Avenue,North 7th Street,Brooklyn,40.714726,-73.952703,42476576
Meeker Avenue,North 8th Street,Brooklyn,40.715277,-73.952125,42476580
Meeker Avenue,North Henry Street,Brooklyn,40.721024,-73.942806,42476648/42476532/8702221550
Meeker Avenue,Richardson Street,Brooklyn,40.718614,-73.94676,42476629/42476525
Meeker Avenue,Rodney Street,Brooklyn,40.714064,-73.952854,42476485
Meeker Avenue,Russell Street,Brooklyn,40.72065,-73.943684,42472683
Meeker Avenue,Skillman Avenue,Brooklyn,40.715359,-73.951342,42476494
Meeker Avenue,Stewart Avenue,Brooklyn,40.726826,-73.934146,8896031641
Meeker Avenue,Sutton Street,Brooklyn,40.722879,-73.94023,42476663
Meeker Avenue,Union Avenue,Brooklyn,40.715215,-73.951797,10003855163/8702221557/42476487
Meeker Avenue,Van Dam Street,Brooklyn,40.724848,-73.936763,8896031716
Meeker Avenue,Vandervoort Avenue,Brooklyn,40.723999,-73.937564,42464200/42473313
Meeker Avenue,Varick Avenue,Brooklyn,40.725907,-73.935398,42476680
Meeker Avenue,Varick Street,Brooklyn,40.725907,-73.935398,42476680
Meeker Avenue,Withers Street,Brooklyn,40.716947,-73.949412,42476509/42476614
Melba Court,Noel Avenue,Brooklyn,40.588119,-73.92377,42476453
Melrose Street,Stanwix Street,Brooklyn,40.699109,-73.934009,42500477
Melrose Street,Thames Street,Brooklyn,40.705668,-73.926123,7711304345
Melrose Street,Wilson Avenue,Brooklyn,40.70262,-73.929091,42496644
Menahan Street,Myrtle Avenue,Brooklyn,40.699032,-73.916219,42477549
Menahan Street,Saint Nicholas Avenue,Brooklyn,40.702367,-73.912897,3325564446
Menahan Street,Wilson Avenue,Brooklyn,40.69663,-73.918564,42477544
Menahan Street,Wyckoff Avenue,Brooklyn,40.701198,-73.914088,42477555
Mermaid Avenue,Mermaid Avenue Bus Loop,Brooklyn,40.576989,-73.981523,42503141
Mermaid Avenue,Sea Gate Avenue,Brooklyn,40.574577,-74.005158,7966133905
Mermaid Avenue,Stillwell Avenue,Brooklyn,40.576989,-73.981523,42503141
Mermaid Avenue,Surf Avenue,Brooklyn,40.574552,-74.005339,7966133904
Mermaid Avenue,West 15th Street,Brooklyn,40.576865,-73.982641,42508948
Mermaid Avenue,West 16th Street,Brooklyn,40.576747,-73.983705,42508952
Mermaid Avenue,West 17th Street,Brooklyn,40.576629,-73.984774,42508955
Mermaid Avenue,West 19th Street,Brooklyn,40.576512,-73.985833,42508962
Mermaid Avenue,West 20th Street,Brooklyn,40.576395,-73.98689,42508965
Mermaid Avenue,West 21st Street,Brooklyn,40.576278,-73.987951,42467675
Mermaid Avenue,West 22nd Street,Brooklyn,40.576161,-73.98901,42508971
Mermaid Avenue,West 23rd Street,Brooklyn,40.576044,-73.990078,42508975
Mermaid Avenue,West 24th Street,Brooklyn,40.575927,-73.991135,42485889
Mermaid Avenue,West 25th Street,Brooklyn,40.57581,-73.992194,42508980
Mermaid Avenue,West 27th Street,Brooklyn,40.575694,-73.99325,42490613
Mermaid Avenue,West 28th Street,Brooklyn,40.575577,-73.994312,42498997
Mermaid Avenue,West 29th Street,Brooklyn,40.57546,-73.995373,42471942
Mermaid Avenue,West 30th Street,Brooklyn,40.575342,-73.996436,42508983
Mermaid Avenue,West 31st Street,Brooklyn,40.575225,-73.997497,42478882
Mermaid Avenue,West 32nd Street,Brooklyn,40.575109,-73.998551,42508988
Mermaid Avenue,West 33rd Street,Brooklyn,40.574992,-73.999612,42508991
Mermaid Avenue,West 35th Street,Brooklyn,40.574878,-74.000672,42468770
Mermaid Avenue,West 36th Street,Brooklyn,40.574763,-74.00174,42508996
Mermaid Avenue,West 37th Street,Brooklyn,40.57465,-74.002788,42501416
Mermaid Avenue Bus Loop,Stillwell Avenue,Brooklyn,40.576989,-73.981523,42503141
Meserole Avenue,Moultrie Street,Brooklyn,40.729031,-73.94684,42516618
Meserole Avenue,Newel Street,Brooklyn,40.728213,-73.949321,42512083
Meserole Avenue,North Henry Street,Brooklyn,40.729442,-73.944186,42516624
Meserole Avenue,Russell Street,Brooklyn,40.729349,-73.945116,42472696
Meserole Street,Morgan Avenue,Brooklyn,40.709296,-73.932987,42490322
Meserole Street,Scott Avenue,Brooklyn,40.71175,-73.923549,42474017
Meserole Street,South 4th Street,Brooklyn,40.70743,-73.950536,42520569
Meserole Street,Stewart Avenue,Brooklyn,40.710939,-73.926702,42516152
Meserole Street,Union Avenue,Brooklyn,40.70743,-73.950536,42520569
Meserole Street,Varick Avenue,Brooklyn,40.710533,-73.928268,42505693
Meserole Street,Waterbury Street,Brooklyn,40.708678,-73.93698,42474042
Metropolitan Avenue,Morgan Avenue,Brooklyn,40.714457,-73.935288,42484219
Metropolitan Avenue,North 3rd Street,Brooklyn,40.715008,-73.959474,598031717
Metropolitan Avenue,North 4th Street,Brooklyn,40.714259,-73.956592,6530806540
Metropolitan Avenue,North 5th Street,Brooklyn,40.714078,-73.954773,42484194
Metropolitan Avenue,Olive Street,Brooklyn,40.714593,-73.938753,42484216
Metropolitan Avenue,Onderdonk Avenue,Brooklyn,40.71401,-73.923934,42477655
Metropolitan Avenue,Orient Avenue,Brooklyn,40.714705,-73.94136,7712107371
Metropolitan Avenue,River Street,Brooklyn,40.717789,-73.965203,42484162
Metropolitan Avenue,Rodney Street,Brooklyn,40.714064,-73.952854,42476485
Metropolitan Avenue,Roebling Street,Brooklyn,40.714499,-73.957534,42484186
Metropolitan Avenue,Scott Avenue,Brooklyn,40.713999,-73.92454,5330321649/42474031
Metropolitan Avenue,Stewart Avenue,Brooklyn,40.714213,-73.928176,42484144/1275778384
Metropolitan Avenue,Union Avenue,Brooklyn,40.714067,-73.951605,42484200
Metropolitan Avenue,Vandervoort Avenue,Brooklyn,40.714405,-73.933453,42484221
Metropolitan Avenue,Varick Avenue,Brooklyn,40.714346,-73.929973,8842579365
Metropolitan Avenue,Woodpoint Road,Brooklyn,40.714735,-73.942072,7722378707
Metropolitan Avenue,Wythe Avenue,Brooklyn,40.716765,-73.963391,42484164
Micieli Place,Minna Street,Brooklyn,40.646247,-73.981855,42490643
Middagh Street,Willow Street,Brooklyn,40.70073,-73.994225,42502400
Middleton Street,Throop Avenue,Brooklyn,40.704471,-73.948809,42499132
Middleton Street,Union Avenue,Brooklyn,40.703556,-73.950225,42519640
Middleton Street,Wallabout Street,Brooklyn,40.699889,-73.955694,42492062
Midwood Street,New York Avenue,Brooklyn,40.660297,-73.947676,42467083
Midwood Street,Nostrand Avenue,Brooklyn,40.660117,-73.950569,42467081
Midwood Street,Rogers Avenue,Brooklyn,40.659937,-73.953461,42467079
Midwood Street,Schenectady Avenue,Brooklyn,40.661147,-73.934321,4929411563
Midwood Street,Troy Avenue,Brooklyn,40.660947,-73.937188,42467114
Midwood Street,Utica Avenue,Brooklyn,40.661331,-73.931414,42467069
Milford Street,New Lots Avenue,Brooklyn,40.669335,-73.875794,42515572
Milford Street,Pitkin Avenue,Brooklyn,40.674673,-73.877128,42511613
Milford Street,Stanley Avenue,Brooklyn,40.664348,-73.872303,42530156
Milford Street,Sutter Avenue,Brooklyn,40.67213,-73.876487,42515129
Milford Street,Vandalia Avenue,Brooklyn,40.658133,-73.867694,7238287446/10015477047
Milford Street,Wortman Avenue,Brooklyn,40.662854,-73.871193,42523616
Mill Avenue,National Drive,Brooklyn,40.606662,-73.915859,42489436
Mill Avenue,Ralph Avenue,Brooklyn,40.61839,-73.91714,42494011
Mill Avenue,Strickland Avenue,Brooklyn,40.613738,-73.911952,42512495/5376959058/5376959059/5369529494/5369529463
Mill Lane,Ralph Avenue,Brooklyn,40.618712,-73.917172,42483800
Miller Avenue,Miller Place,Brooklyn,40.681565,-73.894311,42467138
Miller Avenue,New Lots Avenue,Brooklyn,40.663668,-73.888951,42467175
Miller Avenue,Pitkin Avenue,Brooklyn,40.672581,-73.891217,42467159
Miller Avenue,Riverdale Avenue,Brooklyn,40.663924,-73.888987,42467172
Miller Avenue,Sunnyside Avenue,Brooklyn,40.680863,-73.893736,42467139
Miller Avenue,Sutter Avenue,Brooklyn,40.67006,-73.890558,42467162
Milton Street,West Street,Brooklyn,40.729018,-73.959112,42531627
Moffat Street,Wilson Avenue,Brooklyn,40.688935,-73.905041,42488750
Monitor Street,Nassau Avenue,Brooklyn,40.725793,-73.942636,42479382
Monitor Street,Norman Avenue,Brooklyn,40.727668,-73.942943,42517892
Monitor Street,Richardson Street,Brooklyn,40.719111,-73.941539,42511032
Monroe Place,Pierrepont Street,Brooklyn,40.695219,-73.993079,42476725
Monroe Street,Nostrand Avenue,Brooklyn,40.685469,-73.95059,42481581
Monroe Street,Patchen Avenue,Brooklyn,40.688166,-73.927114,42485017
Monroe Street,Ralph Avenue,Brooklyn,40.688543,-73.923834,42493907
Monroe Street,Stuyvesant Avenue,Brooklyn,40.687495,-73.932957,42473262
Monroe Street,Throop Avenue,Brooklyn,40.686497,-73.94164,42495193
Monroe Street,Tompkins Avenue,Brooklyn,40.686171,-73.944475,42495190
Montague Street,Montague Terrace,Brooklyn,40.695648,-73.997391,42476036
Montague Street,Pierrepont Place,Brooklyn,40.695648,-73.997391,42476036
Montague Terrace,Pierrepont Place,Brooklyn,40.695648,-73.997391,42476036
Montague Terrace,Remsen Street,Brooklyn,40.694974,-73.997709,42476037
Montana Place,National Drive,Brooklyn,40.605875,-73.90309,42489418
Montauk Avenue,Pitkin Avenue,Brooklyn,40.674542,-73.878042,42468505
Montauk Avenue,Stanley Avenue,Brooklyn,40.663994,-73.873121,42468539
Montauk Avenue,Sutter Avenue,Brooklyn,40.671997,-73.877412,42468520
Montauk Avenue,Wortman Avenue,Brooklyn,40.662513,-73.872007,42468541
Montgomery Place,Prospect Park West,Brooklyn,40.670641,-73.971832,42476086
Montgomery Street,New York Avenue,Brooklyn,40.665248,-73.948151,42479632
Montgomery Street,Nostrand Avenue,Brooklyn,40.665392,-73.950917,42479627
Montgomery Street,Rogers Avenue,Brooklyn,40.665549,-73.95369,42479621
Montgomery Street,Schenectady Avenue,Brooklyn,40.664495,-73.934306,42479643
Montgomery Street,Stoddard Place,Brooklyn,40.665672,-73.955911,42479613
Montgomery Street,Troy Avenue,Brooklyn,40.664644,-73.937074,42479640
Montgomery Street,Utica Avenue,Brooklyn,40.664343,-73.931539,42479645
Montgomery Street,Washington Avenue,Brooklyn,40.666695,-73.961616,42478471
Montieth Street,Stanwix Street,Brooklyn,40.70175,-73.935089,42500467
Montrose Avenue,Penn Street,Brooklyn,40.706341,-73.951904,42482048
Montrose Avenue,South 5th Street,Brooklyn,40.706653,-73.950406,42514959
Montrose Avenue,Union Avenue,Brooklyn,40.706653,-73.950406,42514959
Monument Walk,Saint Edwards Street,Brooklyn,40.694448,-73.978043,42494843
Moore Street,Wallabout Street,Brooklyn,40.703215,-73.946243,42492008
Moore Street,White Street,Brooklyn,40.704628,-73.935019,42528875
Morgan Avenue,Nassau Avenue,Brooklyn,40.726062,-73.939805,42479402
Morgan Avenue,Norman Avenue,Brooklyn,40.727929,-73.940115,42490496
Morgan Avenue,Richardson Street,Brooklyn,40.72015,-73.937829,42490467
Morgan Avenue,Rock Street,Brooklyn,40.704257,-73.931309,42490300
Morgan Avenue,Scholes Street,Brooklyn,40.709988,-73.933296,42490325
Morgan Avenue,Sharon Street,Brooklyn,40.7152,-73.935628,42490348
Morgan Avenue,Skillman Avenue,Brooklyn,40.717326,-73.936596,42490369/2805340010
Morgan Avenue,Stagg Street,Brooklyn,40.710669,-73.933602,42490327
Morgan Avenue,Ten Eyck Street,Brooklyn,40.712123,-73.934257,42490332
Morgan Avenue,Thames Street,Brooklyn,40.704958,-73.931507,42490303
Morgan Avenue,Wilson Avenue,Brooklyn,40.70379,-73.931113,42490298
Morgan Avenue,Withers Street,Brooklyn,40.718792,-73.937258,42490377
Morris Avenue,West Street,Brooklyn,40.701757,-73.979903,2406352159
Mother Gaston Boulevard,New Lots Avenue,Brooklyn,40.657137,-73.90365,42515493
Mother Gaston Boulevard,Newport Street,Brooklyn,40.660034,-73.904385,42511787
Mother Gaston Boulevard,Pitkin Avenue,Brooklyn,40.670241,-73.906998,42511533
Mother Gaston Boulevard,Riverdale Avenue,Brooklyn,40.661568,-73.904782,42496251
Mother Gaston Boulevard,Somers Street,Brooklyn,40.679089,-73.90828,42475933
Mother Gaston Boulevard,Sumpter Street,Brooklyn,40.681284,-73.908719,42470084
Mother Gaston Boulevard,Sutter Avenue,Brooklyn,40.667708,-73.906355,42471644
Mother Gaston Boulevard,Truxton Street,Brooklyn,40.678367,-73.908137,42468780
Moultrie Street,Norman Avenue,Brooklyn,40.727377,-73.945895,42512677
Murdock Court,Ocean Parkway,Brooklyn,40.585872,-73.966618,2282434905
Murdock Court,West Street,Brooklyn,40.585574,-73.96928,42511273
Myrtle Avenue,Navy Street,Brooklyn,40.693492,-73.979162,42470434
Myrtle Avenue,North Portland Avenue,Brooklyn,40.693361,-73.975845,42517021
Myrtle Avenue,Nostrand Avenue,Brooklyn,40.695008,-73.95249,42481534
Myrtle Avenue,Prince Street,Brooklyn,40.693613,-73.982507,4209410682/42464621
Myrtle Avenue,Ryerson Street,Brooklyn,40.693557,-73.964992,42510121
Myrtle Avenue,Saint Edwards Street,Brooklyn,40.693438,-73.977825,42494845
Myrtle Avenue,Sandford Street,Brooklyn,40.694893,-73.953414,42517050
Myrtle Avenue,Skillman Street,Brooklyn,40.694471,-73.957087,42492110
Myrtle Avenue,Spencer Street,Brooklyn,40.694688,-73.955197,42498637
Myrtle Avenue,Stanhope Street,Brooklyn,40.69835,-73.922747,42517087
Myrtle Avenue,Steuben Street,Brooklyn,40.693773,-73.963139,42516533
Myrtle Avenue,Stockholm Street,Brooklyn,40.698219,-73.924043,42517081
Myrtle Avenue,Suydam Street,Brooklyn,40.697618,-73.929562,42499827/9658544437
Myrtle Avenue,Taaffe Place,Brooklyn,40.694117,-73.960158,42494539
Myrtle Avenue,Throop Avenue,Brooklyn,40.696031,-73.943525,42499160
Myrtle Avenue,Tompkins Avenue,Brooklyn,40.695703,-73.946375,42514351
Myrtle Avenue,Troutman Street,Brooklyn,40.697118,-73.934008,42517060
Myrtle Avenue,Vanderbilt Avenue,Brooklyn,40.693135,-73.969831,42469614
Myrtle Avenue,Walworth Street,Brooklyn,40.694791,-73.954307,42490731
Myrtle Avenue,Washington Avenue,Brooklyn,40.693341,-73.966881,42478376
Myrtle Avenue,Washington Park,Brooklyn,40.693283,-73.973852,42511729
Myrtle Avenue,Waverly Avenue,Brooklyn,40.69323,-73.967844,42487063
Myrtle Avenue,Willoughby Avenue,Brooklyn,40.697432,-73.931231,9654474963/42492364
Myrtle Avenue,Wilson Avenue,Brooklyn,40.698452,-73.921772,42496676
Myrtle Avenue,Wyckoff Avenue,Brooklyn,40.699567,-73.911165,7717123189
Narrows Avenue,Shore Road,Brooklyn,40.622619,-74.04033,7074128090/2323022166
Nassau Avenue,Newel Street,Brooklyn,40.724885,-73.947425,42479294
Nassau Avenue,North 14th Street,Brooklyn,40.722452,-73.954764,42479249
Nassau Avenue,North Henry Street,Brooklyn,40.725708,-73.943569,42479378
Nassau Avenue,Russell Street,Brooklyn,40.725616,-73.944498,42472689
Nassau Avenue,Sutton Street,Brooklyn,40.725973,-73.940738,42479397
Nassau Avenue,Van Dam Street,Brooklyn,40.726327,-73.93701,42479405
Nassau Avenue,Varick Street,Brooklyn,40.726416,-73.936082,42479406
Nassau Street,Navy Street,Brooklyn,40.698253,-73.980562,42481025
National Drive,Strickland Avenue,Brooklyn,40.607178,-73.916429,5369529454
National Drive,Whitman Drive,Brooklyn,40.604184,-73.912355,42489450
Nautilus Avenue,Sea Gate Avenue,Brooklyn,40.575939,-74.005434,42467962
Nautilus Avenue,Surf Avenue,Brooklyn,40.575607,-74.00846,42488155
Nautilus Avenue,Tudor Terrace,Brooklyn,40.576159,-74.003465,8421879209
Navy Street,Park Avenue,Brooklyn,40.696334,-73.980377,479715801/42471754
Navy Street,Sands Street,Brooklyn,40.699713,-73.980464,42481022
Navy Street,Tillary Street,Brooklyn,40.696334,-73.980377,479715801/42471754
Navy Street,York Street,Brooklyn,40.701234,-73.980863,598050845
Nelson Street,Smith Street,Brooklyn,40.676045,-73.997148,42492275
Neptune Avenue,Ocean Parkway,Brooklyn,40.580355,-73.967676,42504956/2302163468/2282434869/2328478292
Neptune Avenue,Ocean Parkway Bike Path,Brooklyn,40.580338,-73.967794,2328488856/2328478291
Neptune Avenue,Sea Gate Avenue,Brooklyn,40.576642,-74.005569,42467963
Neptune Avenue,Sheepshead Bay Road,Brooklyn,40.579728,-73.977128,42504971
Neptune Avenue,Shell Road,Brooklyn,40.57988,-73.976213,42504968/8400807146
Neptune Avenue,Shore Boulevard,Brooklyn,40.583113,-73.954149,2356694554/2356694556
Neptune Avenue,Stillwell Avenue,Brooklyn,40.57919,-73.981943,42503137
Neptune Avenue,Surf Avenue,Brooklyn,40.576149,-74.009766,1773321168/1773321166
Neptune Avenue,West 12th Street,Brooklyn,40.57945,-73.97961,42504975
Neptune Avenue,West 15th Street,Brooklyn,40.579161,-73.983081,42504989
Neptune Avenue,West 16th Street,Brooklyn,40.579053,-73.984138,42504992
Neptune Avenue,West 17th Street,Brooklyn,40.578933,-73.985263,42493860
Neptune Avenue,West 19th Street,Brooklyn,40.57882,-73.986266,1773314096
Neptune Avenue,West 20th Street,Brooklyn,40.578699,-73.987333,42505003
Neptune Avenue,West 21st Street,Brooklyn,40.578586,-73.988392,42467670
Neptune Avenue,West 22nd Street,Brooklyn,40.578471,-73.989452,1773314095
Neptune Avenue,West 23rd Street,Brooklyn,40.578354,-73.99052,42505014
Neptune Avenue,West 24th Street,Brooklyn,40.578233,-73.991572,42485888
Neptune Avenue,West 25th Street,Brooklyn,40.578123,-73.992631,3546004697/42505018
Neptune Avenue,West 27th Street,Brooklyn,40.577965,-73.993684,3546004696
Neptune Avenue,West 28th Street,Brooklyn,40.577891,-73.994757,42498990/3546004695
Neptune Avenue,West 29th Street,Brooklyn,40.577727,-73.99581,3546004694
Neptune Avenue,West 30th Street,Brooklyn,40.577653,-73.99687,42505026/3546004693
Neptune Avenue,West 31st Street,Brooklyn,40.577495,-73.997883,3546001692
Neptune Avenue,West 32nd Street,Brooklyn,40.577397,-73.99898,42505033/3546001691
Neptune Avenue,West 33rd Street,Brooklyn,40.57726,-74.000034,42505036
Neptune Avenue,West 35th Street,Brooklyn,40.577138,-74.001105,42468768
Neptune Avenue,West 36th Street,Brooklyn,40.577018,-74.002169,42505040
Neptune Avenue,West 37th Street,Brooklyn,40.576901,-74.003222,42501409
Neptune Avenue,West 5th Street,Brooklyn,40.579807,-73.971837,2328478297/42504961
Neptune Avenue,West 6th Street,Brooklyn,40.579974,-73.974759,2328486881/2328487285/42482636/2328480917
Neptune Avenue,West 8th Street,Brooklyn,40.579823,-73.976218,42504968/8400807146/2328480915/8400869519
Nevins Street,Pacific Street,Brooklyn,40.685451,-73.983092,42529935
Nevins Street,President Street,Brooklyn,40.678472,-73.987823,42514986
Nevins Street,Sackett Street,Brooklyn,40.679744,-73.986961,42478127
Nevins Street,Schermerhorn Street,Brooklyn,40.687328,-73.981811,42523195
Nevins Street,State Street,Brooklyn,40.686721,-73.982232,42517476
Nevins Street,Union Street,Brooklyn,40.679106,-73.987394,42486353
Nevins Street,Warren Street,Brooklyn,40.682907,-73.984791,42484051
Nevins Street,Wyckoff Street,Brooklyn,40.683541,-73.984371,42498536
New Jersey Avenue,New Lots Avenue,Brooklyn,40.662197,-73.892287,42495814
New Jersey Avenue,Pitkin Avenue,Brooklyn,40.672043,-73.894862,42495789
New Jersey Avenue,Riverdale Avenue,Brooklyn,40.663381,-73.892664,42495811
New Jersey Avenue,Stanley Avenue,Brooklyn,40.657316,-73.888633,42474760
New Jersey Avenue,Sutter Avenue,Brooklyn,40.669519,-73.894231,42495795
New Jersey Avenue,Wortman Avenue,Brooklyn,40.655832,-73.887535,42474763
New Lots Avenue,Pennsylvania Avenue,Brooklyn,40.661834,-73.893103,42495652
New Lots Avenue,Powell Street,Brooklyn,40.658309,-73.901035,42504010
New Lots Avenue,Riverdale Avenue,Brooklyn,40.664015,-73.888181,42472342
New Lots Avenue,Sackman Street,Brooklyn,40.657925,-73.901891,42515401
New Lots Avenue,Schenck Avenue,Brooklyn,40.664744,-73.886495,42515544/42515543
New Lots Avenue,Sheffield Avenue,Brooklyn,40.661425,-73.894031,42511320/42511312
New Lots Avenue,Shepherd Avenue,Brooklyn,40.667872,-73.879216,42515565
New Lots Avenue,Snediker Avenue,Brooklyn,40.659451,-73.898456,42469293
New Lots Avenue,Van Siclen Avenue,Brooklyn,40.664015,-73.888181,42472342
New Lots Avenue,Van Sinderen Avenue,Brooklyn,40.659112,-73.899217,42515508
New Lots Avenue,Vermont Street,Brooklyn,40.662563,-73.891449,42511414
New Lots Avenue,Warwick Street,Brooklyn,40.665807,-73.884017,42485169/42485133
New Lots Avenue,Watkins Street,Brooklyn,40.656684,-73.90453,42474565
New Lots Avenue,Williams Avenue,Brooklyn,40.660217,-73.89674,42500272
New Lots Avenue,Wyona Street,Brooklyn,40.662924,-73.89062,42478643
New Utrecht Avenue,Ovington Avenue,Brooklyn,40.62127,-73.998382,42468183
New York Avenue,Newkirk Avenue,Brooklyn,40.640165,-73.945522,42485867
New York Avenue,Pacific Street,Brooklyn,40.677501,-73.946999,42496498
New York Avenue,Park Place,Brooklyn,40.673272,-73.947396,42496512
New York Avenue,Parkside Avenue,Brooklyn,40.656437,-73.947264,42496559
New York Avenue,President Street,Brooklyn,40.667922,-73.947899,42496526
New York Avenue,Prospect Place,Brooklyn,40.674162,-73.947313,42473632
New York Avenue,Rutland Road,Brooklyn,40.659586,-73.947601,42496549
New York Avenue,Saint Johns Place,Brooklyn,40.671488,-73.947564,42496516
New York Avenue,Saint Marks Avenue,Brooklyn,40.675053,-73.94723,42496508
New York Avenue,Snyder Avenue,Brooklyn,40.649102,-73.946479,42496574
New York Avenue,Sterling Place,Brooklyn,40.67238,-73.94748,42474987
New York Avenue,Sterling Street,Brooklyn,40.663307,-73.947997,42496540
New York Avenue,Tilden Avenue,Brooklyn,40.647006,-73.94626,42496577
New York Avenue,Union Street,Brooklyn,40.668791,-73.947817,42486245
New York Avenue,Winthrop Street,Brooklyn,40.65728,-73.947354,42496556
Newel Street,Norman Avenue,Brooklyn,40.726548,-73.948373,42512081
Newkirk Avenue,Nostrand Avenue,Brooklyn,40.639987,-73.948414,42481733
Newkirk Avenue,Ocean Avenue,Brooklyn,40.637772,-73.958674,42485839
Newkirk Avenue,Ocean Parkway,Brooklyn,40.631499,-73.971852,42485784/42485779/42485782
Newkirk Avenue,Rogers Avenue,Brooklyn,40.639808,-73.951306,42485859
Newkirk Avenue,Rugby Road,Brooklyn,40.6351,-73.964217,42485795
Newkirk Avenue,Westminster Road,Brooklyn,40.634267,-73.965955,42485790
Newport Street,Osborn Street,Brooklyn,40.659754,-73.90627,42511782
Newport Street,Powell Street,Brooklyn,40.660451,-73.90158,42504005
Newport Street,Rockaway Avenue,Brooklyn,40.659478,-73.90813,42511776
Newport Street,Sackman Street,Brooklyn,40.660315,-73.902499,42511789
Newport Street,Saratoga Avenue,Brooklyn,40.658503,-73.914692,42476306
Newport Street,Snediker Avenue,Brooklyn,40.660861,-73.898819,42469290
Newport Street,Strauss Street,Brooklyn,40.658645,-73.913736,42511765
Newport Street,Thatford Avenue,Brooklyn,40.659619,-73.907191,42485256
Newport Street,Thomas S. Boyland Street,Brooklyn,40.659061,-73.910943,42509491
Newport Street,Van Sinderen Avenue,Brooklyn,40.660735,-73.899652,42511798
Newport Street,Watkins Street,Brooklyn,40.659891,-73.90535,42500244
Newport Street,Williams Avenue,Brooklyn,40.661135,-73.896975,42500270
Newport Street,Willmohr Street,Brooklyn,40.658393,-73.915567,42475594
Nichols Avenue,O'Brien Place,Brooklyn,40.686619,-73.869155,42499888
Nichols Avenue,Ridgewood Avenue,Brooklyn,40.686322,-73.869084,42478972
Nichols Avenue,Sheridan Avenue,Brooklyn,40.682605,-73.868073,42482730
Nixon Court,Ocean Parkway,Brooklyn,40.585127,-73.966791,2282434898
Nixon Court,West Street,Brooklyn,40.584873,-73.969147,42525719
Noble Street,West Street,Brooklyn,40.728315,-73.958993,42498314
Noel Avenue,Nova Court,Brooklyn,40.587885,-73.92351,42476451
Noel Avenue,Seba Avenue,Brooklyn,40.587624,-73.923218,42466579
Noll Street,Stanwix Street,Brooklyn,40.700467,-73.934524,42479505
Noll Street,Wilson Avenue,Brooklyn,40.703473,-73.930594,42479524
Norfolk Street,Oriental Boulevard,Brooklyn,40.578373,-73.93887,42464396/1167630572
Norfolk Street,Shore Boulevard,Brooklyn,40.580841,-73.938989,42487002
Norman Avenue,North Henry Street,Brooklyn,40.727582,-73.943874,42523808
Norman Avenue,Russell Street,Brooklyn,40.727493,-73.944808,42472693
Norman Avenue,Sutton Street,Brooklyn,40.727841,-73.941043,42510089
Norman Avenue,Wythe Avenue,Brooklyn,40.72433,-73.955129,42488122
North 10th Street,Roebling Street,Brooklyn,40.717911,-73.953398,42482473
North 10th Street,Union Avenue,Brooklyn,40.717231,-73.952147,42482474
North 10th Street,Wythe Avenue,Brooklyn,40.721181,-73.958648,42482458
North 11th Street,Roebling Street,Brooklyn,40.718466,-73.952812,42526495
North 11th Street,Union Avenue,Brooklyn,40.718179,-73.952302,42520612
North 11th Street,Wythe Avenue,Brooklyn,40.721729,-73.958061,42506305
North 12th Street,Union Avenue,Brooklyn,40.719188,-73.952488,42514559
North 12th Street,Wythe Avenue,Brooklyn,40.722283,-73.957464,42506300
North 13th Street,Wythe Avenue,Brooklyn,40.722838,-73.956868,42488163
North 14th Street,Wythe Avenue,Brooklyn,40.723395,-73.956276,42506291
North 15th Street,Wythe Avenue,Brooklyn,40.723952,-73.955684,42500979
North 1st Street,River Street,Brooklyn,40.717252,-73.965734,42488999
North 1st Street,Wythe Avenue,Brooklyn,40.716346,-73.963859,42489001
North 3rd Street,River Street,Brooklyn,40.718375,-73.964621,42520686
North 3rd Street,Wythe Avenue,Brooklyn,40.717272,-73.962847,42506321
North 4th Street,North 5th Street,Brooklyn,40.719697,-73.963687,1424163333
North 4th Street,Roebling Street,Brooklyn,40.714646,-73.957048,42473959
North 4th Street,Wythe Avenue,Brooklyn,40.717871,-73.962206,42473950
North 5th Street,Roebling Street,Brooklyn,40.715144,-73.956368,42526505
North 5th Street,Wythe Avenue,Brooklyn,40.718417,-73.96162,42506318
North 6th Place,North 6th Street,Brooklyn,40.720365,-73.96328,42506166
North 6th Place,North 7th Street,Brooklyn,40.720855,-73.962554,1422507548
North 6th Street,Roebling Street,Brooklyn,40.715702,-73.95578,42506186
North 6th Street,Wythe Avenue,Brooklyn,40.718968,-73.961028,42506170
North 7th Street,Roebling Street,Brooklyn,40.716252,-73.955186,42480071
North 7th Street,Wythe Avenue,Brooklyn,40.719521,-73.960434,42480055
North 8th Street,Roebling Street,Brooklyn,40.716805,-73.954587,42518980
North 8th Street,Wythe Avenue,Brooklyn,40.720078,-73.95984,42506310
North 9th Street,Roebling Street,Brooklyn,40.717357,-73.953992,42492547
North 9th Street,Withers Street,Brooklyn,40.716545,-73.952678,42480130
North 9th Street,Wythe Avenue,Brooklyn,40.720627,-73.959244,42492539
North Elliott Place,Park Avenue,Brooklyn,40.696382,-73.977369,42471707
North Grimes Road,Wainwright Drive,Brooklyn,40.60865,-74.025787,42487265
North Henry Street,Richardson Street,Brooklyn,40.719022,-73.942472,42511030
North Oxford Street,Park Avenue,Brooklyn,40.696294,-73.975438,42471715
North Portland Avenue,Park Avenue,Brooklyn,40.696188,-73.97641,42471764/42471710
North Service Road,Washington Avenue,Brooklyn,40.671855,-73.96261,541999523
Norwood Avenue,Ridgewood Avenue,Brooklyn,40.683693,-73.87963,42478943
Nostrand Avenue,Pacific Street,Brooklyn,40.677652,-73.94977,42481613
Nostrand Avenue,Park Avenue,Brooklyn,40.697204,-73.952925,42471852
Nostrand Avenue,Park Place,Brooklyn,40.673422,-73.950166,42481627
Nostrand Avenue,Parkside Avenue,Brooklyn,40.65626,-73.95016,42481690
Nostrand Avenue,President Street,Brooklyn,40.668072,-73.950668,42481648
Nostrand Avenue,Prospect Place,Brooklyn,40.674312,-73.950082,42473627
Nostrand Avenue,Pulaski Street,Brooklyn,40.692063,-73.951902,42481546
Nostrand Avenue,Putnam Avenue,Brooklyn,40.684002,-73.950299,42481586
Nostrand Avenue,Quentin Road,Brooklyn,40.610038,-73.943671,42470816/42470925
Nostrand Avenue,Quincy Street,Brooklyn,40.686932,-73.950883,42481572
Nostrand Avenue,Rutland Road,Brooklyn,40.659405,-73.950493,42481677
Nostrand Avenue,Saint Johns Place,Brooklyn,40.671638,-73.950334,42481637
Nostrand Avenue,Saint Marks Avenue,Brooklyn,40.675204,-73.950001,42481621
Nostrand Avenue,Shore Parkway,Brooklyn,40.585693,-73.939098,42480241/42480734
Nostrand Avenue,Snyder Avenue,Brooklyn,40.648923,-73.949368,42481713
Nostrand Avenue,Sterling Place,Brooklyn,40.67253,-73.950251,42474983
Nostrand Avenue,Sterling Street,Brooklyn,40.663126,-73.950893,42481663
Nostrand Avenue,Sullivan Place,Brooklyn,40.664683,-73.951004,42481657
Nostrand Avenue,Tilden Avenue,Brooklyn,40.646886,-73.949152,42481716
Nostrand Avenue,Union Street,Brooklyn,40.668965,-73.950584,42481645
Nostrand Avenue,Vernon Avenue,Brooklyn,40.694263,-73.952341,42481537
Nostrand Avenue,Voorhies Avenue,Brooklyn,40.587316,-73.939377,5391643312/42481847
Nostrand Avenue,Willoughby Avenue,Brooklyn,40.693465,-73.952186,4562139153
Nostrand Avenue,Winthrop Street,Brooklyn,40.657095,-73.950247,42481687
Oak Leaf Avenue,Vista Avenue,Brooklyn,40.653167,-73.990438,757488160
Oak Street,West Street,Brooklyn,40.727596,-73.958879,42484582
Oak Street,Wharf Drive,Brooklyn,40.72746,-73.960201,11099032984
Oakland Place,Tilden Avenue,Brooklyn,40.646659,-73.954859,42484339
Oakwood Avenue,Southwood Avenue,Brooklyn,40.651364,-73.988916,757488286
Ocean Avenue,Oriental Boulevard,Brooklyn,40.577499,-73.947276,1167644792/4643580007
Ocean Avenue,Parkside Avenue,Brooklyn,40.654875,-73.961901,42492967
Ocean Avenue,Quentin Road,Brooklyn,40.608816,-73.953193,42470903
Ocean Avenue,Regent Place,Brooklyn,40.645796,-73.960196,42460674
Ocean Avenue,Saint Pauls Court,Brooklyn,40.65097,-73.961203,42512738
Ocean Avenue,Shore Boulevard,Brooklyn,40.581789,-73.948084,42486959
Ocean Avenue,Shore Parkway,Brooklyn,40.58461,-73.948614,42480692/42480231
Ocean Avenue,Tennis Court,Brooklyn,40.648643,-73.960753,42490753
Ocean Avenue,Vine Avenue,Brooklyn,40.651417,-73.987568,757468465
Ocean Avenue,Voorhies Avenue,Brooklyn,40.586266,-73.948928,42512849
Ocean Avenue,Woodruff Avenue,Brooklyn,40.654071,-73.961754,42512728
Ocean Court,Ocean Parkway,Brooklyn,40.59036,-73.965303,2282434930/2282434932
Ocean Parkway,Oceanview Avenue,Brooklyn,40.578463,-73.96804,42508930/1167486333/1167486551
Ocean Parkway,Park Circle,Brooklyn,40.650758,-73.972644,11565186905/1942053409/2356694661
Ocean Parkway,Parkville Avenue,Brooklyn,40.630763,-73.971715,42508656/42508764/42508573
Ocean Parkway,Parkway Court,Brooklyn,40.589642,-73.965467,2282434928/2282434925
Ocean Parkway,Prospect Avenue,Brooklyn,40.650288,-73.975574,588152174
Ocean Parkway,Prospect Expressway,Brooklyn,40.644905,-73.974407,42497305/1942053146
Ocean Parkway,Quentin Road,Brooklyn,40.607265,-73.967266,42470985/2282435115/2282435119
Ocean Parkway,Ryder Avenue,Brooklyn,40.614265,-73.968878,2282435285
Ocean Parkway,Sea Breeze Avenue,Brooklyn,40.575217,-73.968781,1167470882/42481516/1167469682
Ocean Parkway,Sherman Street,Brooklyn,40.650688,-73.973728,42508722
Ocean Parkway,Surf Avenue,Brooklyn,40.575217,-73.968781,1167470882/42481516/1167469682
Ocean Parkway,Webster Avenue,Brooklyn,40.632275,-73.971999,42486048/42486044/42486053
Ocean Parkway,West Avenue,Brooklyn,40.58155,-73.967472,2282434873/42475882
Ocean Parkway,West Brighton Avenue,Brooklyn,40.576328,-73.968671,2282434866/2552762860/42508933/9514009886
Ocean Parkway Bike Path,Oceanview Avenue,Brooklyn,40.578489,-73.968233,11395297484
Ocean Parkway Bike Path,Parkville Avenue,Brooklyn,40.630677,-73.971894,11890331350
Ocean Parkway Bike Path,West Avenue,Brooklyn,40.581557,-73.967522,2356694546
Ocean Parkway Bike Path,West Brighton Avenue,Brooklyn,40.576331,-73.968727,2552762914/2552762858
Oceana Drive East,Oceana Drive West,Brooklyn,40.577352,-73.958136,2552950735
Oceana Drive East,Oceana Terrace,Brooklyn,40.577356,-73.958051,7968758128
Oceana Drive East,Seacoast Terrace,Brooklyn,40.576729,-73.956699,1933644266
Oceana Drive West,Oceana Terrace,Brooklyn,40.57735,-73.958188,2552950734
Oceanic Avenue,Sea Gate Avenue,Brooklyn,40.575263,-74.005305,42467951
Oceanic Avenue,Surf Avenue,Brooklyn,40.575088,-74.006923,7149973387
Oceanic Avenue,Tudor Terrace,Brooklyn,40.575476,-74.003334,8421879211
Oceanview Avenue,West End Avenue,Brooklyn,40.579267,-73.95335,42490980
Old Fulton Street,Prospect Street,Brooklyn,40.700791,-73.990983,42519809/5649546987
Old Fulton Street,Water Street,Brooklyn,40.70287,-73.994395,42469320/3174844141
Oleaster Path,Spruce Avenue,Brooklyn,40.650232,-73.997274,9606440069
Olive Street,Orient Avenue,Brooklyn,40.715325,-73.938689,42494204
Olive Street,Powers Street,Brooklyn,40.713202,-73.938793,42494194
Olive Street,Sharon Street,Brooklyn,40.715325,-73.938689,42494204
Oliver Street,Shore Road,Brooklyn,40.619153,-74.039972,42470770
Onderdonk Avenue,Scholes Street,Brooklyn,40.71284,-73.922208,42477659
Orange Street,Willow Street,Brooklyn,40.699425,-73.994846,42513259
Orchard Avenue,Spruce Avenue,Brooklyn,40.648853,-73.996287,756247019
Orchard Avenue,Summit Avenue,Brooklyn,40.647704,-73.99364,756247165
Orchard Avenue,Vale Avenue,Brooklyn,40.647853,-73.994644,757489048
Orient Avenue,Sharon Street,Brooklyn,40.715325,-73.938689,42494204
Oriental Boulevard,Oxford Street,Brooklyn,40.578404,-73.937945,1167630417/42464397
Oriental Boulevard,Perry Avenue,Brooklyn,40.578406,-73.937318,1167631659/1167632404/42464398
Oriental Boulevard,Quentin Street,Brooklyn,40.578579,-73.936039,1167626851
Oriental Boulevard,Seawall Avenue,Brooklyn,40.578136,-73.931938,42464407
Oriental Boulevard,West End Avenue,Brooklyn,40.576882,-73.952886,42464355
Osborn Street,Pitkin Avenue,Brooklyn,40.669961,-73.908883,42511525
Osborn Street,Riverdale Avenue,Brooklyn,40.661294,-73.906666,42496241
Osborn Street,Sutter Avenue,Brooklyn,40.667425,-73.908231,42515055
Otsego Street,Sigourney Street,Brooklyn,40.673205,-74.010549,42531198
Otsego Street,Van Dyke Street,Brooklyn,40.67293,-74.010682,42530040
Otsego Street,Wolcott Street,Brooklyn,40.675141,-74.009612,42518693
Ovington Avenue,Ridge Boulevard,Brooklyn,40.635372,-74.029139,42504813
Ovington Avenue,Stewart Avenue,Brooklyn,40.630899,-74.017711,42504831
Owls Head Park Greenway,Shore Road,Brooklyn,40.6398,-74.03554,10000890455
Owls Head Park Greenway,Shore Road Greenway,Brooklyn,40.6398,-74.03554,10000890455
Oxford Street,Shore Boulevard,Brooklyn,40.580858,-73.938049,42487011
Oystercatcher Trail,Peregrine Trail,Brooklyn,40.639181,-73.872326,2870898399
Pacific Street,Ralph Avenue,Brooklyn,40.676131,-73.921901,42494039
Pacific Street,Rochester Avenue,Brooklyn,40.676444,-73.927615,42534024
Pacific Street,Rockaway Avenue,Brooklyn,40.675534,-73.911003,42516686
Pacific Street,Sackman Street,Brooklyn,40.675273,-73.906203,42515450
Pacific Street,Saratoga Avenue,Brooklyn,40.675838,-73.916544,42476349
Pacific Street,Schenectady Avenue,Brooklyn,40.676745,-73.933153,42516358
Pacific Street,Smith Street,Brooklyn,40.68799,-73.989609,42492223
Pacific Street,Thomas S. Boyland Street,Brooklyn,40.675687,-73.91377,42509416
Pacific Street,Troy Avenue,Brooklyn,40.676895,-73.935923,42493217
Pacific Street,Underhill Avenue,Brooklyn,40.680349,-73.964797,42526329
Pacific Street,Utica Avenue,Brooklyn,40.676597,-73.930383,42520919
Pacific Street,Vanderbilt Avenue,Brooklyn,40.680957,-73.967673,42469633
Pacific Street,Washington Avenue,Brooklyn,40.680236,-73.964236,42478421
Paerdegat 10th Street,Paerdegat Avenue North,Brooklyn,40.62863,-73.90571,42500855
Paerdegat 11th Street,Paerdegat Avenue North,Brooklyn,40.628198,-73.904891,42474169/4384787135
Paerdegat 12th Street,Paerdegat Avenue North,Brooklyn,40.62789,-73.904069,42525656
Paerdegat 13th Street,Paerdegat Avenue North,Brooklyn,40.627509,-73.90323,42487888
Paerdegat 14th Street,Paerdegat Avenue North,Brooklyn,40.627137,-73.902381,42525660
Paerdegat 15th Street,Paerdegat Avenue North,Brooklyn,40.626779,-73.90157,42519291
Paerdegat 1st Street,Paerdegat Avenue North,Brooklyn,40.631968,-73.913181,7964677801/7964677802
Paerdegat 2nd Street,Paerdegat Avenue North,Brooklyn,40.631604,-73.912311,42525637
Paerdegat 3rd Street,Paerdegat Avenue North,Brooklyn,40.631243,-73.911511,42484334
Paerdegat 4th Street,Paerdegat Avenue North,Brooklyn,40.630874,-73.91068,42460415
Paerdegat 5th Street,Paerdegat Avenue North,Brooklyn,40.630491,-73.909846,42504555
Paerdegat 6th Street,Paerdegat Avenue North,Brooklyn,40.630132,-73.909023,42478779
Paerdegat 7th Street,Paerdegat Avenue North,Brooklyn,40.629751,-73.90819,42525649
Paerdegat 8th Street,Paerdegat Avenue North,Brooklyn,40.629379,-73.907353,42511166
Paerdegat 9th Street,Paerdegat Avenue North,Brooklyn,40.629011,-73.906541,42484410
Paerdegat Avenue North,Seaview Avenue,Brooklyn,40.626329,-73.900676,42470105/2807151238/2630496623
Paerdegat Avenue South,Ralph Avenue,Brooklyn,40.632388,-73.918639,6194157368
Paidge Avenue,Provost Street,Brooklyn,40.736717,-73.950207,42469151
Palmetto Street,Ridgewood Place,Brooklyn,40.698783,-73.911776,42490624
Palmetto Street,Wilson Avenue,Brooklyn,40.694922,-73.915562,42496748
Palmetto Street,Wyckoff Avenue,Brooklyn,40.699511,-73.911065,8421773046
Parade Place,Parkside Avenue,Brooklyn,40.653189,-73.966213,42499234
Parade Place,Woodruff Avenue,Brooklyn,40.6525,-73.965751,42522822
Park Avenue,Ryerson Street,Brooklyn,40.695781,-73.965433,42471733/42471789
Park Avenue,Saint Edwards Street,Brooklyn,40.696136,-73.978327,42461974
Park Avenue,Sandford Street,Brooklyn,40.697099,-73.953853,42471849
Park Avenue,Skillman Street,Brooklyn,40.696676,-73.957526,42471838
Park Avenue,Spencer Street,Brooklyn,40.696894,-73.955637,42471844
Park Avenue,Steuben Street,Brooklyn,40.69588,-73.963541,42471802
Park Avenue,Taaffe Place,Brooklyn,40.69632,-73.960621,42471833
Park Avenue,Throop Avenue,Brooklyn,40.698221,-73.943958,42471870
Park Avenue,Tillary Street,Brooklyn,40.696334,-73.980377,479715801/42471754
Park Avenue,Tompkins Avenue,Brooklyn,40.697903,-73.946797,42471859
Park Avenue,Vanderbilt Avenue,Brooklyn,40.695959,-73.9704,42469612/42469607
Park Avenue,Walworth Street,Brooklyn,40.696995,-73.954745,42471847
Park Avenue,Warsoff Place,Brooklyn,40.697099,-73.953853,42471849
Park Avenue,Washington Avenue,Brooklyn,40.695849,-73.967384,42471731/42471787
Park Avenue,Waverly Avenue,Brooklyn,40.695887,-73.968381,42471728/42471786
Park Avenue,Williamsburg Street West,Brooklyn,40.696042,-73.964857,537402600
Park Circle,Parkside Avenue,Brooklyn,40.651205,-73.971587,249208032/1942053697/1942053692/9193636229
Park Circle,Prospect Park Southwest,Brooklyn,40.651444,-73.972359,1701116528/824069027/1701116556/249208039
Park Place,Ralph Avenue,Brooklyn,40.6719,-73.9223,42494059
Park Place,Rochester Avenue,Brooklyn,40.672211,-73.928014,42534032
Park Place,Rogers Avenue,Brooklyn,40.673571,-73.952937,42526048
Park Place,Saratoga Avenue,Brooklyn,40.671607,-73.916942,42476335
Park Place,Schenectady Avenue,Brooklyn,40.672515,-73.933553,42516378
Park Place,Thomas S. Boyland Street,Brooklyn,40.671456,-73.914174,42509432
Park Place,Troy Avenue,Brooklyn,40.672674,-73.936343,42493247
Park Place,Underhill Avenue,Brooklyn,40.67618,-73.966296,42526338
Park Place,Utica Avenue,Brooklyn,40.672363,-73.930785,42520929
Park Place,Vanderbilt Avenue,Brooklyn,40.676786,-73.969183,42469651
Park Place,Virginia Place,Brooklyn,40.672867,-73.939971,42504389
Park Place,Washington Avenue,Brooklyn,40.675561,-73.963331,42478446
Parkside Avenue,Parkside Court,Brooklyn,40.655341,-73.960699,42499242
Parkside Avenue,Rogers Avenue,Brooklyn,40.656081,-73.953048,42499262
Parkside Avenue,Saint Pauls Place,Brooklyn,40.653995,-73.964145,42499237
Parkville Avenue,Seton Place,Brooklyn,40.629409,-73.974524,11890331361
Patchen Avenue,Putnam Avenue,Brooklyn,40.686702,-73.926823,42485027
Patchen Avenue,Quincy Street,Brooklyn,40.689634,-73.927408,42485014
Patchen Avenue,Sumpter Street,Brooklyn,40.679392,-73.925344,42470090
Patchen Avenue,Van Buren Street,Brooklyn,40.691827,-73.92785,42485007
Paulding Street,Washington Avenue,Brooklyn,40.699047,-73.967658,42478365
Paulding Street,Welding Road,Brooklyn,40.699005,-73.96663,4758931800
Pearl Street,Plymouth Street,Brooklyn,40.703788,-73.987552,42469184
Pearl Street,Prospect Street,Brooklyn,40.700676,-73.987741,42469212
Pearl Street,Red Hook Lane,Brooklyn,40.691802,-73.988213,42464824
Pearl Street,Sands Street,Brooklyn,40.7001,-73.987778,370870738/598050852/42469214
Pearl Street,Willoughby Street,Brooklyn,40.692279,-73.9882,42469228
Pearl Street,York Street,Brooklyn,40.70156,-73.987675,42469205
Pembroke Street,Shore Boulevard,Brooklyn,40.580873,-73.937093,42472705
Pence Street,Roosevelt,Brooklyn,40.607977,-74.030796,42487257
Pence Street,Roosevelt Lane,Brooklyn,40.607977,-74.030796,42487257
Pence Street,Sterling Drive,Brooklyn,40.609826,-74.032674,42487251
Pence Street,White Avenue,Brooklyn,40.608746,-74.030393,42487253
Penn Ring Drive,Peregrine Trail,Brooklyn,40.638595,-73.870879,2870898364
Penn Ring Drive,Red Tail Trail,Brooklyn,40.638018,-73.875776,2870898327
Penn Street,Williamsburg Street East,Brooklyn,40.700263,-73.96128,42482032
Penn Street,Wythe Avenue,Brooklyn,40.700792,-73.9605,42482034
Pennsylvania Avenue,Pitkin Avenue,Brooklyn,40.671893,-73.895867,42495629
Pennsylvania Avenue,Riverdale Avenue,Brooklyn,40.663223,-73.89365,42495647
Pennsylvania Avenue,Schroeders Avenue,Brooklyn,40.647604,-73.881465,42495698/4202789390
Pennsylvania Avenue,Seaview Avenue,Brooklyn,40.644044,-73.877515,4335349961/4335349964
Pennsylvania Avenue,Stanley Avenue,Brooklyn,40.656982,-73.889411,5423598745/5423598725
Pennsylvania Avenue,Sutter Avenue,Brooklyn,40.66937,-73.895222,42495632
Pennsylvania Avenue,Twin Pines Drive East,Brooklyn,40.648444,-73.882417,4202789394/42495695
Pennsylvania Avenue,Vandalia Avenue,Brooklyn,40.650763,-73.884793,5314096947/42495677
Pennsylvania Avenue,Wortman Avenue,Brooklyn,40.655501,-73.888305,5423598747/5423598733
Peregrine Trail,Red Tail Trail,Brooklyn,40.638665,-73.874812,2870898368
Perry Avenue,Sands Street,Brooklyn,40.699626,-73.978613,2406352161
Perry Avenue,Warrington Avenue,Brooklyn,40.698978,-73.977398,9998755686
Pershing Loop,Sterling Drive,Brooklyn,40.605642,-74.023813,42485454
Pierrepont Place,Pierrepont Street,Brooklyn,40.696311,-73.997078,42476712
Pierrepont Street,Willow Street,Brooklyn,40.696131,-73.996413,42476718
Pine Avenue,Vista Avenue,Brooklyn,40.653296,-73.990877,758811527
Pine Street,Pitkin Avenue,Brooklyn,40.675541,-73.870989,42511637
Pine Street,Ridgewood Avenue,Brooklyn,40.685181,-73.873655,42478957
Pine Street,South Conduit Boulevard,Brooklyn,40.677483,-73.871405,598629596
Pine Street,Sutter Avenue,Brooklyn,40.673014,-73.870368,42515144
Pine Street,Wortman Avenue,Brooklyn,40.663788,-73.868074,42522197
Pineapple Street,Willow Street,Brooklyn,40.698774,-73.995156,42513265
Pioneer Street,Pioneer Street Cycleway,Brooklyn,40.679723,-74.012296,6467207017
Pioneer Street,Richards Street,Brooklyn,40.677898,-74.009544,42469874
Pioneer Street,Van Brunt Street,Brooklyn,40.678926,-74.011055,42469876
Pitkin Avenue,Powell Street,Brooklyn,40.670657,-73.904201,42503970
Pitkin Avenue,Rockaway Avenue,Brooklyn,40.669685,-73.910742,42511521
Pitkin Avenue,Sackman Street,Brooklyn,40.670528,-73.90511,42511543
Pitkin Avenue,Saratoga Avenue,Brooklyn,40.668708,-73.917306,42476290
Pitkin Avenue,Schenck Avenue,Brooklyn,40.672983,-73.888515,42511578
Pitkin Avenue,Sheffield Avenue,Brooklyn,40.671749,-73.89684,42511293
Pitkin Avenue,Shepherd Avenue,Brooklyn,40.674121,-73.880803,42511604
Pitkin Avenue,Snediker Avenue,Brooklyn,40.671069,-73.901429,42469270
Pitkin Avenue,South Conduit Boulevard,Brooklyn,40.6761,-73.867146,598629580
Pitkin Avenue,Strauss Street,Brooklyn,40.668851,-73.916349,42511511
Pitkin Avenue,Thatford Avenue,Brooklyn,40.669825,-73.909803,42485263
Pitkin Avenue,Thomas S. Boyland Street,Brooklyn,40.669264,-73.913555,42509464
Pitkin Avenue,Van Siclen Avenue,Brooklyn,40.672717,-73.890316,42472365
Pitkin Avenue,Van Sinderen Avenue,Brooklyn,40.670936,-73.902289,42511555
Pitkin Avenue,Vermont Street,Brooklyn,40.672174,-73.893955,42511395
Pitkin Avenue,Warwick Street,Brooklyn,40.67338,-73.88584,42485158
Pitkin Avenue,Watkins Street,Brooklyn,40.670098,-73.90797,42500229
Pitkin Avenue,Williams Avenue,Brooklyn,40.671341,-73.899586,42500260
Pitkin Avenue,Wyona Street,Brooklyn,40.672315,-73.893028,42478543
Plaza Street East,Vanderbilt Avenue,Brooklyn,40.675367,-73.969688,42469657
Plaza Street West,Prospect Park West,Brooklyn,40.672646,-73.970423,42476080
Plaza Street West,Saint Johns Place,Brooklyn,40.675248,-73.971046,42491642
Plaza Street West,Union Street,Brooklyn,40.672723,-73.970905,42486371
Plaza Street West,West Drive,Brooklyn,40.672641,-73.970041,4705971225
Plumb 1st Street,Shore Parkway,Brooklyn,40.585086,-73.930191,42480772
Plumb 1st Street,Voorhies Avenue,Brooklyn,40.588246,-73.930819,42521534
Plumb 1st Street,Whitney Avenue,Brooklyn,40.597719,-73.932576,42515236
Plumb 2nd Street,Whitney Avenue,Brooklyn,40.598264,-73.931732,42505655
Plumb 3rd Street,Shore Parkway,Brooklyn,40.585156,-73.928386,42462926
Plymouth Street,Washington Street,Brooklyn,40.70386,-73.989538,42472714
Polar Street,Seagate Avenue,Brooklyn,40.58008,-74.006055,2335027433
Polar Street,West 37th Street,Brooklyn,40.58031,-74.003876,10131859162
Poly Place,VA Hospital Entrance Road,Brooklyn,40.608795,-74.023158,2312511257/2312511262
Poly Place,Wainwright Drive,Brooklyn,40.609716,-74.024778,42484827
Poplar Avenue,Sea Gate Avenue,Brooklyn,40.580041,-74.006218,42467978
Poplar Avenue,Surf Avenue,Brooklyn,40.579784,-74.008523,42466754
Poplar Street,Willow Street,Brooklyn,40.701235,-73.993467,451023550
Portal Street,Union Street,Brooklyn,40.667468,-73.924687,42486300
Porter Avenue,Thames Street,Brooklyn,40.705482,-73.928254,42520112
Powell Street,Riverdale Avenue,Brooklyn,40.661988,-73.901972,42496267
Powell Street,Sutter Avenue,Brooklyn,40.668124,-73.903572,42503973
Powers Street,Union Avenue,Brooklyn,40.711693,-73.951228,7976681097
President Street,Prospect Park West,Brooklyn,40.671875,-73.970866,42476084
President Street,Rochester Avenue,Brooklyn,40.666866,-73.928525,42515020
President Street,Rogers Avenue,Brooklyn,40.668224,-73.953439,42515011
President Street,Schenectady Avenue,Brooklyn,40.667168,-73.934058,42515017
President Street,Smith Street,Brooklyn,40.680962,-73.994372,42492257/42492259
President Street,Troy Avenue,Brooklyn,40.667317,-73.936825,42493255
President Street,Utica Avenue,Brooklyn,40.667015,-73.931291,42515018
President Street,Van Brunt Street,Brooklyn,40.68434,-74.005529,5853910568/42515022
President Street,Washington Avenue,Brooklyn,40.669641,-73.962194,42478464
Preston Court,Ralph Avenue,Brooklyn,40.641191,-73.919563,42471570
Prince Street,Tillary Street,Brooklyn,40.695891,-73.982406,598043811
Prospect Avenue,Prospect Park West,Brooklyn,40.658809,-73.981717,42476056
Prospect Avenue,Reeve Place,Brooklyn,40.652742,-73.976081,42488455
Prospect Avenue,Terrace Place,Brooklyn,40.655311,-73.97657,42498559
Prospect Avenue,Vanderbilt Street,Brooklyn,40.653502,-73.976227,42510760
Prospect Avenue,Webster Place,Brooklyn,40.662339,-73.987569,42510740
Prospect Park Southwest,Prospect Park West Bike Path,Brooklyn,40.660809,-73.979471,2357316892
Prospect Park Southwest,Reeve Place,Brooklyn,40.653909,-73.973056,1691133691
Prospect Park Southwest,Seeley Street,Brooklyn,40.655653,-73.973558,1691133701
Prospect Park Southwest,Terrace Place,Brooklyn,40.656361,-73.973762,1691133728
Prospect Park Southwest,Vanderbilt Street,Brooklyn,40.654634,-73.973263,1691133695
Prospect Park Southwest,Windsor Place,Brooklyn,40.656495,-73.9738,5320587912
Prospect Park West,Windsor Place,Brooklyn,40.659794,-73.980875,42476053
Prospect Park West Bike Path,West Drive,Brooklyn,40.661065,-73.979443,2357316901
Prospect Place,Ralph Avenue,Brooklyn,40.672792,-73.922215,42473549
Prospect Place,Rochester Avenue,Brooklyn,40.673106,-73.927929,42473543
Prospect Place,Rockaway Avenue,Brooklyn,40.672196,-73.911323,42473569
Prospect Place,Rogers Avenue,Brooklyn,40.674462,-73.952849,42473621
Prospect Place,Saratoga Avenue,Brooklyn,40.672499,-73.916857,42473560
Prospect Place,Schenectady Avenue,Brooklyn,40.673408,-73.933468,42473534
Prospect Place,Thomas S. Boyland Street,Brooklyn,40.672348,-73.91409,42473564
Prospect Place,Troy Avenue,Brooklyn,40.67356,-73.936263,42473532
Prospect Place,Underhill Avenue,Brooklyn,40.67706,-73.965974,42473600
Prospect Place,Utica Avenue,Brooklyn,40.673257,-73.930697,42473537
Prospect Place,Vanderbilt Avenue,Brooklyn,40.677667,-73.968866,42469649
Prospect Place,Warren Street,Brooklyn,40.680267,-73.977849,42465246
Prospect Place,Washington Avenue,Brooklyn,40.676547,-73.963529,42473603
Prospect Street,Washington Street,Brooklyn,40.700741,-73.989732,42519812
Pulaski Street,Stuyvesant Avenue,Brooklyn,40.694089,-73.934274,42473217
Pulaski Street,Throop Avenue,Brooklyn,40.693092,-73.942944,42499167
Pulaski Street,Tompkins Avenue,Brooklyn,40.692765,-73.945787,42514359
Putnam Avenue,Ralph Avenue,Brooklyn,40.687079,-73.923543,42489071
Putnam Avenue,Ridgewood Place,Brooklyn,40.697499,-73.909513,42489099
Putnam Avenue,Stuyvesant Avenue,Brooklyn,40.68603,-73.932664,42473272
Putnam Avenue,Throop Avenue,Brooklyn,40.685031,-73.941351,42489056
Putnam Avenue,Tompkins Avenue,Brooklyn,40.684705,-73.944184,42489052
Putnam Avenue,Wilson Avenue,Brooklyn,40.693641,-73.913307,42489091
Quay Street,West Street,Brooklyn,40.72619,-73.958646,42503839
Quay Street,Wharf Drive,Brooklyn,40.726083,-73.959788,42503837
Quentin Road,Ryder Street,Brooklyn,40.616048,-73.934633,42470880
Quentin Road,Stillwell Avenue,Brooklyn,40.605115,-73.98685,42470929
Quentin Road,Stuart Street,Brooklyn,40.610399,-73.943366,42470818
Quentin Road,West 10th Street,Brooklyn,40.605508,-73.983077,42470939
Quentin Road,West 11th Street,Brooklyn,40.605403,-73.983998,42468824
Quentin Road,West 12th Street,Brooklyn,40.605324,-73.984926,42470933
Quentin Road,West 13th Street,Brooklyn,40.605222,-73.985853,42470931
Quentin Road,West 1st Street,Brooklyn,40.606459,-73.974588,42470962
Quentin Road,West 2nd Street,Brooklyn,40.606357,-73.975512,42466900
Quentin Road,West 3rd Street,Brooklyn,40.606255,-73.97644,42470961
Quentin Road,West 4th Street,Brooklyn,40.606153,-73.977366,42470959
Quentin Road,West 5th Street,Brooklyn,40.606051,-73.978295,42470958
Quentin Road,West 6th Street,Brooklyn,40.605941,-73.979291,42470956
Quentin Road,West 7th Street,Brooklyn,40.605834,-73.980292,3509309097
Quentin Road,West 8th Street,Brooklyn,40.605727,-73.981217,42470944
Quentin Road,West 9th Street,Brooklyn,40.605633,-73.982142,42470942
Quentin Street,Shore Boulevard,Brooklyn,40.580907,-73.936225,2325762809
Quincy Street,Ralph Avenue,Brooklyn,40.690015,-73.924129,42493901
Quincy Street,Stuyvesant Avenue,Brooklyn,40.688961,-73.93325,42473255
Quincy Street,Throop Avenue,Brooklyn,40.687962,-73.94193,42498872
Quincy Street,Tompkins Avenue,Brooklyn,40.687641,-73.944756,42498863
Ralph Avenue,Remsen Avenue,Brooklyn,40.653514,-73.92077,42468612
Ralph Avenue,Saint Johns Place,Brooklyn,40.670117,-73.922467,42494061
Ralph Avenue,Saint Marks Avenue,Brooklyn,40.673684,-73.922132,42494055
Ralph Avenue,Snyder Avenue,Brooklyn,40.650726,-73.920581,42460162
Ralph Avenue,Sterling Place,Brooklyn,40.671009,-73.922384,42475034
Ralph Avenue,Sumpter Street,Brooklyn,40.679744,-73.922118,42470011
Ralph Avenue,Sutter Avenue,Brooklyn,40.665348,-73.92232,42494069
Ralph Avenue,Tilden Avenue,Brooklyn,40.648779,-73.920375,42493947
Ralph Avenue,Union Street,Brooklyn,40.667365,-73.922727,42486302
Randolph Street,Scott Avenue,Brooklyn,40.710344,-73.922933,42464209
Randolph Street,Stewart Avenue,Brooklyn,40.709532,-73.926077,42502278
Randolph Street,Varick Avenue,Brooklyn,40.709123,-73.927657,5436391835
Reed Street,Van Brunt Street,Brooklyn,40.674681,-74.016019,42513244
Reeve Place,Sherman Street,Brooklyn,40.653441,-73.974276,42488458
Regent Place,Tilden Avenue,Brooklyn,40.646505,-73.958106,42460684
Remsen Avenue,Rutland Road,Brooklyn,40.660855,-73.928943,42468569/42468566
Remsen Avenue,School Lane,Brooklyn,40.642107,-73.908056,3581292193/42468650
Remsen Avenue,Seaview Avenue,Brooklyn,40.630384,-73.894987,42468690/1257569831
Remsen Avenue,Stillwell Place,Brooklyn,40.636094,-73.901363,42468671
Remsen Avenue,Winthrop Street,Brooklyn,40.658974,-73.926848,42468573/42468574
Renaissance Court,Stanwix Street,Brooklyn,40.699833,-73.934251,1275778373
Rewe Street,Vandervoort Avenue,Brooklyn,40.715588,-73.933981,42515026
Richards Street,Seabring Street,Brooklyn,40.680574,-74.006434,42504433
Richards Street,Sullivan Street,Brooklyn,40.676834,-74.010793,42502878
Richards Street,Van Dyke Street,Brooklyn,40.674683,-74.013265,8108535372
Richards Street,Verona Street,Brooklyn,40.67897,-74.008302,42504452
Richards Street,Visitation Place,Brooklyn,40.678435,-74.008921,3853846422
Richards Street,Wolcott Street,Brooklyn,40.676314,-74.011418,42504458
Richardson Street,Union Avenue,Brooklyn,40.718085,-73.952287,42511011
Richardson Street,Vandervoort Avenue,Brooklyn,40.720576,-73.936209,42511005
Richmond Street,Ridgewood Avenue,Brooklyn,40.684323,-73.877096,42478947
Ridge Boulevard,Senator Street,Brooklyn,40.638145,-74.028004,42507998
Ridge Boulevard,Shore Road,Brooklyn,40.617181,-74.038772,42470780
Ridge Boulevard,Wakeman Place,Brooklyn,40.639447,-74.026958,42462437
Ridgewood Avenue,Rockaway Boulevard,Brooklyn,40.68683,-73.867018,42837474
Ridgewood Avenue,Shepherd Avenue,Brooklyn,40.683134,-73.882584,42478932
Ridgewood Avenue,Warwick Street,Brooklyn,40.682318,-73.88813,42478913
Ridgewood Place,Woodbine Street,Brooklyn,40.698351,-73.911024,42490627
River Street,South 2nd Street,Brooklyn,40.71495,-73.967607,42469472
River Street,South 3rd Street,Brooklyn,40.714141,-73.967959,11249142497
River Street,South 4th Street,Brooklyn,40.713504,-73.968245,5980485761
River Street,South 5th Street,Brooklyn,40.712694,-73.968003,5782087172
Riverdale Avenue,Rockaway Avenue,Brooklyn,40.661014,-73.908524,42496235
Riverdale Avenue,Sackman Street,Brooklyn,40.66185,-73.902892,42496263
Riverdale Avenue,Saratoga Avenue,Brooklyn,40.660041,-73.915086,42476302
Riverdale Avenue,Sheffield Avenue,Brooklyn,40.66308,-73.894628,42496304
Riverdale Avenue,Snediker Avenue,Brooklyn,40.662399,-73.899211,42469287
Riverdale Avenue,Strauss Street,Brooklyn,40.660181,-73.914131,42496208
Riverdale Avenue,Thatford Avenue,Brooklyn,40.661156,-73.907585,42485255
Riverdale Avenue,Thomas S. Boyland Street,Brooklyn,40.660597,-73.911335,42496223
Riverdale Avenue,Van Siclen Avenue,Brooklyn,40.664015,-73.888181,42472342
Riverdale Avenue,Van Sinderen Avenue,Brooklyn,40.662269,-73.900042,42496278
Riverdale Avenue,Vermont Street,Brooklyn,40.663516,-73.891739,42496312
Riverdale Avenue,Watkins Street,Brooklyn,40.661429,-73.905743,42496246
Riverdale Avenue,Williams Avenue,Brooklyn,40.662673,-73.897369,42496292
Riverdale Avenue,Wyona Street,Brooklyn,40.663648,-73.89083,42478561
Robert L. Sklar Alley,Schenectady Avenue,Brooklyn,40.66404,-73.934349,3534079545
Rochester Avenue,Saint Johns Place,Brooklyn,40.67043,-73.928181,42533558
Rochester Avenue,Saint Marks Avenue,Brooklyn,40.673996,-73.92784,42522995
Rochester Avenue,Sterling Place,Brooklyn,40.671321,-73.928098,42475027
Rochester Avenue,Union Street,Brooklyn,40.667672,-73.928443,42486269
Rockaway Avenue,Rockaway Parkway,Brooklyn,40.647607,-73.905096,42512613
Rockaway Avenue,Somers Street,Brooklyn,40.678783,-73.910939,42475929
Rockaway Avenue,Sumpter Street,Brooklyn,40.68098,-73.911374,42470082
Rockaway Avenue,Sutter Avenue,Brooklyn,40.667164,-73.910095,42515050
Rockaway Parkway,Rockaway Parkway Bus Station,Brooklyn,40.645369,-73.902575,2307679621
Rockaway Parkway,Rutland Road,Brooklyn,40.664378,-73.923749,42497502
Rockaway Parkway,Schenck Street,Brooklyn,40.631458,-73.887079,1257570381/42512661
Rockaway Parkway,Seaview Avenue,Brooklyn,40.63379,-73.889681,42470156/1257569981/1257569855
Rockaway Parkway,Shore Parkway Service Road,Brooklyn,40.630815,-73.886373,42463529/1257569595
Rockaway Parkway,Skidmore Avenue,Brooklyn,40.632443,-73.88818,1257570210/42488885
Rockaway Parkway,Smith's Lane,Brooklyn,40.646139,-73.903442,42468716
Rockaway Parkway,Trucklemans Lane,Brooklyn,40.642978,-73.899913,42512634
Rockaway Parkway,Willmohr Street,Brooklyn,40.65785,-73.916475,42476278
Rockaway Parkway,Winthrop Street,Brooklyn,40.662744,-73.92193,42512579
Rodney Street,South 1st Street,Brooklyn,40.711322,-73.954619,42504290
Rodney Street,South 3rd Street,Brooklyn,40.709952,-73.95549,42474150
Rodney Street,South 4th Street,Brooklyn,40.70935,-73.955871,42520715
Rodney Street,South 5th Street,Brooklyn,40.708674,-73.956305,42514949
Rodney Street,South 9th Street,Brooklyn,40.707879,-73.956808,42474681
Rodney Street,Williamsburg Street East,Brooklyn,40.706143,-73.958126,42504256
Rodney Street,Wythe Avenue,Brooklyn,40.702803,-73.96341,42506402
Roebling Street,South 1st Street,Brooklyn,40.712792,-73.958652,42504285
Roebling Street,South 2nd Street,Brooklyn,40.712163,-73.959057,42526520
Roebling Street,South 3rd Street,Brooklyn,40.711424,-73.959533,42474131
Roebling Street,South 4th Street,Brooklyn,40.71078,-73.959955,4726244589/42526525
Roebling Street,South 8th Street,Brooklyn,40.709169,-73.960837,42501318
Roebling Street,South 9th Street,Brooklyn,40.708354,-73.96099,42474671
Roebling Street,Taylor Street,Brooklyn,40.707007,-73.961371,42514854
Roebling Street,Union Avenue,Brooklyn,40.718782,-73.952397,42512055
Roebling Street,Williamsburg Bridge Plaza,Brooklyn,40.709391,-73.960744,42505393
Rogers Avenue,Rutland Road,Brooklyn,40.659227,-73.953384,42497511
Rogers Avenue,Saint Johns Place,Brooklyn,40.671791,-73.953102,42526050
Rogers Avenue,Saint Marks Avenue,Brooklyn,40.675355,-73.952768,42522973
Rogers Avenue,Snyder Avenue,Brooklyn,40.648795,-73.95227,42502818
Rogers Avenue,Sterling Place,Brooklyn,40.672681,-73.953019,42474979
Rogers Avenue,Sterling Street,Brooklyn,40.662945,-73.953786,42520764
Rogers Avenue,Sullivan Place,Brooklyn,40.664514,-73.953787,42526054
Rogers Avenue,Tilden Avenue,Brooklyn,40.646771,-73.95205,42521072
Rogers Avenue,Union Street,Brooklyn,40.669115,-73.953353,42486239
Rogers Avenue,Winthrop Street,Brooklyn,40.656915,-73.953139,42522015
Roosevelt,Roosevelt Lane,Brooklyn,40.607977,-74.030796,42487257
Ross Street,Williamsburg Street West,Brooklyn,40.7068,-73.958543,598033029
Ross Street,Wythe Avenue,Brooklyn,40.703132,-73.9644,42506392
Royce Place,Royce Street,Brooklyn,40.624638,-73.910039,42510778
Ruby Street,Stanley Avenue,Brooklyn,40.666697,-73.859106,3590883394
Rugby Road,Waldorf Court,Brooklyn,40.631454,-73.963526,42485467
Rugby Road,Wellington Court,Brooklyn,40.630664,-73.963376,42490059
Rutland Road,Schenectady Avenue,Brooklyn,40.660415,-73.934231,42497535
Rutland Road,Troy Avenue,Brooklyn,40.660236,-73.937111,42493286
Rutland Road,Utica Avenue,Brooklyn,40.660596,-73.931342,42497552
Rutledge Street,Wythe Avenue,Brooklyn,40.700235,-73.95987,42506427
Ryerson Street,Willoughby Avenue,Brooklyn,40.691982,-73.964675,3191750032
Sackett Street,Smith Street,Brooklyn,40.682274,-73.99348,42478116
Sackett Street,Van Brunt Street,Brooklyn,40.685685,-74.004893,42478093/10741890030
Sackman Street,Somers Street,Brooklyn,40.679307,-73.906356,42474930
Sackman Street,Sutter Avenue,Brooklyn,40.667983,-73.904463,42515065
Sackman Street,Truxton Street,Brooklyn,40.678585,-73.906126,42468786
Saint Charles Place,Saint Johns Place,Brooklyn,40.672052,-73.955623,42469689
Saint Edwards Street,Willoughby Street,Brooklyn,40.691883,-73.977538,42494847
Saint Francis Place,Saint Johns Place,Brooklyn,40.672233,-73.956479,42498596
Saint Johns Place,Saratoga Avenue,Brooklyn,40.669832,-73.91712,42476324
Saint Johns Place,Schenectady Avenue,Brooklyn,40.670734,-73.933721,42516387
Saint Johns Place,Strauss Street,Brooklyn,40.669793,-73.916597,42514776
Saint Johns Place,Troy Avenue,Brooklyn,40.670886,-73.93649,42493249
Saint Johns Place,Underhill Avenue,Brooklyn,40.674412,-73.96694,42526342
Saint Johns Place,Utica Avenue,Brooklyn,40.670583,-73.930952,42520930
Saint Johns Place,Washington Avenue,Brooklyn,40.673584,-73.962953,42478455
Saint Jude Place,Seaview Avenue,Brooklyn,40.633285,-73.890508,42470153/1257570212
Saint Jude Place,Skidmore Avenue,Brooklyn,40.631488,-73.890275,42472242
Saint Marks Avenue,Saint Marks Place,Brooklyn,40.680852,-73.977451,42465238
Saint Marks Avenue,Saratoga Avenue,Brooklyn,40.67339,-73.916773,42476340
Saint Marks Avenue,Schenectady Avenue,Brooklyn,40.674302,-73.933383,42516366
Saint Marks Avenue,Thomas S. Boyland Street,Brooklyn,40.67324,-73.914004,42509425
Saint Marks Avenue,Troy Avenue,Brooklyn,40.674483,-73.936158,42523298
Saint Marks Avenue,Underhill Avenue,Brooklyn,40.677939,-73.965659,42522957
Saint Marks Avenue,Utica Avenue,Brooklyn,40.674147,-73.930615,42520926
Saint Marks Avenue,Vanderbilt Avenue,Brooklyn,40.678545,-73.968551,42469645
Saint Marks Avenue,Washington Avenue,Brooklyn,40.677527,-73.963709,42478438
Saint Marks Place,Wyckoff Street,Brooklyn,40.682783,-73.982423,42466259
Saint Nicholas Avenue,Scott Avenue,Brooklyn,40.707621,-73.921797,42474000
Saint Nicholas Avenue,Stanhope Street,Brooklyn,40.704553,-73.916609,42536742
Saint Nicholas Avenue,Starr Street,Brooklyn,40.707183,-73.921055,42516314
Saint Nicholas Avenue,Stockholm Street,Brooklyn,40.704992,-73.91735,42537507
Saint Nicholas Avenue,Suydam Street,Brooklyn,40.706305,-73.919574,42506560
Saint Nicholas Avenue,Troutman Street,Brooklyn,40.707621,-73.921797,42474000
Saint Nicholas Avenue,Willoughby Avenue,Brooklyn,40.706744,-73.920315,42492389
Saint Pauls Court,Saint Pauls Place,Brooklyn,40.650701,-73.962645,42516824
Saint Pauls Place,Woodruff Avenue,Brooklyn,40.653262,-73.963812,42516815
Sandford Street,Warsoff Place,Brooklyn,40.697099,-73.953853,42471849
Sandford Street,Willoughby Avenue,Brooklyn,40.693308,-73.953098,42492328
Sands Street,Sands Street Bike Path,Brooklyn,40.69979,-73.982947,42521949/598050847
Saratoga Avenue,Sumpter Street,Brooklyn,40.680371,-73.916689,42470075
Saratoga Avenue,Sutter Avenue,Brooklyn,40.666188,-73.916658,42476292
Sassafras Avenue,Vine Avenue,Brooklyn,40.64962,-73.984668,756246910
Schaefer Street,Wilson Avenue,Brooklyn,40.690219,-73.907292,42496790
Schenck Avenue,Schenck Street,Brooklyn,40.655616,-73.879782,1273032452
Schenck Avenue,Stanley Avenue,Brooklyn,40.659794,-73.882916,42524690
Schenck Avenue,Sutter Avenue,Brooklyn,40.670462,-73.887869,42515102
Schenck Avenue,Wortman Avenue,Brooklyn,40.658308,-73.881826,42523603
Schenck Street,Skidmore Place,Brooklyn,40.628658,-73.892094,42501779
Schenck Street,Vandalia Avenue,Brooklyn,40.655085,-73.879355,7888207046/7888207047
Schenectady Avenue,Snyder Avenue,Brooklyn,40.649937,-73.93312,42502846
Schenectady Avenue,Sterling Place,Brooklyn,40.671626,-73.933635,42475013
Schenectady Avenue,Tilden Avenue,Brooklyn,40.648002,-73.932914,42516414
Schenectady Avenue,Union Street,Brooklyn,40.667976,-73.933982,42486260
Schenectady Avenue,Winthrop Street,Brooklyn,40.658114,-73.933999,42516395
Schermerhorn Street,Smith Street,Brooklyn,40.689863,-73.988286,42492213
Scholes Street,Scott Avenue,Brooklyn,40.712428,-73.923847,42474020
Scholes Street,South 3rd Street,Brooklyn,40.708167,-73.95066,42474162
Scholes Street,Stewart Avenue,Brooklyn,40.711613,-73.926997,42511148
Scholes Street,Union Avenue,Brooklyn,40.708167,-73.95066,42474162
Scholes Street,Varick Avenue,Brooklyn,40.711208,-73.928571,42505695
Scholes Street,Waterbury Street,Brooklyn,40.709378,-73.937096,42474044
Schroeders Avenue,Schroeders Walk,Brooklyn,40.656919,-73.868265,3550779110
Schroeders Avenue,Van Siclen Avenue,Brooklyn,40.649336,-73.878448,42472310
Schroeders Avenue,Walker Street,Brooklyn,40.653769,-73.875591,6411331096
Schum Avenue,Walke Avenue,Brooklyn,40.612869,-74.028087,42522233
Scott Avenue,Troutman Street,Brooklyn,40.707621,-73.921797,42474000
Sea Breeze Avenue,Surf Avenue,Brooklyn,40.575217,-73.968781,1167470882/42481516/1167469682
Sea Breeze Avenue,West 1st Street,Brooklyn,40.575583,-73.96992,42481518
Sea Breeze Avenue,West 2nd Street,Brooklyn,40.575791,-73.970774,42466879
Sea Breeze Avenue,West 5th Street,Brooklyn,40.57605,-73.97302,42481520
Sea Gate Avenue,Surf Avenue,Brooklyn,40.574486,-74.005146,42467950
Seabring Street,Van Brunt Street,Brooklyn,40.681592,-74.007925,42528031
Seaview Avenue,Van Siclen Avenue,Brooklyn,40.646124,-73.876125,452385742
Seawall Avenue,Shore Boulevard,Brooklyn,40.580954,-73.93261,42487033
Sedgwick Place,Wakeman Place,Brooklyn,40.64033,-74.02842,42498655
Seeley Street,Temple Court,Brooklyn,40.655363,-73.974299,42480985
Seigel Court,Seigel Street,Brooklyn,40.705177,-73.936002,42479990
Seigel Street,White Street,Brooklyn,40.705319,-73.935248,42521993
Seton Place,Webster Avenue,Brooklyn,40.630592,-73.975504,42486041
Sheepshead Bay Road,Shore Parkway,Brooklyn,40.584628,-73.951065,42480688/42480230
Sheepshead Bay Road,Voorhies Avenue,Brooklyn,40.585939,-73.951903,42519447
Sheepshead Bay Road,West 6th Street,Brooklyn,40.578905,-73.97483,2328486883/42482639
Sheepshead Bay Road,West 8th Street,Brooklyn,40.579247,-73.976267,42514618/8400869518
Sheffield Avenue,Stanley Avenue,Brooklyn,40.656616,-73.890264,42511325
Sheffield Avenue,Sutter Avenue,Brooklyn,40.669227,-73.896198,42511299
Sheffield Avenue,Wortman Avenue,Brooklyn,40.655132,-73.889163,42511329
Shell Road,Shore Parkway,Brooklyn,40.582866,-73.974564,7968905579/10767156877/10767156882/10767156883/42480600
Shell Road,West 6th Street,Brooklyn,40.582508,-73.974474,42480600
Shell Road,West 8th Street,Brooklyn,40.57988,-73.976213,42504968/8400807146
Shepherd Avenue,Stanley Avenue,Brooklyn,40.662943,-73.875569,42517236
Shepherd Avenue,Sutter Avenue,Brooklyn,40.671598,-73.880178,42515121
Shepherd Avenue,Wortman Avenue,Brooklyn,40.661459,-73.87447,42517239
Sheridan Avenue,South Conduit Boulevard,Brooklyn,40.675778,-73.866269,598629582
Sheridan Avenue,Stanley Avenue,Brooklyn,40.665994,-73.863871,42529277
Sheridan Avenue,Sutter Avenue,Brooklyn,40.673682,-73.865759,42482712
Sheridan Avenue,Wortman Avenue,Brooklyn,40.664472,-73.863492,42523639
Sherman Street,Terrace Place,Brooklyn,40.656007,-73.974783,42498561
Ship Ways Avenue,West Street,Brooklyn,40.702295,-73.979763,42531557
Ship Ways Avenue,West Way,Brooklyn,40.70216,-73.978958,42504383
Shore Boulevard,West End Avenue,Brooklyn,40.58175,-73.953834,42520773
Shore Parkway,Voorhies Avenue,Brooklyn,40.585718,-73.953925,5540289612/42461767
Shore Parkway,West 17th Street,Brooklyn,40.583644,-73.985697,7966649433
Shore Parkway,West 22nd Street,Brooklyn,40.584312,-73.988749,598784355
Shore Parkway,West 2nd Street,Brooklyn,40.58383,-73.970841,42463482
Shore Parkway,West 3rd Street,Brooklyn,40.583664,-73.971766,42480208
Shore Parkway,West 6th Street,Brooklyn,40.582508,-73.974474,42480600
Shore Parkway,West Avenue,Brooklyn,40.582737,-73.97321,42475898
Shore Parkway,West Street,Brooklyn,40.584081,-73.969007,42480218
Shore Parkway Bike Path,Shore Road Greenway,Brooklyn,40.61081,-74.036592,454394674
Shore Parkway North,Stillwell Avenue,Brooklyn,40.583777,-73.982811,42480200
Shore Parkway North,West 15th Street,Brooklyn,40.583979,-73.983875,42480199
Shore Parkway North,West 16th Street,Brooklyn,40.58419,-73.984832,42480198
Shore Road,Shore Road Drive,Brooklyn,40.641479,-74.03169,451663017
Shore Road,Shore Road Greenway,Brooklyn,40.639304,-74.035747,2548137068/10000890455
Shore Road,Shore Road Lane,Brooklyn,40.626689,-74.040661,42470687
Shore Road,Wakeman Place,Brooklyn,40.640797,-74.029201,42470492
Sidney Place,State Street,Brooklyn,40.69118,-73.995064,42517467
Skidmore Avenue,Skidmore Place,Brooklyn,40.629108,-73.892272,42488877
Skillman Avenue,Vandervoort Avenue,Brooklyn,40.717838,-73.934982,42524622
Skillman Avenue,Woodpoint Road,Brooklyn,40.716178,-73.942081,42491529
Skillman Street,Willoughby Avenue,Brooklyn,40.692884,-73.956773,42492114
Sloan Place,West Street,Brooklyn,40.598652,-73.971761,42486629
Slocum Place,Stratford Road,Brooklyn,40.641819,-73.968328,42475840
Slocum Place,Westminster Road,Brooklyn,40.64192,-73.9674,42501761
Smith Street,State Street,Brooklyn,40.689246,-73.988722,42492216
Smith Street,Union Street,Brooklyn,40.681641,-73.993913,42486341
Smith Street,Warren Street,Brooklyn,40.685448,-73.991332,42484011
Smith Street,West 9th Street,Brooklyn,40.674732,-73.997771,42488411
Smith Street,Wyckoff Street,Brooklyn,40.686082,-73.990903,42492242
Snediker Avenue,Stanley Avenue,Brooklyn,40.65381,-73.896782,42469302
Snediker Avenue,Sutter Avenue,Brooklyn,40.668547,-73.900783,42469274
Snyder Avenue,Troy Avenue,Brooklyn,40.649759,-73.936002,42493162
Snyder Avenue,Utica Avenue,Brooklyn,40.650119,-73.93021,42502851
Snyder Avenue,Veronica Place,Brooklyn,40.64877,-73.952822,42502814
Snyder Avenue,Woods Place,Brooklyn,40.648689,-73.9548,42502808
South 10th Street,Wythe Avenue,Brooklyn,40.708343,-73.967242,42506344
South 11th Street,Wythe Avenue,Brooklyn,40.707637,-73.967383,42494563
South 1st Street,Union Avenue,Brooklyn,40.709991,-73.950956,42504297
South 1st Street,Wythe Avenue,Brooklyn,40.715053,-73.964801,42504278
South 2nd Street,Union Avenue,Brooklyn,40.709211,-73.950828,42490951
South 2nd Street,Wythe Avenue,Brooklyn,40.71429,-73.965142,42506329
South 3rd Street,Union Avenue,Brooklyn,40.708167,-73.95066,42474162
South 3rd Street,Wythe Avenue,Brooklyn,40.713484,-73.965503,42474099
South 4th Street,South 5th Place,Brooklyn,40.710999,-73.960558,4726242987/42467551
South 4th Street,Union Avenue,Brooklyn,40.70743,-73.950536,42520569
South 4th Street,Wythe Avenue,Brooklyn,40.712872,-73.965769,42506331
South 5th Place,South 5th Street,Brooklyn,40.710497,-73.960939,8842464593/42467554
South 5th Place,Williamsburg Bridge Bikepath,Brooklyn,40.710466,-73.960937,8842464593
South 5th Street,Union Avenue,Brooklyn,40.706653,-73.950406,42514959
South 5th Street,Williamsburg Bridge Bikepath,Brooklyn,40.710466,-73.960937,8842464593
South 5th Street,Wythe Avenue,Brooklyn,40.712057,-73.966143,42506332
South 6th Street,Wythe Avenue,Brooklyn,40.711368,-73.966444,42468738
South 8th Street,Wythe Avenue,Brooklyn,40.709865,-73.966949,42501307
South 9th Street,Wythe Avenue,Brooklyn,40.709054,-73.967104,42474660
South Conduit Avenue,South Conduit Boulevard,Brooklyn,40.674193,-73.861597,598700939
South Conduit Boulevard,Sutter Avenue,Brooklyn,40.674243,-73.861799,598633363
South Street,Washington Avenue,Brooklyn,40.69795,-73.96773,42464542
Southgate Court,Stryker Street,Brooklyn,40.590989,-73.972876,42518888
Southgate Court,West 1st Street,Brooklyn,40.59116,-73.971288,42518892
Southwood Avenue,Vale Avenue,Brooklyn,40.651123,-73.99306,757489135
Southwood Avenue,Woodside Path,Brooklyn,40.651443,-73.992934,6791696735
Spencer Court,Spencer Street,Brooklyn,40.691015,-73.954464,42498645
Spencer Street,Willoughby Avenue,Brooklyn,40.693102,-73.95488,42492325
Spruce Avenue,Sylvan Avenue,Brooklyn,40.653727,-74.000349,756246952
Spruce Avenue,Tulip Avenue,Brooklyn,40.650518,-73.997389,756246906
Stagg Street,Stewart Avenue,Brooklyn,40.71229,-73.927304,42516154
Stagg Street,Union Avenue,Brooklyn,40.708803,-73.95076,42520572
Stagg Street,Varick Avenue,Brooklyn,40.711887,-73.928877,42505696
Stagg Street,Waterbury Street,Brooklyn,40.710091,-73.937209,42474048
Stanhope Street,Wilson Avenue,Brooklyn,40.698772,-73.922328,42496674
Stanhope Street,Wyckoff Avenue,Brooklyn,40.703405,-73.917777,42512110
Stanley Avenue,Van Siclen Avenue,Brooklyn,40.659061,-73.884582,42472328
Stanley Avenue,Vermont Street,Brooklyn,40.657683,-73.887786,42511427
Stanley Avenue,Williams Avenue,Brooklyn,40.65449,-73.895223,42500288
Starr Street,Wilson Avenue,Brooklyn,40.701334,-73.926838,42496656
Starr Street,Wyckoff Avenue,Brooklyn,40.706124,-73.922136,42512097
State Street,Willow Place,Brooklyn,40.692087,-73.998339,42464553
Sterling Drive,Stonewall Jackson Drive,Brooklyn,40.606307,-74.029619,42501738
Sterling Place,Troy Avenue,Brooklyn,40.671774,-73.936406,42475008
Sterling Place,Underhill Avenue,Brooklyn,40.675302,-73.966613,42474968
Sterling Place,Utica Avenue,Brooklyn,40.671474,-73.930868,42475021
Sterling Place,Vanderbilt Avenue,Brooklyn,40.675906,-73.969498,42469653
Sterling Place,Virginia Place,Brooklyn,40.671974,-73.940062,42474997
Sterling Place,Washington Avenue,Brooklyn,40.674573,-73.963137,42474970
Sterling Street,Washington Avenue,Brooklyn,40.662506,-73.96086,42478478
Steuben Street,Williamsburg Street West,Brooklyn,40.696575,-73.963699,42471739
Steuben Street,Willoughby Avenue,Brooklyn,40.692203,-73.962817,9987897710
Stewart Avenue,Ten Eyck Street,Brooklyn,40.71364,-73.927906,42496935
Stewart Avenue,Thomas Street,Brooklyn,40.725826,-73.933344,42516108
Stillwell Avenue,Surf Avenue,Brooklyn,40.575572,-73.98122,42503153
Stillwell Avenue,West 15th Place,Brooklyn,40.586203,-73.983267,42486885
Stockholm Street,Wilson Avenue,Brooklyn,40.699205,-73.923079,42496668
Stockholm Street,Wyckoff Avenue,Brooklyn,40.703858,-73.918504,42512105
Stockton Street,Tompkins Avenue,Brooklyn,40.696447,-73.946518,42514347
Stoddard Place,Sullivan Place,Brooklyn,40.664377,-73.956033,42488890
Story Court,Story Street,Brooklyn,40.642556,-73.981567,42473319
Stratford Road,Turner Place,Brooklyn,40.645487,-73.969023,42475830
Strauss Street,Sutter Avenue,Brooklyn,40.666331,-73.915703,42515041
Stryker Court,Stryker Street,Brooklyn,40.591701,-73.972779,42494826
Stryker Court,West 1st Street,Brooklyn,40.591839,-73.971419,42494827
Stryker Street,Village Road South,Brooklyn,40.59382,-73.972478,42509606
Stryker Street,West 3rd Street,Brooklyn,40.590246,-73.972983,42519346
Stuart Street,Whitney Avenue,Brooklyn,40.598973,-73.930634,42480412
Stuyvesant Avenue,Van Buren Street,Brooklyn,40.691159,-73.933689,42473239
Stuyvesant Avenue,Vernon Avenue,Brooklyn,40.696287,-73.934712,42473207
Stuyvesant Avenue,Willoughby Avenue,Brooklyn,40.695553,-73.934567,42473213
Sullivan Place,Washington Avenue,Brooklyn,40.664063,-73.961108,42478474
Sullivan Street,Van Brunt Street,Brooklyn,40.677863,-74.012304,42502879
Summit Avenue,Vale Avenue,Brooklyn,40.65079,-73.993725,757488526
Summit Street,Van Brunt Street,Brooklyn,40.683208,-74.00606,42488507
Sumpter Street,Thomas S. Boyland Street,Brooklyn,40.680677,-73.914028,42470079
Sunnyside Avenue,Sunnyside Court,Brooklyn,40.682955,-73.889293,42537668
Sunnyside Avenue,Vermont Street,Brooklyn,40.680118,-73.895981,42511380
Surf Avenue,West 10th Street,Brooklyn,40.575441,-73.977882,42495095
Surf Avenue,West 12th Street,Brooklyn,40.575543,-73.979649,42503388
Surf Avenue,West 15th Street,Brooklyn,40.575526,-73.982324,42503399
Surf Avenue,West 16th Street,Brooklyn,40.575429,-73.98342,42503409
Surf Avenue,West 17th Street,Brooklyn,40.575304,-73.984518,42503415
Surf Avenue,West 19th Street,Brooklyn,40.575159,-73.985567,42503419
Surf Avenue,West 20th Street,Brooklyn,40.574895,-73.986599,42503427
Surf Avenue,West 21st Street,Brooklyn,40.574596,-73.987629,42467677
Surf Avenue,West 22nd Street,Brooklyn,40.574301,-73.988689,42503435
Surf Avenue,West 23rd Street,Brooklyn,40.57401,-73.989687,42503441
Surf Avenue,West 24th Street,Brooklyn,40.573718,-73.990716,1773311781
Surf Avenue,West 25th Street,Brooklyn,40.573437,-73.99174,1773311782
Surf Avenue,West 27th Street,Brooklyn,40.573203,-73.992784,1773311779
Surf Avenue,West 28th Street,Brooklyn,40.573018,-73.993829,1773311775
Surf Avenue,West 29th Street,Brooklyn,40.572881,-73.994903,1773311780
Surf Avenue,West 30th Street,Brooklyn,40.572797,-73.995957,42503454
Surf Avenue,West 31st Street,Brooklyn,40.572754,-73.997025,42478885
Surf Avenue,West 32nd Street,Brooklyn,40.572767,-73.998098,1773311776
Surf Avenue,West 33rd Street,Brooklyn,40.572827,-73.999187,1773311774
Surf Avenue,West 35th Street,Brooklyn,40.572943,-74.000307,1773311777
Surf Avenue,West 36th Street,Brooklyn,40.573114,-74.001418,1773311783
Surf Avenue,West 37th Street,Brooklyn,40.573347,-74.002565,1773311778
Surf Avenue,West 5th Street,Brooklyn,40.574808,-73.973457,9391176018/9387171045
Surf Avenue,West 8th Street,Brooklyn,40.575316,-73.976604,8400869517
Sutter Avenue,Tapscott Street,Brooklyn,40.665639,-73.920447,42460715
Sutter Avenue,Thomas S. Boyland Street,Brooklyn,40.666746,-73.91291,42509472
Sutter Avenue,Union Street,Brooklyn,40.66549,-73.921368,42486287
Sutter Avenue,Van Siclen Avenue,Brooklyn,40.670193,-73.889676,42472359
Sutter Avenue,Van Sinderen Avenue,Brooklyn,40.668412,-73.901657,2547411482
Sutter Avenue,Vermont Street,Brooklyn,40.669654,-73.893312,42511401
Sutter Avenue,Warwick Street,Brooklyn,40.670859,-73.885195,42485161
Sutter Avenue,Williams Avenue,Brooklyn,40.668819,-73.898941,42500261
Sutter Avenue,Wyona Street,Brooklyn,40.669791,-73.892395,42478550
Suydam Street,Wilson Avenue,Brooklyn,40.700481,-73.925329,42496660
Suydam Street,Wyckoff Avenue,Brooklyn,40.705216,-73.920684,42506555
Sycamore Avenue,Willow Avenue,Brooklyn,40.656863,-73.99495,757467920
Taaffe Place,Willoughby Avenue,Brooklyn,40.69253,-73.959844,42492315
Taylor Street,Wythe Avenue,Brooklyn,40.704273,-73.965665,42506371
Taylor Street,Wythe Place,Brooklyn,40.704762,-73.964903,42485072
Ten Eyck Street,Union Avenue,Brooklyn,40.709513,-73.950875,42496941
Ten Eyck Street,Varick Avenue,Brooklyn,40.713237,-73.929478,42496931
Ten Eyck Street,Waterbury Street,Brooklyn,40.711182,-73.937682,42474051
Terrace Bridge,Wellhouse Drive,Brooklyn,40.658286,-73.9686,42510058
Thames Street,Vandervoort Place,Brooklyn,40.705097,-73.930632,42520106
Thames Street,Varick Avenue,Brooklyn,40.705751,-73.926645,42505684
Thanatopsis,Thanatopsis South,Brooklyn,40.689998,-73.87333,775973923
Thanatopsis,Via Dolorosa,Brooklyn,40.689529,-73.874419,6106911261
Thanatopsis South,Woodhull Way,Brooklyn,40.690464,-73.872248,775974179
Thomas Street,Varick Avenue,Brooklyn,40.725476,-73.93491,42505679
Thornton Street,Throop Avenue,Brooklyn,40.700548,-73.944408,42467503
Throop Avenue,Van Buren Street,Brooklyn,40.69016,-73.942365,42499180
Throop Avenue,Vernon Avenue,Brooklyn,40.69529,-73.943379,42499161
Throop Avenue,Wallabout Street,Brooklyn,40.702784,-73.946907,42492006
Throop Avenue,Walton Street,Brooklyn,40.703351,-73.947539,42475331
Throop Avenue,Whipple Street,Brooklyn,40.701091,-73.945014,42499146
Throop Avenue,Willoughby Avenue,Brooklyn,40.694559,-73.943234,42492342
Tilden Avenue,Utica Avenue,Brooklyn,40.648192,-73.93,42520973
Tilden Avenue,Veronica Place,Brooklyn,40.646744,-73.952683,42521068
Tompkins Avenue,Van Buren Street,Brooklyn,40.68984,-73.945198,42514369
Tompkins Avenue,Vernon Avenue,Brooklyn,40.694962,-73.946223,42514354
Tompkins Avenue,Willoughby Avenue,Brooklyn,40.69423,-73.946078,42492340
Troutman Street,Wilson Avenue,Brooklyn,40.701762,-73.927588,42496653
Troutman Street,Wyckoff Avenue,Brooklyn,40.706576,-73.922863,42512094
Troy Avenue,Union Street,Brooklyn,40.668128,-73.936749,42486256
Troy Avenue,Winthrop Street,Brooklyn,40.657937,-73.936863,42493299
Truxton Street,Van Sinderen Avenue,Brooklyn,40.678882,-73.903559,4970873186
Union Avenue,Wallabout Street,Brooklyn,40.700593,-73.950289,42492001
Union Avenue,Walton Street,Brooklyn,40.701579,-73.950274,42475325
Union Avenue,Withers Street,Brooklyn,40.716666,-73.952049,42505929
Union Street,Utica Avenue,Brooklyn,40.667825,-73.931214,42486265
Union Street,Van Brunt Street,Brooklyn,40.68501,-74.005207,10741890032/42486313
Union Street,Winthrop Street,Brooklyn,40.66329,-73.921017,2307901684
Utica Avenue,Winthrop Street,Brooklyn,40.658295,-73.931081,42520965
Valley Road,Woodhull Way,Brooklyn,40.693439,-73.870582,775973880
Van Brunt Street,Van Dyke Street,Brooklyn,40.675731,-74.014803,42529915
Van Brunt Street,Verona Street,Brooklyn,40.679991,-74.009805,42516187
Van Brunt Street,Visitation Place,Brooklyn,40.679465,-74.010423,42467396
Van Brunt Street,Wolcott Street,Brooklyn,40.677334,-74.012923,42518700
Van Sicklen Street,Village Road South,Brooklyn,40.594122,-73.975407,42509598
Van Sicklen Street,Wolf Place,Brooklyn,40.593436,-73.975502,42480801
Van Siclen Avenue,Vandalia Avenue,Brooklyn,40.653544,-73.881574,1273032354/42472318
Van Siclen Avenue,Wortman Avenue,Brooklyn,40.657591,-73.883491,42472325
Vandalia Avenue,Walker Street,Brooklyn,40.654603,-73.876062,452384203/452384279
Vanderbilt Avenue,Willoughby Avenue,Brooklyn,40.691564,-73.969521,42469615
Vandervoort Avenue,Withers Street,Brooklyn,40.719224,-73.935599,42505924
Varet Street,White Street,Brooklyn,40.703935,-73.934791,42509037
Varick Avenue,Varick Street,Brooklyn,40.725907,-73.935398,42476680
Vermont Street,Wortman Avenue,Brooklyn,40.656205,-73.886689,42511431
Via Dolorosa,West Dolorosa,Brooklyn,40.691142,-73.875719,6106911251
Village Court,Village Road South,Brooklyn,40.593848,-73.972806,42478892
Village Road East,Village Road North,Brooklyn,40.596369,-73.971533,42506661
Village Road East,Village Road South,Brooklyn,40.593775,-73.971989,42506675
Village Road East,West 1st Street,Brooklyn,40.594353,-73.971897,42506672
Village Road East,West Street,Brooklyn,40.596353,-73.971329,42506657
Village Road South,West 1st Street,Brooklyn,40.593756,-73.971782,42509615
Walke Avenue,White Avenue,Brooklyn,40.612452,-74.027248,42511812
Wallabout Road,Welding Road,Brooklyn,40.702222,-73.966451,4758931803
Wallabout Street,Walton Street,Brooklyn,40.700285,-73.952174,42475320
Wallabout Street,Wythe Avenue,Brooklyn,40.699415,-73.959004,7722348499
Walworth Street,Willoughby Avenue,Brooklyn,40.693205,-73.953989,42490733
Warwick Street,Wortman Avenue,Brooklyn,40.659364,-73.879373,42485124
Washington Avenue,Willoughby Avenue,Brooklyn,40.691756,-73.966566,42478381
Washington Avenue,Wilson Street,Brooklyn,40.702011,-73.967512,4758928102
Washington Park,Willoughby Avenue,Brooklyn,40.691707,-73.97354,42492298
Washington Plaza Lane 1,Washington Plaza Lane 2,Brooklyn,40.709662,-73.960034,2307215740
Washington Plaza Lane 1,Washington Plaza Lane 3,Brooklyn,40.709662,-73.960034,2307215740
Washington Plaza Lane 1,Washington Plaza Lane 4,Brooklyn,40.709662,-73.960034,2307215740
Washington Plaza Lane 1,Washington Plaza Lane 5,Brooklyn,40.709662,-73.960034,2307215740
Washington Plaza Lane 1,Williamsburg Bridge Plaza,Brooklyn,40.709662,-73.960034,2307215740
Washington Plaza Lane 1,Williamsburg Bridge Plaza Lane 1,Brooklyn,40.709628,-73.959405,9968370398
Washington Plaza Lane 2,Washington Plaza Lane 3,Brooklyn,40.709662,-73.960034,2307215740
Washington Plaza Lane 2,Washington Plaza Lane 4,Brooklyn,40.709662,-73.960034,2307215740
Washington Plaza Lane 2,Washington Plaza Lane 5,Brooklyn,40.709662,-73.960034,2307215740
Washington Plaza Lane 2,Williamsburg Bridge Plaza,Brooklyn,40.709573,-73.959641,2307215739/2307215740
Washington Plaza Lane 3,Washington Plaza Lane 4,Brooklyn,40.709662,-73.960034,2307215740
Washington Plaza Lane 3,Washington Plaza Lane 5,Brooklyn,40.709662,-73.960034,2307215740
Washington Plaza Lane 3,Williamsburg Bridge Plaza,Brooklyn,40.709544,-73.959662,2307215746/2307215740
Washington Plaza Lane 4,Washington Plaza Lane 5,Brooklyn,40.709662,-73.960034,2307215740
Washington Plaza Lane 4,Williamsburg Bridge Plaza,Brooklyn,40.709504,-73.959685,2307215731/2307215740
Washington Plaza Lane 5,Williamsburg Bridge Plaza,Brooklyn,40.709465,-73.959702,2307215728/2307215740
Washington Street,Water Street,Brooklyn,40.703201,-73.98958,42469336
Washington Street,York Street,Brooklyn,40.701634,-73.989681,248607283
Waverly Avenue,Willoughby Avenue,Brooklyn,40.691643,-73.967531,42487066
Weirfield Street,Wilson Avenue,Brooklyn,40.69193,-73.910298,42490685
Wellhouse Drive,West Drive,Brooklyn,40.655276,-73.972153,42487822
West 15th Place,West 15th Street,Brooklyn,40.586087,-73.984253,42486883
West 1st Street,West Brighton Avenue,Brooklyn,40.576429,-73.969723,42519786/42519775
West 2nd Place,West 2nd Street,Brooklyn,40.577906,-73.970297,42466871
West 2nd Place,West 3rd Street,Brooklyn,40.578008,-73.971172,42504794
West 2nd Street,West Brighton Avenue,Brooklyn,40.576506,-73.970613,42466873/42466876
West 3rd Street,West Brighton Avenue,Brooklyn,40.576688,-73.971487,42519368
West 5th Street,West Avenue,Brooklyn,40.582025,-73.971132,3659285264
West 5th Street,West Brighton Avenue,Brooklyn,40.576712,-73.972815,9391189096/42509142
West 5th Street,Wolf Place,Brooklyn,40.593391,-73.975898,42480797
West 6th Street,Wolf Place,Brooklyn,40.593277,-73.976895,42480793
West Street,Wharf Plaza,Brooklyn,40.726959,-73.958776,11249691302
West Street,Whitney Place,Brooklyn,40.597944,-73.97163,42507956
Wharf Drive,Wharf Plaza,Brooklyn,40.726634,-73.960011,11099032980
Will Place,Williams Avenue,Brooklyn,40.655652,-73.895572,42484436
Williamsburg Bridge Bike Path,Williamsburg Bridge Bikepath,Brooklyn,40.710603,-73.961611,592627485
Williamsburg Bridge Plaza,Williamsburg Bridge Plaza Lane 1,Brooklyn,40.709541,-73.959156,2307215729
Williamsburg Street East,Wythe Avenue,Brooklyn,40.701125,-73.960854,42504249
Williamsburg Street West,Wythe Avenue,Brooklyn,40.701668,-73.961446,42464239
Willoughby Avenue,Wilson Avenue,Brooklyn,40.70091,-73.926083,42492396
Willoughby Avenue,Wyckoff Avenue,Brooklyn,40.70567,-73.92141,42492387
Wilson Avenue,Woodbine Street,Brooklyn,40.694497,-73.914808,42496752
Wilson Street,Wythe Avenue,Brooklyn,40.703719,-73.965045,42475777
Wilson Street,Wythe Place,Brooklyn,40.704201,-73.96428,42475759
Withers Street,Woodpoint Road,Brooklyn,40.717697,-73.94127,42491524
