type,count
earth-years-admin-4,0.5458475083577384
earth-years-admin-2,1.2936462106885305
earth-years-admin-3,0.4474738143622678
earth-years-admin-1,0.41297413229975827
